<?xml version="1.0" encoding="UTF-8"?>
<kml xmlns="http://www.opengis.net/kml/2.2">
  <Document>
    <name>Highland-University transit to grocery</name>
    <description>Saint Paul Highland-University transit and grocery map</description>
    <Style id="icon-1899-0288D1-normal">
      <IconStyle>
        <color>ffd18802</color>
        <scale>1</scale>
        <Icon>
          <href>https://www.gstatic.com/mapspro/images/stock/503-wht-blank_maps.png</href>
        </Icon>
        <hotSpot x="32" xunits="pixels" y="64" yunits="insetPixels"/>
      </IconStyle>
      <LabelStyle>
        <scale>0</scale>
      </LabelStyle>
    </Style>
    <Style id="icon-1899-0288D1-highlight">
      <IconStyle>
        <color>ffd18802</color>
        <scale>1</scale>
        <Icon>
          <href>https://www.gstatic.com/mapspro/images/stock/503-wht-blank_maps.png</href>
        </Icon>
        <hotSpot x="32" xunits="pixels" y="64" yunits="insetPixels"/>
      </IconStyle>
      <LabelStyle>
        <scale>1</scale>
      </LabelStyle>
    </Style>
    <StyleMap id="icon-1899-0288D1">
      <Pair>
        <key>normal</key>
        <styleUrl>#icon-1899-0288D1-normal</styleUrl>
      </Pair>
      <Pair>
        <key>highlight</key>
        <styleUrl>#icon-1899-0288D1-highlight</styleUrl>
      </Pair>
    </StyleMap>
    <Style id="line-0288D1-3519-normal">
      <LineStyle>
        <color>ffd18802</color>
        <width>3.519</width>
      </LineStyle>
    </Style>
    <Style id="line-0288D1-3519-highlight">
      <LineStyle>
        <color>ffd18802</color>
        <width>5.2785</width>
      </LineStyle>
    </Style>
    <StyleMap id="line-0288D1-3519">
      <Pair>
        <key>normal</key>
        <styleUrl>#line-0288D1-3519-normal</styleUrl>
      </Pair>
      <Pair>
        <key>highlight</key>
        <styleUrl>#line-0288D1-3519-highlight</styleUrl>
      </Pair>
    </StyleMap>
    <Style id="line-0F9D58-3325-normal">
      <LineStyle>
        <color>ff589d0f</color>
        <width>3.325</width>
      </LineStyle>
    </Style>
    <Style id="line-0F9D58-3325-highlight">
      <LineStyle>
        <color>ff589d0f</color>
        <width>4.9875</width>
      </LineStyle>
    </Style>
    <StyleMap id="line-0F9D58-3325">
      <Pair>
        <key>normal</key>
        <styleUrl>#line-0F9D58-3325-normal</styleUrl>
      </Pair>
      <Pair>
        <key>highlight</key>
        <styleUrl>#line-0F9D58-3325-highlight</styleUrl>
      </Pair>
    </StyleMap>
    <Style id="line-E65100-1000-normal">
      <LineStyle>
        <color>ff0051e6</color>
        <width>1</width>
      </LineStyle>
    </Style>
    <Style id="line-E65100-1000-highlight">
      <LineStyle>
        <color>ff0051e6</color>
        <width>1.5</width>
      </LineStyle>
    </Style>
    <StyleMap id="line-E65100-1000">
      <Pair>
        <key>normal</key>
        <styleUrl>#line-E65100-1000-normal</styleUrl>
      </Pair>
      <Pair>
        <key>highlight</key>
        <styleUrl>#line-E65100-1000-highlight</styleUrl>
      </Pair>
    </StyleMap>
    <Style id="line-E65100-1200-normal">
      <LineStyle>
        <color>ff0051e6</color>
        <width>1.2</width>
      </LineStyle>
    </Style>
    <Style id="line-E65100-1200-highlight">
      <LineStyle>
        <color>ff0051e6</color>
        <width>1.8</width>
      </LineStyle>
    </Style>
    <StyleMap id="line-E65100-1200">
      <Pair>
        <key>normal</key>
        <styleUrl>#line-E65100-1200-normal</styleUrl>
      </Pair>
      <Pair>
        <key>highlight</key>
        <styleUrl>#line-E65100-1200-highlight</styleUrl>
      </Pair>
    </StyleMap>
    <Style id="line-F9A825-3325-normal">
      <LineStyle>
        <color>ff25a8f9</color>
        <width>3.325</width>
      </LineStyle>
    </Style>
    <Style id="line-F9A825-3325-highlight">
      <LineStyle>
        <color>ff25a8f9</color>
        <width>4.9875</width>
      </LineStyle>
    </Style>
    <StyleMap id="line-F9A825-3325">
      <Pair>
        <key>normal</key>
        <styleUrl>#line-F9A825-3325-normal</styleUrl>
      </Pair>
      <Pair>
        <key>highlight</key>
        <styleUrl>#line-F9A825-3325-highlight</styleUrl>
      </Pair>
    </StyleMap>
    <Folder>
      <name>grocery_stores.csv</name>
      <Placemark>
        <name><![CDATA[Kowalski's Markets]]></name>
        <address>1261 Grand Ave, St Paul, MN 55105</address>
        <description><![CDATA[address: 1261 Grand Ave, St Paul, MN 55105<br>description: Full-service upscale grocer with butcher, bakery, deli, and Starbucks]]></description>
        <styleUrl>#icon-1899-0288D1</styleUrl>
        <ExtendedData>
          <Data name="address">
            <value>1261 Grand Ave, St Paul, MN 55105</value>
          </Data>
          <Data name="description">
            <value>Full-service upscale grocer with butcher, bakery, deli, and Starbucks</value>
          </Data>
        </ExtendedData>
      </Placemark>
      <Placemark>
        <name><![CDATA[Trader Joe's]]></name>
        <address>484 Lexington Pkwy S, St Paul, MN 55105</address>
        <description><![CDATA[address: 484 Lexington Pkwy S, St Paul, MN 55105<br>description: Specialty grocer with strong organic and prepared foods selection]]></description>
        <styleUrl>#icon-1899-0288D1</styleUrl>
        <ExtendedData>
          <Data name="address">
            <value>484 Lexington Pkwy S, St Paul, MN 55105</value>
          </Data>
          <Data name="description">
            <value>Specialty grocer with strong organic and prepared foods selection</value>
          </Data>
        </ExtendedData>
      </Placemark>
      <Placemark>
        <name><![CDATA[Oxendale's Market]]></name>
        <address>1326 Randolph Ave, St Paul, MN 55105</address>
        <description><![CDATA[address: 1326 Randolph Ave, St Paul, MN 55105<br>description: Independent neighborhood grocer with excellent meat counter]]></description>
        <styleUrl>#icon-1899-0288D1</styleUrl>
        <ExtendedData>
          <Data name="address">
            <value>1326 Randolph Ave, St Paul, MN 55105</value>
          </Data>
          <Data name="description">
            <value>Independent neighborhood grocer with excellent meat counter</value>
          </Data>
        </ExtendedData>
      </Placemark>
      <Placemark>
        <name>Mississippi Market Co-op</name>
        <address>622 Selby Ave, St Paul, MN 55104</address>
        <description><![CDATA[address: 622 Selby Ave, St Paul, MN 55104<br>description: Natural foods co-op on Selby Ave]]></description>
        <styleUrl>#icon-1899-0288D1</styleUrl>
        <ExtendedData>
          <Data name="address">
            <value>622 Selby Ave, St Paul, MN 55104</value>
          </Data>
          <Data name="description">
            <value>Natural foods co-op on Selby Ave</value>
          </Data>
        </ExtendedData>
      </Placemark>
      <Placemark>
        <name>Whole Foods Market</name>
        <address>1575 Selby Ave, St Paul, MN 55104</address>
        <description><![CDATA[address: 1575 Selby Ave, St Paul, MN 55104<br>description: Premium natural foods grocer near Snelling Ave]]></description>
        <styleUrl>#icon-1899-0288D1</styleUrl>
        <ExtendedData>
          <Data name="address">
            <value>1575 Selby Ave, St Paul, MN 55104</value>
          </Data>
          <Data name="description">
            <value>Premium natural foods grocer near Snelling Ave</value>
          </Data>
        </ExtendedData>
      </Placemark>
      <Placemark>
        <name>ALDI</name>
        <address>1134 University Ave W, St Paul, MN 55104</address>
        <description><![CDATA[address: 1134 University Ave W, St Paul, MN 55104<br>description: Budget discount grocer on the Green Line]]></description>
        <styleUrl>#icon-1899-0288D1</styleUrl>
        <ExtendedData>
          <Data name="address">
            <value>1134 University Ave W, St Paul, MN 55104</value>
          </Data>
          <Data name="description">
            <value>Budget discount grocer on the Green Line</value>
          </Data>
        </ExtendedData>
      </Placemark>
      <Placemark>
        <name>Target</name>
        <address>1300 University Ave W, St Paul, MN 55104</address>
        <description><![CDATA[address: 1300 University Ave W, St Paul, MN 55104<br>description: Large-format Target with full grocery section on the Green Line]]></description>
        <styleUrl>#icon-1899-0288D1</styleUrl>
        <ExtendedData>
          <Data name="address">
            <value>1300 University Ave W, St Paul, MN 55104</value>
          </Data>
          <Data name="description">
            <value>Large-format Target with full grocery section on the Green Line</value>
          </Data>
        </ExtendedData>
      </Placemark>
      <Placemark>
        <name>Shuang Hur Supermarket</name>
        <address>654 University Ave W, St Paul, MN 55104</address>
        <description><![CDATA[address: 654 University Ave W, St Paul, MN 55104<br>description: Large pan-Asian grocery with exceptional seafood and produce]]></description>
        <styleUrl>#icon-1899-0288D1</styleUrl>
        <ExtendedData>
          <Data name="address">
            <value>654 University Ave W, St Paul, MN 55104</value>
          </Data>
          <Data name="description">
            <value>Large pan-Asian grocery with exceptional seafood and produce</value>
          </Data>
        </ExtendedData>
      </Placemark>
      <Placemark>
        <name>Phil Oriental Imports</name>
        <address>789 University Ave W, St Paul, MN 55104</address>
        <description><![CDATA[address: 789 University Ave W, St Paul, MN 55104<br>description: Filipino grocery and deli with weekend buffet]]></description>
        <styleUrl>#icon-1899-0288D1</styleUrl>
        <ExtendedData>
          <Data name="address">
            <value>789 University Ave W, St Paul, MN 55104</value>
          </Data>
          <Data name="description">
            <value>Filipino grocery and deli with weekend buffet</value>
          </Data>
        </ExtendedData>
      </Placemark>
      <Placemark>
        <name><![CDATA[Choua's Market]]></name>
        <address>995 University Ave W, St Paul, MN 55104</address>
        <description><![CDATA[address: 995 University Ave W, St Paul, MN 55104<br>description: Small Hmong grocery with dry goods, snacks, and frozen items]]></description>
        <styleUrl>#icon-1899-0288D1</styleUrl>
        <ExtendedData>
          <Data name="address">
            <value>995 University Ave W, St Paul, MN 55104</value>
          </Data>
          <Data name="description">
            <value>Small Hmong grocery with dry goods, snacks, and frozen items</value>
          </Data>
        </ExtendedData>
      </Placemark>
      <Placemark>
        <name>Mi Linda Tierra</name>
        <address>461 University Ave W, St Paul, MN 55103</address>
        <description><![CDATA[address: 461 University Ave W, St Paul, MN 55103<br>description: Peruvian and Latin specialty grocery with imported ingredients]]></description>
        <styleUrl>#icon-1899-0288D1</styleUrl>
        <ExtendedData>
          <Data name="address">
            <value>461 University Ave W, St Paul, MN 55103</value>
          </Data>
          <Data name="description">
            <value>Peruvian and Latin specialty grocery with imported ingredients</value>
          </Data>
        </ExtendedData>
      </Placemark>
      <Placemark>
        <name><![CDATA[Ashama Grocery & Meat]]></name>
        <address>St Paul, MN 55104</address>
        <description><![CDATA[address: St Paul, MN 55104<br>description: 804 University Ave W]]></description>
        <styleUrl>#icon-1899-0288D1</styleUrl>
        <ExtendedData>
          <Data name="address">
            <value>St Paul, MN 55104</value>
          </Data>
          <Data name="description">
            <value>804 University Ave W</value>
          </Data>
        </ExtendedData>
      </Placemark>
      <Placemark>
        <name>Addis Market</name>
        <address>515 Snelling Ave N, St Paul, MN 55104</address>
        <description><![CDATA[address: 515 Snelling Ave N, St Paul, MN 55104<br>description: Ethiopian grocery specializing in spices, injera, teff, and coffee]]></description>
        <styleUrl>#icon-1899-0288D1</styleUrl>
        <ExtendedData>
          <Data name="address">
            <value>515 Snelling Ave N, St Paul, MN 55104</value>
          </Data>
          <Data name="description">
            <value>Ethiopian grocery specializing in spices, injera, teff, and coffee</value>
          </Data>
        </ExtendedData>
      </Placemark>
      <Placemark>
        <name><![CDATA[St Paul Grocery & Halal Market]]></name>
        <address>St Paul, MN 55104</address>
        <description><![CDATA[address: St Paul, MN 55104<br>description: 470 Lexington Pkwy N]]></description>
        <styleUrl>#icon-1899-0288D1</styleUrl>
        <ExtendedData>
          <Data name="address">
            <value>St Paul, MN 55104</value>
          </Data>
          <Data name="description">
            <value>470 Lexington Pkwy N</value>
          </Data>
        </ExtendedData>
      </Placemark>
      <Placemark>
        <name>Golden Fig Fine Foods</name>
        <address>794 Grand Ave, St Paul, MN 55105</address>
        <description><![CDATA[address: 794 Grand Ave, St Paul, MN 55105<br>description: Gourmet grocery store with artisan foods, baked goods, cookbooks & a locavore philosophy.]]></description>
        <styleUrl>#icon-1899-0288D1</styleUrl>
        <ExtendedData>
          <Data name="address">
            <value>794 Grand Ave, St Paul, MN 55105</value>
          </Data>
          <Data name="description">
            <value><![CDATA[Gourmet grocery store with artisan foods, baked goods, cookbooks & a locavore philosophy.]]></value>
          </Data>
        </ExtendedData>
      </Placemark>
    </Folder>
    <Folder>
      <name>Metro_Transit_Routes</name>
      <Placemark>
        <name>65</name>
        <description><![CDATA[description: <br>OBJECTID: 93<br>route: 65<br>routesort: 65<br>RouteDescription: Dale St - Co Rd B - Rosedale<br>RouteOperator: P<br>EffectiveDate: 2026/03/14 00:00:00+00<br>payleavedirectionid: 0<br>routepayleave: 0<br>RouteClass: SupportLoc<br>IsPublic: 1<br>wk_ftrip: 04:59:00<br>wk_ltrip: 00:44:00<br>wk_span: 19:45:00<br>wk_trip_freq: 65<br>sat_ftrip: 04:40:00<br>sat_ltrip: 00:28:00<br>sat_span: 19:48:00<br>sat_trip_freq: 68<br>sun_ftrip: 04:38:00<br>sun_ltrip: 00:38:00<br>sun_span: 20:00:00<br>sun_trip_freq: 40<br>Shape__Length: 22609.5595709421]]></description>
        <styleUrl>#line-E65100-1000</styleUrl>
        <ExtendedData>
          <Data name="description">
            <value/>
          </Data>
          <Data name="OBJECTID">
            <value>93</value>
          </Data>
          <Data name="route">
            <value>65</value>
          </Data>
          <Data name="routesort">
            <value>65</value>
          </Data>
          <Data name="RouteDescription">
            <value>Dale St - Co Rd B - Rosedale</value>
          </Data>
          <Data name="RouteOperator">
            <value>P</value>
          </Data>
          <Data name="EffectiveDate">
            <value>2026/03/14 00:00:00+00</value>
          </Data>
          <Data name="payleavedirectionid">
            <value>0</value>
          </Data>
          <Data name="routepayleave">
            <value>0</value>
          </Data>
          <Data name="RouteClass">
            <value>SupportLoc</value>
          </Data>
          <Data name="IsPublic">
            <value>1</value>
          </Data>
          <Data name="wk_ftrip">
            <value>04:59:00</value>
          </Data>
          <Data name="wk_ltrip">
            <value>00:44:00</value>
          </Data>
          <Data name="wk_span">
            <value>19:45:00</value>
          </Data>
          <Data name="wk_trip_freq">
            <value>65</value>
          </Data>
          <Data name="sat_ftrip">
            <value>04:40:00</value>
          </Data>
          <Data name="sat_ltrip">
            <value>00:28:00</value>
          </Data>
          <Data name="sat_span">
            <value>19:48:00</value>
          </Data>
          <Data name="sat_trip_freq">
            <value>68</value>
          </Data>
          <Data name="sun_ftrip">
            <value>04:38:00</value>
          </Data>
          <Data name="sun_ltrip">
            <value>00:38:00</value>
          </Data>
          <Data name="sun_span">
            <value>20:00:00</value>
          </Data>
          <Data name="sun_trip_freq">
            <value>40</value>
          </Data>
          <Data name="Shape__Length">
            <value>22609.5595709421</value>
          </Data>
        </ExtendedData>
        <MultiGeometry>
          <LineString>
            <tessellate>1</tessellate>
            <coordinates>
              -93.126202,44.941316,0
              -93.126063,44.941316,0
              -93.12402,44.941317,0
              -93.124014,44.940642,0
              -93.123991,44.940575,0
              -93.123961,44.940509,0
              -93.123924,44.940445,0
              -93.123879,44.940384,0
              -93.123828,44.940325,0
              -93.12377,44.94027,0
              -93.123706,44.940217,0
              -93.123637,44.940169,0
              -93.123657,44.939921,0
              -93.126199,44.939918,0
              -93.1262,44.940171,0
              -93.126202,44.941316,0
            </coordinates>
          </LineString>
          <LineString>
            <tessellate>1</tessellate>
            <coordinates>
              -93.126202,44.941316,0
              -93.126211,44.941804,0
              -93.126219,44.942264,0
            </coordinates>
          </LineString>
          <LineString>
            <tessellate>1</tessellate>
            <coordinates>
              -93.126219,44.942264,0
              -93.12622,44.942367,0
              -93.126232,44.943154,0
              -93.126235,44.943381,0
            </coordinates>
          </LineString>
          <LineString>
            <tessellate>1</tessellate>
            <coordinates>
              -93.126235,44.943381,0
              -93.126241,44.943813,0
              -93.126244,44.944039,0
            </coordinates>
          </LineString>
          <LineString>
            <tessellate>1</tessellate>
            <coordinates>
              -93.126244,44.944039,0
              -93.126249,44.944386,0
            </coordinates>
          </LineString>
          <LineString>
            <tessellate>1</tessellate>
            <coordinates>
              -93.126249,44.944386,0
              -93.126257,44.944933,0
              -93.126264,44.945401,0
              -93.126269,44.94576,0
            </coordinates>
          </LineString>
          <LineString>
            <tessellate>1</tessellate>
            <coordinates>
              -93.126269,44.94576,0
              -93.126279,44.946473,0
              -93.126281,44.94657,0
            </coordinates>
          </LineString>
          <LineString>
            <tessellate>1</tessellate>
            <coordinates>
              -93.126281,44.94657,0
              -93.126293,44.947395,0
            </coordinates>
          </LineString>
          <LineString>
            <tessellate>1</tessellate>
            <coordinates>
              -93.126293,44.947395,0
              -93.126308,44.948423,0
              -93.126309,44.948528,0
            </coordinates>
          </LineString>
          <LineString>
            <tessellate>1</tessellate>
            <coordinates>
              -93.126309,44.948528,0
              -93.126311,44.948859,0
            </coordinates>
          </LineString>
          <LineString>
            <tessellate>1</tessellate>
            <coordinates>
              -93.126311,44.948859,0
              -93.126314,44.949331,0
              -93.126314,44.949432,0
            </coordinates>
          </LineString>
          <LineString>
            <tessellate>1</tessellate>
            <coordinates>
              -93.126314,44.949432,0
              -93.12632,44.950336,0
            </coordinates>
          </LineString>
          <LineString>
            <tessellate>1</tessellate>
            <coordinates>
              -93.12632,44.950336,0
              -93.12627,44.95036,0
              -93.126176,44.951131,0
              -93.126171,44.951176,0
              -93.126171,44.951277,0
              -93.126167,44.951634,0
              -93.126165,44.951809,0
              -93.126162,44.952125,0
              -93.126164,44.952644,0
              -93.126191,44.952877,0
              -93.126183,44.953033,0
              -93.126191,44.953921,0
              -93.126194,44.95421,0
              -93.126199,44.954812,0
              -93.126216,44.955649,0
              -93.126216,44.955725,0
              -93.126216,44.955779,0
              -93.126215,44.956063,0
              -93.126215,44.956225,0
              -93.126305,44.956625,0
            </coordinates>
          </LineString>
          <LineString>
            <tessellate>1</tessellate>
            <coordinates>
              -93.126305,44.956625,0
              -93.126319,44.957418,0
              -93.126321,44.957533,0
            </coordinates>
          </LineString>
          <LineString>
            <tessellate>1</tessellate>
            <coordinates>
              -93.126321,44.957533,0
              -93.126317,44.95843,0
            </coordinates>
          </LineString>
          <LineString>
            <tessellate>1</tessellate>
            <coordinates>
              -93.126317,44.95843,0
              -93.12626,44.958564,0
              -93.126215,44.959203,0
              -93.126205,44.959337,0
              -93.126273,44.960121,0
              -93.12633,44.960249,0
            </coordinates>
          </LineString>
          <LineString>
            <tessellate>1</tessellate>
            <coordinates>
              -93.12633,44.960249,0
              -93.126336,44.961049,0
              -93.126337,44.96115,0
            </coordinates>
          </LineString>
          <LineString>
            <tessellate>1</tessellate>
            <coordinates>
              -93.126337,44.96115,0
              -93.126333,44.962049,0
            </coordinates>
          </LineString>
          <LineString>
            <tessellate>1</tessellate>
            <coordinates>
              -93.126333,44.962049,0
              -93.126289,44.962154,0
              -93.126246,44.962807,0
              -93.126237,44.962955,0
              -93.126251,44.965751,0
              -93.126254,44.966309,0
              -93.12614,44.967465,0
              -93.126172,44.968255,0
              -93.126176,44.968365,0
              -93.126181,44.969943,0
              -93.126278,44.970168,0
            </coordinates>
          </LineString>
          <LineString>
            <tessellate>1</tessellate>
            <coordinates>
              -93.126278,44.970168,0
              -93.126213,44.970306,0
              -93.126228,44.970475,0
              -93.126254,44.970766,0
              -93.12636,44.971017,0
            </coordinates>
          </LineString>
          <LineString>
            <tessellate>1</tessellate>
            <coordinates>
              -93.12636,44.971017,0
              -93.12636,44.971517,0
              -93.12636,44.971723,0
              -93.12636,44.971878,0
              -93.12636,44.971969,0
              -93.126359,44.972663,0
              -93.126358,44.973182,0
              -93.126358,44.97373,0
              -93.126358,44.973765,0
            </coordinates>
          </LineString>
          <LineString>
            <tessellate>1</tessellate>
            <coordinates>
              -93.126358,44.973765,0
              -93.126356,44.975295,0
            </coordinates>
          </LineString>
          <LineString>
            <tessellate>1</tessellate>
            <coordinates>
              -93.126356,44.975295,0
              -93.126356,44.975501,0
              -93.126356,44.975598,0
            </coordinates>
          </LineString>
          <LineString>
            <tessellate>1</tessellate>
            <coordinates>
              -93.126356,44.975598,0
              -93.126355,44.976461,0
            </coordinates>
          </LineString>
          <LineString>
            <tessellate>1</tessellate>
            <coordinates>
              -93.126355,44.976461,0
              -93.126354,44.977253,0
              -93.126354,44.977362,0
            </coordinates>
          </LineString>
          <LineString>
            <tessellate>1</tessellate>
            <coordinates>
              -93.126354,44.977362,0
              -93.126318,44.979062,0
              -93.126316,44.97916,0
            </coordinates>
          </LineString>
          <LineString>
            <tessellate>1</tessellate>
            <coordinates>
              -93.126316,44.97916,0
              -93.126304,44.979845,0
            </coordinates>
          </LineString>
          <LineString>
            <tessellate>1</tessellate>
            <coordinates>
              -93.126304,44.979845,0
              -93.126287,44.980841,0
              -93.126284,44.98097,0
            </coordinates>
          </LineString>
          <LineString>
            <tessellate>1</tessellate>
            <coordinates>
              -93.126284,44.98097,0
              -93.126251,44.982671,0
              -93.12625,44.982742,0
            </coordinates>
          </LineString>
          <LineString>
            <tessellate>1</tessellate>
            <coordinates>
              -93.12625,44.982742,0
              -93.126217,44.984487,0
              -93.126215,44.984577,0
            </coordinates>
          </LineString>
          <LineString>
            <tessellate>1</tessellate>
            <coordinates>
              -93.126215,44.984577,0
              -93.12619,44.986136,0
            </coordinates>
          </LineString>
          <LineString>
            <tessellate>1</tessellate>
            <coordinates>
              -93.12619,44.986136,0
              -93.126187,44.986286,0
            </coordinates>
          </LineString>
          <LineString>
            <tessellate>1</tessellate>
            <coordinates>
              -93.126187,44.986286,0
              -93.126187,44.986299,0
              -93.126186,44.986376,0
            </coordinates>
          </LineString>
          <LineString>
            <tessellate>1</tessellate>
            <coordinates>
              -93.126186,44.986376,0
              -93.126173,44.987177,0
              -93.126165,44.987653,0
            </coordinates>
          </LineString>
          <LineString>
            <tessellate>1</tessellate>
            <coordinates>
              -93.126165,44.987653,0
              -93.126156,44.988216,0
            </coordinates>
          </LineString>
          <LineString>
            <tessellate>1</tessellate>
            <coordinates>
              -93.126156,44.988216,0
              -93.126144,44.989031,0
              -93.126143,44.98908,0
            </coordinates>
          </LineString>
          <LineString>
            <tessellate>1</tessellate>
            <coordinates>
              -93.126143,44.98908,0
              -93.126114,44.990862,0
            </coordinates>
          </LineString>
          <LineString>
            <tessellate>1</tessellate>
            <coordinates>
              -93.126114,44.990862,0
              -93.126102,44.991632,0
              -93.126099,44.991794,0
            </coordinates>
          </LineString>
          <LineString>
            <tessellate>1</tessellate>
            <coordinates>
              -93.126099,44.991794,0
              -93.126097,44.992338,0
            </coordinates>
          </LineString>
          <LineString>
            <tessellate>1</tessellate>
            <coordinates>
              -93.126097,44.992338,0
              -93.12609,44.995374,0
              -93.126079,44.997026,0
              -93.126072,44.998057,0
              -93.126081,44.998955,0
            </coordinates>
          </LineString>
          <LineString>
            <tessellate>1</tessellate>
            <coordinates>
              -93.126081,44.998955,0
              -93.126097,45.000467,0
              -93.126099,45.000576,0
            </coordinates>
          </LineString>
          <LineString>
            <tessellate>1</tessellate>
            <coordinates>
              -93.126099,45.000576,0
              -93.126108,45.001356,0
            </coordinates>
          </LineString>
          <LineString>
            <tessellate>1</tessellate>
            <coordinates>
              -93.126108,45.001356,0
              -93.126111,45.001781,0
              -93.126115,45.002009,0
            </coordinates>
          </LineString>
          <LineString>
            <tessellate>1</tessellate>
            <coordinates>
              -93.126115,45.002009,0
              -93.12612,45.002501,0
              -93.126121,45.002552,0
            </coordinates>
          </LineString>
          <LineString>
            <tessellate>1</tessellate>
            <coordinates>
              -93.126121,45.002552,0
              -93.126122,45.00264,0
              -93.126137,45.003976,0
            </coordinates>
          </LineString>
          <LineString>
            <tessellate>1</tessellate>
            <coordinates>
              -93.126137,45.003976,0
              -93.126146,45.004752,0
              -93.126146,45.004798,0
            </coordinates>
          </LineString>
          <LineString>
            <tessellate>1</tessellate>
            <coordinates>
              -93.126146,45.004798,0
              -93.126161,45.006151,0
            </coordinates>
          </LineString>
          <LineString>
            <tessellate>1</tessellate>
            <coordinates>
              -93.126161,45.006151,0
              -93.126552,45.006156,0
              -93.127402,45.006167,0
            </coordinates>
          </LineString>
          <LineString>
            <tessellate>1</tessellate>
            <coordinates>
              -93.127402,45.006167,0
              -93.128091,45.006176,0
              -93.131019,45.006213,0
              -93.131222,45.006215,0
            </coordinates>
          </LineString>
          <LineString>
            <tessellate>1</tessellate>
            <coordinates>
              -93.131222,45.006215,0
              -93.131878,45.006223,0
            </coordinates>
          </LineString>
          <LineString>
            <tessellate>1</tessellate>
            <coordinates>
              -93.131878,45.006223,0
              -93.136122,45.006277,0
            </coordinates>
          </LineString>
          <LineString>
            <tessellate>1</tessellate>
            <coordinates>
              -93.136122,45.006277,0
              -93.136281,45.006279,0
            </coordinates>
          </LineString>
          <LineString>
            <tessellate>1</tessellate>
            <coordinates>
              -93.136281,45.006279,0
              -93.142903,45.006372,0
              -93.143015,45.006373,0
            </coordinates>
          </LineString>
          <LineString>
            <tessellate>1</tessellate>
            <coordinates>
              -93.143015,45.006373,0
              -93.14616,45.006417,0
              -93.146414,45.006421,0
            </coordinates>
          </LineString>
          <LineString>
            <tessellate>1</tessellate>
            <coordinates>
              -93.146414,45.006421,0
              -93.151376,45.00635,0
              -93.151508,45.006348,0
            </coordinates>
          </LineString>
          <LineString>
            <tessellate>1</tessellate>
            <coordinates>
              -93.151508,45.006348,0
              -93.152777,45.00633,0
            </coordinates>
          </LineString>
          <LineString>
            <tessellate>1</tessellate>
            <coordinates>
              -93.152777,45.00633,0
              -93.153889,45.006314,0
              -93.154053,45.006311,0
            </coordinates>
          </LineString>
          <LineString>
            <tessellate>1</tessellate>
            <coordinates>
              -93.154053,45.006311,0
              -93.156314,45.006279,0
              -93.156599,45.006275,0
            </coordinates>
          </LineString>
          <LineString>
            <tessellate>1</tessellate>
            <coordinates>
              -93.156599,45.006275,0
              -93.159261,45.006249,0
            </coordinates>
          </LineString>
          <LineString>
            <tessellate>1</tessellate>
            <coordinates>
              -93.159261,45.006249,0
              -93.159457,45.006247,0
            </coordinates>
          </LineString>
          <LineString>
            <tessellate>1</tessellate>
            <coordinates>
              -93.159457,45.006247,0
              -93.159728,45.006245,0
              -93.16046,45.006237,0
            </coordinates>
          </LineString>
          <LineString>
            <tessellate>1</tessellate>
            <coordinates>
              -93.16046,45.006237,0
              -93.161691,45.006225,0
            </coordinates>
          </LineString>
          <LineString>
            <tessellate>1</tessellate>
            <coordinates>
              -93.161691,45.006225,0
              -93.162941,45.006213,0
              -93.163106,45.006211,0
            </coordinates>
          </LineString>
          <LineString>
            <tessellate>1</tessellate>
            <coordinates>
              -93.163106,45.006211,0
              -93.164481,45.006198,0
            </coordinates>
          </LineString>
          <LineString>
            <tessellate>1</tessellate>
            <coordinates>
              -93.164481,45.006198,0
              -93.165966,45.006183,0
              -93.166159,45.006181,0
            </coordinates>
          </LineString>
          <LineString>
            <tessellate>1</tessellate>
            <coordinates>
              -93.166159,45.006181,0
              -93.16637,45.006177,0
            </coordinates>
          </LineString>
          <LineString>
            <tessellate>1</tessellate>
            <coordinates>
              -93.16637,45.006177,0
              -93.166348,45.007815,0
              -93.166365,45.00981,0
              -93.166363,45.010056,0
              -93.166362,45.01036,0
              -93.166361,45.010659,0
              -93.16637,45.010841,0
              -93.166389,45.011023,0
              -93.166416,45.011204,0
              -93.166452,45.011384,0
              -93.166497,45.011564,0
              -93.166552,45.011742,0
              -93.166629,45.011977,0
              -93.166696,45.012214,0
              -93.166754,45.012452,0
              -93.166801,45.012692,0
              -93.166839,45.012932,0
              -93.16686,45.013118,0
              -93.166875,45.013341,0
              -93.166886,45.013492,0
            </coordinates>
          </LineString>
          <LineString>
            <tessellate>1</tessellate>
            <coordinates>
              -93.166886,45.013492,0
              -93.166995,45.013532,0
              -93.167087,45.013573,0
            </coordinates>
          </LineString>
          <LineString>
            <tessellate>1</tessellate>
            <coordinates>
              -93.167087,45.013573,0
              -93.167391,45.013712,0
              -93.168105,45.014106,0
              -93.168394,45.014265,0
            </coordinates>
          </LineString>
          <LineString>
            <tessellate>1</tessellate>
            <coordinates>
              -93.168394,45.014265,0
              -93.168493,45.014315,0
              -93.168598,45.014236,0
              -93.169135,45.013751,0
              -93.16908,45.013689,0
              -93.169017,45.013631,0
              -93.168946,45.013577,0
              -93.16887,45.013528,0
              -93.168168,45.013129,0
              -93.168112,45.013084,0
              -93.168062,45.013036,0
              -93.168019,45.012984,0
              -93.167981,45.012931,0
              -93.168477,45.012517,0
              -93.168572,45.012438,0
              -93.168381,45.012357,0
              -93.16808,45.012225,0
              -93.167945,45.012164,0
              -93.167892,45.012219,0
              -93.167847,45.012278,0
              -93.167811,45.012339,0
              -93.167785,45.012403,0
              -93.167768,45.012469,0
              -93.167762,45.012536,0
              -93.167765,45.012602,0
              -93.167778,45.012668,0
              -93.167838,45.012826,0
              -93.167894,45.012973,0
              -93.167904,45.012991,0
              -93.16794,45.01305,0
              -93.167984,45.013105,0
              -93.168034,45.013158,0
              -93.168091,45.013207,0
              -93.168154,45.013253,0
              -93.168222,45.013294,0
              -93.16857,45.013468,0
              -93.168851,45.013683,0
              -93.168887,45.013769,0
              -93.168855,45.013843,0
              -93.168752,45.013934,0
              -93.16849,45.014182,0
              -93.168394,45.014265,0
            </coordinates>
          </LineString>
          <LineString>
            <tessellate>1</tessellate>
            <coordinates>
              -93.166886,45.013492,0
              -93.166919,45.013974,0
              -93.166918,45.014027,0
              -93.166907,45.014079,0
              -93.166888,45.014131,0
              -93.166859,45.01418,0
              -93.166823,45.014226,0
              -93.166778,45.014269,0
              -93.166727,45.014307,0
              -93.166669,45.014341,0
              -93.166605,45.014369,0
              -93.166537,45.014391,0
              -93.166466,45.014408,0
              -93.166393,45.014418,0
              -93.166318,45.014421,0
              -93.16625,45.014418,0
              -93.166183,45.014408,0
              -93.166118,45.014393,0
              -93.166056,45.014372,0
              -93.165999,45.014345,0
              -93.165948,45.014313,0
              -93.165902,45.014277,0
              -93.165864,45.014237,0
              -93.165833,45.014194,0
              -93.16581,45.014148,0
              -93.165796,45.014101,0
              -93.165791,45.014052,0
              -93.165794,45.014004,0
              -93.165973,45.013604,0
              -93.166006,45.013533,0
              -93.166144,45.013232,0
              -93.166258,45.013313,0
              -93.16662,45.013413,0
              -93.166886,45.013492,0
            </coordinates>
          </LineString>
          <LineString>
            <tessellate>1</tessellate>
            <coordinates>
              -93.168394,45.014265,0
              -93.168097,45.014504,0
              -93.168042,45.014543,0
              -93.167981,45.014578,0
              -93.167915,45.014606,0
              -93.167843,45.014628,0
              -93.167769,45.014644,0
              -93.167692,45.014653,0
              -93.167628,45.014653,0
              -93.167565,45.014646,0
              -93.167504,45.014632,0
              -93.167447,45.014613,0
              -93.167393,45.014588,0
              -93.167346,45.014558,0
              -93.167305,45.014523,0
              -93.167271,45.014484,0
              -93.167246,45.014443,0
              -93.167229,45.014399,0
              -93.16722,45.014354,0
              -93.167093,45.01377,0
              -93.167087,45.013573,0
            </coordinates>
          </LineString>
          <LineString>
            <tessellate>1</tessellate>
            <coordinates>
              -93.167087,45.013573,0
              -93.167076,45.013423,0
              -93.167055,45.013228,0
              -93.167025,45.013035,0
              -93.166986,45.012842,0
              -93.16694,45.01265,0
              -93.16687,45.012456,0
              -93.166808,45.01226,0
              -93.166755,45.012064,0
              -93.16671,45.011866,0
              -93.166674,45.011667,0
              -93.166647,45.011467,0
              -93.166628,45.011267,0
              -93.166618,45.011067,0
              -93.166617,45.010867,0
              -93.166624,45.010666,0
              -93.166619,45.01036,0
              -93.166613,45.010054,0
              -93.166608,45.009768,0
              -93.166604,45.007661,0
              -93.166592,45.006175,0
              -93.16637,45.006177,0
            </coordinates>
          </LineString>
          <LineString>
            <tessellate>1</tessellate>
            <coordinates>
              -93.166159,45.006181,0
              -93.164481,45.006198,0
            </coordinates>
          </LineString>
          <LineString>
            <tessellate>1</tessellate>
            <coordinates>
              -93.164481,45.006198,0
              -93.163438,45.006208,0
              -93.163106,45.006211,0
            </coordinates>
          </LineString>
          <LineString>
            <tessellate>1</tessellate>
            <coordinates>
              -93.163106,45.006211,0
              -93.161691,45.006225,0
            </coordinates>
          </LineString>
          <LineString>
            <tessellate>1</tessellate>
            <coordinates>
              -93.16046,45.006237,0
              -93.159457,45.006247,0
            </coordinates>
          </LineString>
          <LineString>
            <tessellate>1</tessellate>
            <coordinates>
              -93.159457,45.006247,0
              -93.159391,45.006248,0
              -93.159261,45.006249,0
            </coordinates>
          </LineString>
          <LineString>
            <tessellate>1</tessellate>
            <coordinates>
              -93.159261,45.006249,0
              -93.156866,45.006272,0
              -93.156599,45.006275,0
            </coordinates>
          </LineString>
          <LineString>
            <tessellate>1</tessellate>
            <coordinates>
              -93.156599,45.006275,0
              -93.154173,45.00631,0
              -93.154053,45.006311,0
            </coordinates>
          </LineString>
          <LineString>
            <tessellate>1</tessellate>
            <coordinates>
              -93.154053,45.006311,0
              -93.152777,45.00633,0
            </coordinates>
          </LineString>
          <LineString>
            <tessellate>1</tessellate>
            <coordinates>
              -93.152777,45.00633,0
              -93.151666,45.006346,0
              -93.151508,45.006348,0
            </coordinates>
          </LineString>
          <LineString>
            <tessellate>1</tessellate>
            <coordinates>
              -93.151508,45.006348,0
              -93.146754,45.006416,0
              -93.146414,45.006421,0
            </coordinates>
          </LineString>
          <LineString>
            <tessellate>1</tessellate>
            <coordinates>
              -93.146414,45.006421,0
              -93.143122,45.006375,0
              -93.143015,45.006373,0
            </coordinates>
          </LineString>
          <LineString>
            <tessellate>1</tessellate>
            <coordinates>
              -93.143015,45.006373,0
              -93.136454,45.006281,0
              -93.136281,45.006279,0
            </coordinates>
          </LineString>
          <LineString>
            <tessellate>1</tessellate>
            <coordinates>
              -93.136122,45.006277,0
              -93.131976,45.006225,0
              -93.131878,45.006223,0
            </coordinates>
          </LineString>
          <LineString>
            <tessellate>1</tessellate>
            <coordinates>
              -93.131222,45.006215,0
              -93.128206,45.006177,0
              -93.127402,45.006167,0
            </coordinates>
          </LineString>
          <LineString>
            <tessellate>1</tessellate>
            <coordinates>
              -93.127402,45.006167,0
              -93.126429,45.006155,0
              -93.126161,45.006151,0
            </coordinates>
          </LineString>
          <LineString>
            <tessellate>1</tessellate>
            <coordinates>
              -93.126161,45.006151,0
              -93.126148,45.004919,0
              -93.126146,45.004798,0
            </coordinates>
          </LineString>
          <LineString>
            <tessellate>1</tessellate>
            <coordinates>
              -93.126146,45.004798,0
              -93.126137,45.003976,0
            </coordinates>
          </LineString>
          <LineString>
            <tessellate>1</tessellate>
            <coordinates>
              -93.126121,45.002552,0
              -93.126115,45.002009,0
            </coordinates>
          </LineString>
          <LineString>
            <tessellate>1</tessellate>
            <coordinates>
              -93.126108,45.001356,0
              -93.126099,45.000629,0
              -93.126099,45.000576,0
            </coordinates>
          </LineString>
          <LineString>
            <tessellate>1</tessellate>
            <coordinates>
              -93.126099,45.000576,0
              -93.126081,44.998955,0
            </coordinates>
          </LineString>
          <LineString>
            <tessellate>1</tessellate>
            <coordinates>
              -93.126097,44.992338,0
              -93.126098,44.991931,0
              -93.126099,44.991794,0
            </coordinates>
          </LineString>
          <LineString>
            <tessellate>1</tessellate>
            <coordinates>
              -93.126099,44.991794,0
              -93.126114,44.990862,0
            </coordinates>
          </LineString>
          <LineString>
            <tessellate>1</tessellate>
            <coordinates>
              -93.126114,44.990862,0
              -93.126141,44.989174,0
              -93.126143,44.98908,0
            </coordinates>
          </LineString>
          <LineString>
            <tessellate>1</tessellate>
            <coordinates>
              -93.126143,44.98908,0
              -93.126156,44.988216,0
            </coordinates>
          </LineString>
          <LineString>
            <tessellate>1</tessellate>
            <coordinates>
              -93.126156,44.988216,0
              -93.126164,44.987728,0
              -93.126165,44.987653,0
            </coordinates>
          </LineString>
          <LineString>
            <tessellate>1</tessellate>
            <coordinates>
              -93.126165,44.987653,0
              -93.126186,44.986376,0
            </coordinates>
          </LineString>
          <LineString>
            <tessellate>1</tessellate>
            <coordinates>
              -93.126186,44.986376,0
              -93.126187,44.986286,0
            </coordinates>
          </LineString>
          <LineString>
            <tessellate>1</tessellate>
            <coordinates>
              -93.126187,44.986286,0
              -93.126188,44.986231,0
              -93.12619,44.986136,0
            </coordinates>
          </LineString>
          <LineString>
            <tessellate>1</tessellate>
            <coordinates>
              -93.12619,44.986136,0
              -93.126213,44.984693,0
              -93.126215,44.984577,0
            </coordinates>
          </LineString>
          <LineString>
            <tessellate>1</tessellate>
            <coordinates>
              -93.126215,44.984577,0
              -93.126248,44.982825,0
              -93.12625,44.982742,0
            </coordinates>
          </LineString>
          <LineString>
            <tessellate>1</tessellate>
            <coordinates>
              -93.12625,44.982742,0
              -93.126282,44.98111,0
              -93.126284,44.98097,0
            </coordinates>
          </LineString>
          <LineString>
            <tessellate>1</tessellate>
            <coordinates>
              -93.126284,44.98097,0
              -93.126304,44.979845,0
            </coordinates>
          </LineString>
          <LineString>
            <tessellate>1</tessellate>
            <coordinates>
              -93.126304,44.979845,0
              -93.126315,44.979242,0
              -93.126316,44.97916,0
            </coordinates>
          </LineString>
          <LineString>
            <tessellate>1</tessellate>
            <coordinates>
              -93.126316,44.97916,0
              -93.126352,44.97747,0
              -93.126354,44.977362,0
            </coordinates>
          </LineString>
          <LineString>
            <tessellate>1</tessellate>
            <coordinates>
              -93.126354,44.977362,0
              -93.126355,44.976461,0
            </coordinates>
          </LineString>
          <LineString>
            <tessellate>1</tessellate>
            <coordinates>
              -93.126355,44.976461,0
              -93.126356,44.975696,0
              -93.126356,44.975598,0
            </coordinates>
          </LineString>
          <LineString>
            <tessellate>1</tessellate>
            <coordinates>
              -93.126356,44.975295,0
              -93.126358,44.973892,0
              -93.126358,44.973765,0
            </coordinates>
          </LineString>
          <LineString>
            <tessellate>1</tessellate>
            <coordinates>
              -93.12636,44.971017,0
              -93.126361,44.970454,0
              -93.126361,44.970392,0
              -93.126278,44.970168,0
            </coordinates>
          </LineString>
          <LineString>
            <tessellate>1</tessellate>
            <coordinates>
              -93.126278,44.970168,0
              -93.126362,44.970015,0
              -93.126368,44.96852,0
              -93.126368,44.968364,0
              -93.126372,44.967465,0
              -93.126415,44.966288,0
              -93.126411,44.965759,0
              -93.12639,44.962954,0
              -93.126389,44.962754,0
              -93.126386,44.962152,0
              -93.126333,44.962049,0
            </coordinates>
          </LineString>
          <LineString>
            <tessellate>1</tessellate>
            <coordinates>
              -93.126333,44.962049,0
              -93.126337,44.961277,0
              -93.126337,44.96115,0
            </coordinates>
          </LineString>
          <LineString>
            <tessellate>1</tessellate>
            <coordinates>
              -93.126337,44.96115,0
              -93.12633,44.960249,0
            </coordinates>
          </LineString>
          <LineString>
            <tessellate>1</tessellate>
            <coordinates>
              -93.12633,44.960249,0
              -93.12637,44.960135,0
              -93.126371,44.959462,0
              -93.126371,44.959336,0
              -93.126367,44.958565,0
              -93.126317,44.95843,0
            </coordinates>
          </LineString>
          <LineString>
            <tessellate>1</tessellate>
            <coordinates>
              -93.126317,44.95843,0
              -93.12632,44.957742,0
              -93.126321,44.957533,0
            </coordinates>
          </LineString>
          <LineString>
            <tessellate>1</tessellate>
            <coordinates>
              -93.126321,44.957533,0
              -93.126305,44.956625,0
            </coordinates>
          </LineString>
          <LineString>
            <tessellate>1</tessellate>
            <coordinates>
              -93.126305,44.956625,0
              -93.126381,44.955922,0
              -93.126396,44.955778,0
              -93.126394,44.955725,0
              -93.126391,44.955649,0
              -93.126388,44.954812,0
              -93.126374,44.954044,0
              -93.126372,44.953922,0
              -93.126367,44.953289,0
              -93.126366,44.953032,0
              -93.126351,44.952688,0
              -93.12633,44.952123,0
              -93.126328,44.951807,0
              -93.126327,44.951632,0
              -93.126325,44.951276,0
              -93.126344,44.951179,0
              -93.126364,44.95047,0
              -93.126368,44.950358,0
              -93.12632,44.950336,0
            </coordinates>
          </LineString>
          <LineString>
            <tessellate>1</tessellate>
            <coordinates>
              -93.12632,44.950336,0
              -93.126315,44.949572,0
              -93.126314,44.949432,0
            </coordinates>
          </LineString>
          <LineString>
            <tessellate>1</tessellate>
            <coordinates>
              -93.126314,44.949432,0
              -93.126311,44.948859,0
            </coordinates>
          </LineString>
          <LineString>
            <tessellate>1</tessellate>
            <coordinates>
              -93.126311,44.948859,0
              -93.12631,44.948652,0
              -93.126309,44.948528,0
            </coordinates>
          </LineString>
          <LineString>
            <tessellate>1</tessellate>
            <coordinates>
              -93.126309,44.948528,0
              -93.126293,44.947395,0
            </coordinates>
          </LineString>
          <LineString>
            <tessellate>1</tessellate>
            <coordinates>
              -93.126281,44.94657,0
              -93.126277,44.946305,0
              -93.126269,44.94576,0
            </coordinates>
          </LineString>
          <LineString>
            <tessellate>1</tessellate>
            <coordinates>
              -93.126249,44.944386,0
              -93.126246,44.944172,0
              -93.126244,44.944039,0
            </coordinates>
          </LineString>
          <LineString>
            <tessellate>1</tessellate>
            <coordinates>
              -93.126244,44.944039,0
              -93.126235,44.943381,0
            </coordinates>
          </LineString>
          <LineString>
            <tessellate>1</tessellate>
            <coordinates>
              -93.126219,44.942264,0
              -93.126202,44.941316,0
            </coordinates>
          </LineString>
        </MultiGeometry>
      </Placemark>
      <Placemark>
        <name>83</name>
        <description><![CDATA[description: <br>OBJECTID: 137<br>route: 83<br>routesort: 83<br>RouteDescription: Rosedale - Lexington Av<br>RouteOperator: P<br>EffectiveDate: 2026/03/14 00:00:00+00<br>payleavedirectionid: 0<br>routepayleave: 0<br>RouteClass: SupportLoc<br>IsPublic: 1<br>wk_ftrip: 05:47:00<br>wk_ltrip: 19:07:00<br>wk_span: 13:20:00<br>wk_trip_freq: 52<br>sat_ftrip: 07:55:00<br>sat_ltrip: 19:13:00<br>sat_span: 11:18:00<br>sat_trip_freq: 44<br>sun_ftrip: 07:55:00<br>sun_ltrip: 19:13:00<br>sun_span: 11:18:00<br>sun_trip_freq: 44<br>Shape__Length: 28453.6278727712]]></description>
        <styleUrl>#line-E65100-1000</styleUrl>
        <ExtendedData>
          <Data name="description">
            <value/>
          </Data>
          <Data name="OBJECTID">
            <value>137</value>
          </Data>
          <Data name="route">
            <value>83</value>
          </Data>
          <Data name="routesort">
            <value>83</value>
          </Data>
          <Data name="RouteDescription">
            <value>Rosedale - Lexington Av</value>
          </Data>
          <Data name="RouteOperator">
            <value>P</value>
          </Data>
          <Data name="EffectiveDate">
            <value>2026/03/14 00:00:00+00</value>
          </Data>
          <Data name="payleavedirectionid">
            <value>0</value>
          </Data>
          <Data name="routepayleave">
            <value>0</value>
          </Data>
          <Data name="RouteClass">
            <value>SupportLoc</value>
          </Data>
          <Data name="IsPublic">
            <value>1</value>
          </Data>
          <Data name="wk_ftrip">
            <value>05:47:00</value>
          </Data>
          <Data name="wk_ltrip">
            <value>19:07:00</value>
          </Data>
          <Data name="wk_span">
            <value>13:20:00</value>
          </Data>
          <Data name="wk_trip_freq">
            <value>52</value>
          </Data>
          <Data name="sat_ftrip">
            <value>07:55:00</value>
          </Data>
          <Data name="sat_ltrip">
            <value>19:13:00</value>
          </Data>
          <Data name="sat_span">
            <value>11:18:00</value>
          </Data>
          <Data name="sat_trip_freq">
            <value>44</value>
          </Data>
          <Data name="sun_ftrip">
            <value>07:55:00</value>
          </Data>
          <Data name="sun_ltrip">
            <value>19:13:00</value>
          </Data>
          <Data name="sun_span">
            <value>11:18:00</value>
          </Data>
          <Data name="sun_trip_freq">
            <value>44</value>
          </Data>
          <Data name="Shape__Length">
            <value>28453.6278727712</value>
          </Data>
        </ExtendedData>
        <MultiGeometry>
          <LineString>
            <tessellate>1</tessellate>
            <coordinates>
              -93.140387,44.914021,0
              -93.140632,44.914015,0
              -93.140768,44.913962,0
              -93.140823,44.913877,0
              -93.140825,44.913876,0
              -93.140841,44.913806,0
              -93.140802,44.913727,0
              -93.140738,44.913684,0
              -93.140568,44.913657,0
              -93.140557,44.91366,0
              -93.140434,44.913689,0
              -93.140419,44.913799,0
              -93.140387,44.914021,0
            </coordinates>
          </LineString>
          <LineString>
            <tessellate>1</tessellate>
            <coordinates>
              -93.140387,44.914021,0
              -93.140357,44.91423,0
              -93.140622,44.914461,0
              -93.143849,44.912648,0
              -93.144154,44.912574,0
              -93.144335,44.912529,0
              -93.144388,44.912516,0
              -93.144821,44.912438,0
              -93.145996,44.912425,0
            </coordinates>
          </LineString>
          <LineString>
            <tessellate>1</tessellate>
            <coordinates>
              -93.145996,44.912425,0
              -93.146061,44.912438,0
              -93.14608,44.912442,0
              -93.146187,44.912444,0
              -93.146405,44.91244,0
              -93.146447,44.912446,0
              -93.146505,44.912462,0
              -93.146559,44.912524,0
              -93.146584,44.91256,0
              -93.146606,44.912602,0
              -93.146613,44.912651,0
              -93.146618,44.912845,0
              -93.146659,44.912884,0
            </coordinates>
          </LineString>
          <LineString>
            <tessellate>1</tessellate>
            <coordinates>
              -93.146659,44.912884,0
              -93.146691,44.913111,0
            </coordinates>
          </LineString>
          <LineString>
            <tessellate>1</tessellate>
            <coordinates>
              -93.146691,44.913111,0
              -93.147337,44.913606,0
              -93.147424,44.913672,0
            </coordinates>
          </LineString>
          <LineString>
            <tessellate>1</tessellate>
            <coordinates>
              -93.147424,44.913672,0
              -93.148402,44.914493,0
            </coordinates>
          </LineString>
          <LineString>
            <tessellate>1</tessellate>
            <coordinates>
              -93.148402,44.914493,0
              -93.148533,44.914796,0
              -93.148479,44.914918,0
              -93.148301,44.915519,0
              -93.148292,44.915544,0
              -93.148201,44.916051,0
              -93.147759,44.917952,0
              -93.147709,44.918061,0
            </coordinates>
          </LineString>
          <LineString>
            <tessellate>1</tessellate>
            <coordinates>
              -93.147709,44.918061,0
              -93.146646,44.919669,0
            </coordinates>
          </LineString>
          <LineString>
            <tessellate>1</tessellate>
            <coordinates>
              -93.146646,44.919669,0
              -93.146643,44.919961,0
              -93.146642,44.920052,0
            </coordinates>
          </LineString>
          <LineString>
            <tessellate>1</tessellate>
            <coordinates>
              -93.146642,44.920052,0
              -93.146635,44.921483,0
              -93.146613,44.925303,0
              -93.146612,44.925466,0
              -93.146608,44.925969,0
              -93.146603,44.926899,0
            </coordinates>
          </LineString>
          <LineString>
            <tessellate>1</tessellate>
            <coordinates>
              -93.146603,44.926899,0
              -93.146603,44.926972,0
              -93.14687,44.926943,0
              -93.146916,44.926938,0
            </coordinates>
          </LineString>
          <LineString>
            <tessellate>1</tessellate>
            <coordinates>
              -93.146916,44.926938,0
              -93.148668,44.926943,0
            </coordinates>
          </LineString>
          <LineString>
            <tessellate>1</tessellate>
            <coordinates>
              -93.148668,44.926943,0
              -93.149876,44.926946,0
              -93.150061,44.926947,0
            </coordinates>
          </LineString>
          <LineString>
            <tessellate>1</tessellate>
            <coordinates>
              -93.150061,44.926947,0
              -93.150057,44.927851,0
              -93.150051,44.928636,0
              -93.150049,44.928759,0
              -93.150046,44.929659,0
              -93.150041,44.930489,0
              -93.149547,44.930488,0
              -93.146882,44.930482,0
              -93.146589,44.930555,0
            </coordinates>
          </LineString>
          <LineString>
            <tessellate>1</tessellate>
            <coordinates>
              -93.146589,44.930555,0
              -93.146588,44.930927,0
              -93.146584,44.93173,0
            </coordinates>
          </LineString>
          <LineString>
            <tessellate>1</tessellate>
            <coordinates>
              -93.146584,44.93173,0
              -93.146584,44.931748,0
              -93.146583,44.9319,0
              -93.146583,44.931908,0
              -93.14658,44.932702,0
              -93.146578,44.933299,0
            </coordinates>
          </LineString>
          <LineString>
            <tessellate>1</tessellate>
            <coordinates>
              -93.146578,44.933299,0
              -93.146575,44.93403,0
              -93.146575,44.934173,0
            </coordinates>
          </LineString>
          <LineString>
            <tessellate>1</tessellate>
            <coordinates>
              -93.146575,44.934173,0
              -93.146583,44.935171,0
            </coordinates>
          </LineString>
          <LineString>
            <tessellate>1</tessellate>
            <coordinates>
              -93.146583,44.935171,0
              -93.146586,44.935746,0
            </coordinates>
          </LineString>
          <LineString>
            <tessellate>1</tessellate>
            <coordinates>
              -93.146586,44.935746,0
              -93.146577,44.936717,0
              -93.146576,44.936801,0
            </coordinates>
          </LineString>
          <LineString>
            <tessellate>1</tessellate>
            <coordinates>
              -93.146576,44.936801,0
              -93.146595,44.93786,0
            </coordinates>
          </LineString>
          <LineString>
            <tessellate>1</tessellate>
            <coordinates>
              -93.146595,44.93786,0
              -93.1466,44.938915,0
            </coordinates>
          </LineString>
          <LineString>
            <tessellate>1</tessellate>
            <coordinates>
              -93.1466,44.938915,0
              -93.146605,44.939998,0
            </coordinates>
          </LineString>
          <LineString>
            <tessellate>1</tessellate>
            <coordinates>
              -93.146605,44.939998,0
              -93.146605,44.940355,0
              -93.146604,44.941043,0
            </coordinates>
          </LineString>
          <LineString>
            <tessellate>1</tessellate>
            <coordinates>
              -93.146604,44.941043,0
              -93.146604,44.941429,0
            </coordinates>
          </LineString>
          <LineString>
            <tessellate>1</tessellate>
            <coordinates>
              -93.146604,44.941429,0
              -93.146571,44.94153,0
              -93.146547,44.941632,0
              -93.146532,44.941735,0
              -93.146526,44.941838,0
              -93.146529,44.941941,0
              -93.146534,44.942897,0
              -93.146538,44.943858,0
              -93.146539,44.94395,0
              -93.146544,44.945003,0
              -93.146548,44.945791,0
              -93.146554,44.946461,0
              -93.146556,44.946618,0
              -93.146556,44.947436,0
              -93.14656,44.948223,0
              -93.146561,44.948543,0
              -93.146559,44.949803,0
              -93.14652,44.950345,0
              -93.146511,44.951285,0
              -93.14651,44.951616,0
              -93.146509,44.951814,0
              -93.146507,44.952132,0
              -93.146486,44.952238,0
              -93.146479,44.952877,0
              -93.146477,44.953029,0
              -93.146538,44.953931,0
              -93.14655,44.955656,0
              -93.14655,44.955719,0
              -93.14655,44.955787,0
              -93.146547,44.956144,0
              -93.146541,44.956636,0
              -93.146542,44.957545,0
              -93.146538,44.95845,0
              -93.146537,44.959237,0
              -93.146537,44.95936,0
              -93.146537,44.96028,0
              -93.146536,44.961184,0
              -93.146525,44.962103,0
              -93.14652,44.962874,0
              -93.146519,44.963008,0
              -93.146526,44.963907,0
              -93.146519,44.964808,0
              -93.146523,44.965554,0
              -93.146524,44.965707,0
              -93.14653,44.965866,0
              -93.146537,44.965895,0
              -93.14655,44.965922,0
              -93.146569,44.965947,0
              -93.146593,44.96597,0
            </coordinates>
          </LineString>
          <LineString>
            <tessellate>1</tessellate>
            <coordinates>
              -93.146593,44.96597,0
              -93.146591,44.966467,0
              -93.146587,44.96766,0
            </coordinates>
          </LineString>
          <LineString>
            <tessellate>1</tessellate>
            <coordinates>
              -93.146587,44.96766,0
              -93.146562,44.967715,0
              -93.146545,44.967771,0
              -93.146537,44.967828,0
              -93.146517,44.968411,0
              -93.146506,44.969301,0
              -93.146504,44.970298,0
              -93.146504,44.970363,0
              -93.146503,44.970614,0
              -93.1465,44.971345,0
              -93.146497,44.971959,0
              -93.146502,44.972086,0
              -93.146516,44.972213,0
              -93.146538,44.972339,0
              -93.146569,44.972464,0
            </coordinates>
          </LineString>
          <LineString>
            <tessellate>1</tessellate>
            <coordinates>
              -93.146569,44.972464,0
              -93.146564,44.973868,0
            </coordinates>
          </LineString>
          <LineString>
            <tessellate>1</tessellate>
            <coordinates>
              -93.146564,44.973868,0
              -93.146593,44.975544,0
              -93.146595,44.975634,0
            </coordinates>
          </LineString>
          <LineString>
            <tessellate>1</tessellate>
            <coordinates>
              -93.146595,44.975634,0
              -93.146615,44.976674,0
            </coordinates>
          </LineString>
          <LineString>
            <tessellate>1</tessellate>
            <coordinates>
              -93.146615,44.976674,0
              -93.146587,44.976768,0
              -93.146568,44.976864,0
              -93.146558,44.97696,0
              -93.146557,44.977056,0
              -93.146563,44.977152,0
              -93.146579,44.977248,0
              -93.146603,44.977343,0
              -93.146635,44.977436,0
            </coordinates>
          </LineString>
          <LineString>
            <tessellate>1</tessellate>
            <coordinates>
              -93.146635,44.977436,0
              -93.147332,44.977479,0
              -93.148001,44.977502,0
            </coordinates>
          </LineString>
          <LineString>
            <tessellate>1</tessellate>
            <coordinates>
              -93.148001,44.977502,0
              -93.149011,44.977504,0
              -93.150285,44.977507,0
            </coordinates>
          </LineString>
          <LineString>
            <tessellate>1</tessellate>
            <coordinates>
              -93.150285,44.977507,0
              -93.150404,44.977515,0
              -93.150523,44.97753,0
              -93.15064,44.97755,0
              -93.150754,44.977576,0
              -93.150866,44.977608,0
              -93.150974,44.977645,0
              -93.151078,44.977687,0
              -93.151178,44.977735,0
              -93.151506,44.977898,0
              -93.151621,44.977939,0
              -93.151739,44.977976,0
              -93.151861,44.978006,0
              -93.151985,44.97803,0
              -93.152106,44.978039,0
              -93.152226,44.978043,0
              -93.152347,44.97804,0
              -93.152468,44.978032,0
              -93.152587,44.978017,0
              -93.152705,44.977997,0
              -93.15282,44.977971,0
              -93.152932,44.977939,0
              -93.153041,44.977902,0
              -93.153147,44.977859,0
            </coordinates>
          </LineString>
          <LineString>
            <tessellate>1</tessellate>
            <coordinates>
              -93.153147,44.977859,0
              -93.153353,44.977774,0
              -93.153647,44.977651,0
            </coordinates>
          </LineString>
          <LineString>
            <tessellate>1</tessellate>
            <coordinates>
              -93.153647,44.977651,0
              -93.153754,44.977601,0
            </coordinates>
          </LineString>
          <LineString>
            <tessellate>1</tessellate>
            <coordinates>
              -93.153754,44.977601,0
              -93.153865,44.977556,0
            </coordinates>
          </LineString>
          <LineString>
            <tessellate>1</tessellate>
            <coordinates>
              -93.153865,44.977556,0
              -93.153979,44.977516,0
              -93.154097,44.977481,0
              -93.154217,44.977451,0
              -93.15434,44.977427,0
              -93.154465,44.977408,0
              -93.154591,44.977395,0
            </coordinates>
          </LineString>
          <LineString>
            <tessellate>1</tessellate>
            <coordinates>
              -93.154591,44.977395,0
              -93.156623,44.977404,0
              -93.156808,44.977405,0
            </coordinates>
          </LineString>
          <LineString>
            <tessellate>1</tessellate>
            <coordinates>
              -93.156808,44.977405,0
              -93.156787,44.978319,0
            </coordinates>
          </LineString>
          <LineString>
            <tessellate>1</tessellate>
            <coordinates>
              -93.156787,44.978319,0
              -93.156772,44.97921,0
              -93.156757,44.980115,0
              -93.156745,44.980789,0
            </coordinates>
          </LineString>
          <LineString>
            <tessellate>1</tessellate>
            <coordinates>
              -93.156745,44.980789,0
              -93.156744,44.980888,0
              -93.156741,44.981062,0
            </coordinates>
          </LineString>
          <LineString>
            <tessellate>1</tessellate>
            <coordinates>
              -93.156741,44.981062,0
              -93.156738,44.981221,0
            </coordinates>
          </LineString>
          <LineString>
            <tessellate>1</tessellate>
            <coordinates>
              -93.156738,44.981221,0
              -93.156725,44.981974,0
            </coordinates>
          </LineString>
          <LineString>
            <tessellate>1</tessellate>
            <coordinates>
              -93.156725,44.981974,0
              -93.156683,44.984434,0
              -93.156679,44.984619,0
            </coordinates>
          </LineString>
          <LineString>
            <tessellate>1</tessellate>
            <coordinates>
              -93.156679,44.984619,0
              -93.156648,44.986424,0
            </coordinates>
          </LineString>
          <LineString>
            <tessellate>1</tessellate>
            <coordinates>
              -93.156648,44.986424,0
              -93.156621,44.98801,0
              -93.156617,44.98823,0
            </coordinates>
          </LineString>
          <LineString>
            <tessellate>1</tessellate>
            <coordinates>
              -93.156617,44.98823,0
              -93.156602,44.989138,0
            </coordinates>
          </LineString>
          <LineString>
            <tessellate>1</tessellate>
            <coordinates>
              -93.156602,44.989138,0
              -93.156586,44.990041,0
              -93.156571,44.990916,0
              -93.156569,44.991025,0
              -93.156569,44.991042,0
            </coordinates>
          </LineString>
          <LineString>
            <tessellate>1</tessellate>
            <coordinates>
              -93.156569,44.991042,0
              -93.156566,44.991191,0
              -93.156556,44.991784,0
            </coordinates>
          </LineString>
          <LineString>
            <tessellate>1</tessellate>
            <coordinates>
              -93.156556,44.991784,0
              -93.151551,44.991881,0
              -93.15135,44.991885,0
              -93.148796,44.991919,0
              -93.147661,44.991934,0
              -93.146464,44.99195,0
              -93.146463,44.992057,0
            </coordinates>
          </LineString>
          <LineString>
            <tessellate>1</tessellate>
            <coordinates>
              -93.146463,44.992057,0
              -93.14646,44.99235,0
              -93.146443,44.99387,0
            </coordinates>
          </LineString>
          <LineString>
            <tessellate>1</tessellate>
            <coordinates>
              -93.146443,44.99387,0
              -93.14643,44.995001,0
            </coordinates>
          </LineString>
          <LineString>
            <tessellate>1</tessellate>
            <coordinates>
              -93.14643,44.995001,0
              -93.146426,44.995333,0
              -93.146423,44.995596,0
            </coordinates>
          </LineString>
          <LineString>
            <tessellate>1</tessellate>
            <coordinates>
              -93.146423,44.995596,0
              -93.146412,44.99652,0
            </coordinates>
          </LineString>
          <LineString>
            <tessellate>1</tessellate>
            <coordinates>
              -93.146412,44.99652,0
              -93.146403,44.997401,0
              -93.146392,44.99833,0
            </coordinates>
          </LineString>
          <LineString>
            <tessellate>1</tessellate>
            <coordinates>
              -93.146392,44.99833,0
              -93.146384,44.999075,0
              -93.146382,44.999216,0
            </coordinates>
          </LineString>
          <LineString>
            <tessellate>1</tessellate>
            <coordinates>
              -93.146382,44.999216,0
              -93.146388,45.000542,0
            </coordinates>
          </LineString>
          <LineString>
            <tessellate>1</tessellate>
            <coordinates>
              -93.146388,45.000542,0
              -93.14639,45.001017,0
            </coordinates>
          </LineString>
          <LineString>
            <tessellate>1</tessellate>
            <coordinates>
              -93.14639,45.001017,0
              -93.146394,45.001811,0
              -93.146394,45.001918,0
            </coordinates>
          </LineString>
          <LineString>
            <tessellate>1</tessellate>
            <coordinates>
              -93.146394,45.001918,0
              -93.146398,45.002819,0
            </coordinates>
          </LineString>
          <LineString>
            <tessellate>1</tessellate>
            <coordinates>
              -93.146398,45.002819,0
              -93.146403,45.004176,0
              -93.146406,45.00462,0
              -93.146409,45.005516,0
              -93.146414,45.006421,0
            </coordinates>
          </LineString>
          <LineString>
            <tessellate>1</tessellate>
            <coordinates>
              -93.146414,45.006421,0
              -93.1468,45.006415,0
              -93.150248,45.006366,0
            </coordinates>
          </LineString>
          <LineString>
            <tessellate>1</tessellate>
            <coordinates>
              -93.150248,45.006366,0
              -93.151376,45.00635,0
              -93.151508,45.006348,0
            </coordinates>
          </LineString>
          <LineString>
            <tessellate>1</tessellate>
            <coordinates>
              -93.151508,45.006348,0
              -93.152777,45.00633,0
            </coordinates>
          </LineString>
          <LineString>
            <tessellate>1</tessellate>
            <coordinates>
              -93.152777,45.00633,0
              -93.153889,45.006314,0
              -93.154053,45.006311,0
            </coordinates>
          </LineString>
          <LineString>
            <tessellate>1</tessellate>
            <coordinates>
              -93.154053,45.006311,0
              -93.156314,45.006279,0
              -93.156599,45.006275,0
            </coordinates>
          </LineString>
          <LineString>
            <tessellate>1</tessellate>
            <coordinates>
              -93.156599,45.006275,0
              -93.159261,45.006249,0
            </coordinates>
          </LineString>
          <LineString>
            <tessellate>1</tessellate>
            <coordinates>
              -93.159261,45.006249,0
              -93.159457,45.006247,0
            </coordinates>
          </LineString>
          <LineString>
            <tessellate>1</tessellate>
            <coordinates>
              -93.159457,45.006247,0
              -93.159728,45.006245,0
              -93.16046,45.006237,0
            </coordinates>
          </LineString>
          <LineString>
            <tessellate>1</tessellate>
            <coordinates>
              -93.16046,45.006237,0
              -93.161691,45.006225,0
            </coordinates>
          </LineString>
          <LineString>
            <tessellate>1</tessellate>
            <coordinates>
              -93.161691,45.006225,0
              -93.162941,45.006213,0
              -93.163106,45.006211,0
            </coordinates>
          </LineString>
          <LineString>
            <tessellate>1</tessellate>
            <coordinates>
              -93.163106,45.006211,0
              -93.164481,45.006198,0
            </coordinates>
          </LineString>
          <LineString>
            <tessellate>1</tessellate>
            <coordinates>
              -93.164481,45.006198,0
              -93.165966,45.006183,0
              -93.166159,45.006181,0
            </coordinates>
          </LineString>
          <LineString>
            <tessellate>1</tessellate>
            <coordinates>
              -93.166159,45.006181,0
              -93.16637,45.006177,0
            </coordinates>
          </LineString>
          <LineString>
            <tessellate>1</tessellate>
            <coordinates>
              -93.16637,45.006177,0
              -93.166348,45.007815,0
              -93.166365,45.00981,0
              -93.166363,45.010056,0
              -93.166362,45.01036,0
              -93.166361,45.010659,0
              -93.16637,45.010841,0
              -93.166389,45.011023,0
              -93.166416,45.011204,0
              -93.166452,45.011384,0
              -93.166497,45.011564,0
              -93.166552,45.011742,0
              -93.166629,45.011977,0
              -93.166696,45.012214,0
              -93.166754,45.012452,0
              -93.166801,45.012692,0
              -93.166839,45.012932,0
              -93.16686,45.013118,0
              -93.166875,45.013341,0
              -93.166886,45.013492,0
            </coordinates>
          </LineString>
          <LineString>
            <tessellate>1</tessellate>
            <coordinates>
              -93.166886,45.013492,0
              -93.166995,45.013532,0
              -93.167087,45.013573,0
            </coordinates>
          </LineString>
          <LineString>
            <tessellate>1</tessellate>
            <coordinates>
              -93.167087,45.013573,0
              -93.167391,45.013712,0
              -93.168105,45.014106,0
              -93.168394,45.014265,0
            </coordinates>
          </LineString>
          <LineString>
            <tessellate>1</tessellate>
            <coordinates>
              -93.168394,45.014265,0
              -93.168493,45.014315,0
              -93.168598,45.014236,0
              -93.169135,45.013751,0
              -93.16908,45.013689,0
              -93.169017,45.013631,0
              -93.168946,45.013577,0
              -93.16887,45.013528,0
              -93.168168,45.013129,0
              -93.168112,45.013084,0
              -93.168062,45.013036,0
              -93.168019,45.012984,0
              -93.167981,45.012931,0
            </coordinates>
          </LineString>
          <LineString>
            <tessellate>1</tessellate>
            <coordinates>
              -93.167981,45.012931,0
              -93.167952,45.012877,0
              -93.167929,45.012821,0
              -93.167913,45.012765,0
              -93.167906,45.01273,0
              -93.167886,45.012668,0
              -93.167872,45.012605,0
              -93.167866,45.012541,0
              -93.167867,45.012477,0
              -93.167876,45.012413,0
              -93.167916,45.012361,0
              -93.167964,45.012312,0
              -93.168019,45.012266,0
              -93.16808,45.012225,0
              -93.168381,45.012357,0
              -93.168572,45.012438,0
              -93.168157,45.012784,0
              -93.167981,45.012931,0
            </coordinates>
          </LineString>
          <LineString>
            <tessellate>1</tessellate>
            <coordinates>
              -93.166886,45.013492,0
              -93.166919,45.013974,0
              -93.166918,45.014027,0
              -93.166907,45.014079,0
              -93.166888,45.014131,0
              -93.166859,45.01418,0
              -93.166823,45.014226,0
              -93.166778,45.014269,0
              -93.166727,45.014307,0
              -93.166669,45.014341,0
              -93.166605,45.014369,0
              -93.166537,45.014391,0
              -93.166466,45.014408,0
              -93.166393,45.014418,0
              -93.166318,45.014421,0
              -93.16625,45.014418,0
              -93.166183,45.014408,0
              -93.166118,45.014393,0
              -93.166056,45.014372,0
              -93.165999,45.014345,0
              -93.165948,45.014313,0
              -93.165902,45.014277,0
              -93.165864,45.014237,0
              -93.165833,45.014194,0
              -93.16581,45.014148,0
              -93.165796,45.014101,0
              -93.165791,45.014052,0
              -93.165794,45.014004,0
              -93.165973,45.013604,0
              -93.166006,45.013533,0
              -93.166144,45.013232,0
              -93.166258,45.013313,0
              -93.16662,45.013413,0
              -93.166886,45.013492,0
            </coordinates>
          </LineString>
          <LineString>
            <tessellate>1</tessellate>
            <coordinates>
              -93.167981,45.012931,0
              -93.167904,45.012991,0
              -93.16794,45.01305,0
              -93.167984,45.013105,0
              -93.168034,45.013158,0
              -93.168091,45.013207,0
              -93.168154,45.013253,0
              -93.168222,45.013294,0
              -93.16857,45.013468,0
              -93.168851,45.013683,0
              -93.168887,45.013769,0
              -93.168855,45.013843,0
              -93.168752,45.013934,0
              -93.16849,45.014182,0
              -93.168394,45.014265,0
            </coordinates>
          </LineString>
          <LineString>
            <tessellate>1</tessellate>
            <coordinates>
              -93.168394,45.014265,0
              -93.168097,45.014504,0
              -93.168042,45.014543,0
              -93.167981,45.014578,0
              -93.167915,45.014606,0
              -93.167843,45.014628,0
              -93.167769,45.014644,0
              -93.167692,45.014653,0
              -93.167628,45.014653,0
              -93.167565,45.014646,0
              -93.167504,45.014632,0
              -93.167447,45.014613,0
              -93.167393,45.014588,0
              -93.167346,45.014558,0
              -93.167305,45.014523,0
              -93.167271,45.014484,0
              -93.167246,45.014443,0
              -93.167229,45.014399,0
              -93.16722,45.014354,0
              -93.167093,45.01377,0
              -93.167087,45.013573,0
            </coordinates>
          </LineString>
          <LineString>
            <tessellate>1</tessellate>
            <coordinates>
              -93.167087,45.013573,0
              -93.167076,45.013423,0
              -93.167055,45.013228,0
              -93.167025,45.013035,0
              -93.166986,45.012842,0
              -93.16694,45.01265,0
              -93.16687,45.012456,0
              -93.166808,45.01226,0
              -93.166755,45.012064,0
              -93.16671,45.011866,0
              -93.166674,45.011667,0
              -93.166647,45.011467,0
              -93.166628,45.011267,0
              -93.166618,45.011067,0
              -93.166617,45.010867,0
              -93.166624,45.010666,0
              -93.166619,45.01036,0
              -93.166613,45.010054,0
              -93.166608,45.009768,0
              -93.166604,45.007661,0
              -93.166592,45.006175,0
              -93.16637,45.006177,0
            </coordinates>
          </LineString>
          <LineString>
            <tessellate>1</tessellate>
            <coordinates>
              -93.166159,45.006181,0
              -93.164481,45.006198,0
            </coordinates>
          </LineString>
          <LineString>
            <tessellate>1</tessellate>
            <coordinates>
              -93.164481,45.006198,0
              -93.163438,45.006208,0
              -93.163106,45.006211,0
            </coordinates>
          </LineString>
          <LineString>
            <tessellate>1</tessellate>
            <coordinates>
              -93.163106,45.006211,0
              -93.161691,45.006225,0
            </coordinates>
          </LineString>
          <LineString>
            <tessellate>1</tessellate>
            <coordinates>
              -93.16046,45.006237,0
              -93.159457,45.006247,0
            </coordinates>
          </LineString>
          <LineString>
            <tessellate>1</tessellate>
            <coordinates>
              -93.159457,45.006247,0
              -93.159391,45.006248,0
              -93.159261,45.006249,0
            </coordinates>
          </LineString>
          <LineString>
            <tessellate>1</tessellate>
            <coordinates>
              -93.159261,45.006249,0
              -93.156866,45.006272,0
              -93.156599,45.006275,0
            </coordinates>
          </LineString>
          <LineString>
            <tessellate>1</tessellate>
            <coordinates>
              -93.156599,45.006275,0
              -93.154173,45.00631,0
              -93.154053,45.006311,0
            </coordinates>
          </LineString>
          <LineString>
            <tessellate>1</tessellate>
            <coordinates>
              -93.154053,45.006311,0
              -93.152777,45.00633,0
            </coordinates>
          </LineString>
          <LineString>
            <tessellate>1</tessellate>
            <coordinates>
              -93.152777,45.00633,0
              -93.151666,45.006346,0
              -93.151508,45.006348,0
            </coordinates>
          </LineString>
          <LineString>
            <tessellate>1</tessellate>
            <coordinates>
              -93.151508,45.006348,0
              -93.150248,45.006366,0
            </coordinates>
          </LineString>
          <LineString>
            <tessellate>1</tessellate>
            <coordinates>
              -93.150248,45.006366,0
              -93.146754,45.006416,0
              -93.146414,45.006421,0
            </coordinates>
          </LineString>
          <LineString>
            <tessellate>1</tessellate>
            <coordinates>
              -93.146398,45.002819,0
              -93.146394,45.002017,0
              -93.146394,45.001918,0
            </coordinates>
          </LineString>
          <LineString>
            <tessellate>1</tessellate>
            <coordinates>
              -93.146394,45.001918,0
              -93.14639,45.001017,0
            </coordinates>
          </LineString>
          <LineString>
            <tessellate>1</tessellate>
            <coordinates>
              -93.146388,45.000542,0
              -93.146383,44.999369,0
              -93.146382,44.999216,0
            </coordinates>
          </LineString>
          <LineString>
            <tessellate>1</tessellate>
            <coordinates>
              -93.146382,44.999216,0
              -93.146392,44.99833,0
            </coordinates>
          </LineString>
          <LineString>
            <tessellate>1</tessellate>
            <coordinates>
              -93.146412,44.99652,0
              -93.146422,44.995715,0
              -93.146423,44.995596,0
            </coordinates>
          </LineString>
          <LineString>
            <tessellate>1</tessellate>
            <coordinates>
              -93.146423,44.995596,0
              -93.14643,44.995001,0
            </coordinates>
          </LineString>
          <LineString>
            <tessellate>1</tessellate>
            <coordinates>
              -93.146443,44.99387,0
              -93.14646,44.992271,0
              -93.146463,44.992057,0
            </coordinates>
          </LineString>
          <LineString>
            <tessellate>1</tessellate>
            <coordinates>
              -93.146463,44.992057,0
              -93.148794,44.992033,0
              -93.151248,44.991998,0
              -93.151401,44.991996,0
              -93.156555,44.991902,0
              -93.156556,44.991841,0
              -93.156556,44.991784,0
            </coordinates>
          </LineString>
          <LineString>
            <tessellate>1</tessellate>
            <coordinates>
              -93.156556,44.991784,0
              -93.156569,44.991042,0
            </coordinates>
          </LineString>
          <LineString>
            <tessellate>1</tessellate>
            <coordinates>
              -93.156602,44.989138,0
              -93.156616,44.98832,0
              -93.156617,44.98823,0
            </coordinates>
          </LineString>
          <LineString>
            <tessellate>1</tessellate>
            <coordinates>
              -93.156617,44.98823,0
              -93.156648,44.986424,0
            </coordinates>
          </LineString>
          <LineString>
            <tessellate>1</tessellate>
            <coordinates>
              -93.156648,44.986424,0
              -93.156677,44.984732,0
              -93.156679,44.984619,0
            </coordinates>
          </LineString>
          <LineString>
            <tessellate>1</tessellate>
            <coordinates>
              -93.156679,44.984619,0
              -93.156725,44.981974,0
            </coordinates>
          </LineString>
          <LineString>
            <tessellate>1</tessellate>
            <coordinates>
              -93.156725,44.981974,0
              -93.156736,44.981313,0
              -93.156738,44.981221,0
            </coordinates>
          </LineString>
          <LineString>
            <tessellate>1</tessellate>
            <coordinates>
              -93.156741,44.981062,0
              -93.156745,44.980789,0
            </coordinates>
          </LineString>
          <LineString>
            <tessellate>1</tessellate>
            <coordinates>
              -93.156787,44.978319,0
              -93.156802,44.97768,0
              -93.156808,44.977405,0
            </coordinates>
          </LineString>
          <LineString>
            <tessellate>1</tessellate>
            <coordinates>
              -93.156808,44.977405,0
              -93.154591,44.977395,0
            </coordinates>
          </LineString>
          <LineString>
            <tessellate>1</tessellate>
            <coordinates>
              -93.153865,44.977556,0
              -93.153756,44.9776,0
              -93.153754,44.977601,0
            </coordinates>
          </LineString>
          <LineString>
            <tessellate>1</tessellate>
            <coordinates>
              -93.153647,44.977651,0
              -93.153147,44.977859,0
            </coordinates>
          </LineString>
          <LineString>
            <tessellate>1</tessellate>
            <coordinates>
              -93.150285,44.977507,0
              -93.148868,44.977504,0
              -93.148001,44.977502,0
            </coordinates>
          </LineString>
          <LineString>
            <tessellate>1</tessellate>
            <coordinates>
              -93.146635,44.977436,0
              -93.14669,44.977359,0
              -93.1467,44.977244,0
              -93.146701,44.977129,0
              -93.146693,44.977014,0
              -93.146676,44.9769,0
              -93.146649,44.976786,0
              -93.146615,44.976674,0
            </coordinates>
          </LineString>
          <LineString>
            <tessellate>1</tessellate>
            <coordinates>
              -93.146615,44.976674,0
              -93.146598,44.975785,0
              -93.146595,44.975634,0
            </coordinates>
          </LineString>
          <LineString>
            <tessellate>1</tessellate>
            <coordinates>
              -93.146595,44.975634,0
              -93.146564,44.973868,0
            </coordinates>
          </LineString>
          <LineString>
            <tessellate>1</tessellate>
            <coordinates>
              -93.146569,44.972464,0
              -93.146604,44.972317,0
              -93.14663,44.972167,0
              -93.146647,44.972017,0
              -93.146653,44.971867,0
              -93.146655,44.971344,0
              -93.146657,44.970636,0
              -93.146657,44.970408,0
              -93.146657,44.970337,0
              -93.146664,44.969319,0
              -93.146662,44.96841,0
              -93.146639,44.967821,0
              -93.146636,44.967779,0
              -93.146626,44.967738,0
              -93.14661,44.967698,0
              -93.146587,44.96766,0
            </coordinates>
          </LineString>
          <LineString>
            <tessellate>1</tessellate>
            <coordinates>
              -93.146593,44.96597,0
              -93.146621,44.965942,0
              -93.146642,44.965911,0
              -93.146655,44.965878,0
              -93.14666,44.965844,0
              -93.146669,44.965707,0
              -93.146675,44.964808,0
              -93.146676,44.963906,0
              -93.146684,44.963128,0
              -93.146685,44.963008,0
              -93.146678,44.962102,0
              -93.14669,44.961184,0
              -93.146692,44.96028,0
              -93.146691,44.959501,0
              -93.146691,44.959359,0
              -93.146693,44.95845,0
              -93.146698,44.957545,0
              -93.146698,44.956636,0
              -93.146704,44.955785,0
              -93.146705,44.955722,0
              -93.146706,44.955656,0
              -93.146712,44.955385,0
              -93.146744,44.953931,0
              -93.146729,44.953256,0
              -93.146724,44.953029,0
              -93.146749,44.952144,0
              -93.146751,44.951813,0
              -93.146753,44.951615,0
              -93.146756,44.95128,0
              -93.146786,44.951161,0
              -93.146713,44.949803,0
              -93.146715,44.948821,0
              -93.146715,44.948543,0
              -93.14671,44.947437,0
              -93.14671,44.946838,0
              -93.146711,44.946619,0
              -93.146702,44.945792,0
              -93.146698,44.945004,0
              -93.146694,44.94408,0
              -93.146693,44.94395,0
              -93.146688,44.942898,0
              -93.146684,44.941942,0
              -93.146684,44.941838,0
              -93.146676,44.941735,0
              -93.14666,44.941632,0
              -93.146636,44.94153,0
              -93.146604,44.941429,0
            </coordinates>
          </LineString>
          <LineString>
            <tessellate>1</tessellate>
            <coordinates>
              -93.146604,44.941043,0
              -93.146605,44.939998,0
            </coordinates>
          </LineString>
          <LineString>
            <tessellate>1</tessellate>
            <coordinates>
              -93.146605,44.939998,0
              -93.146604,44.939682,0
              -93.1466,44.938915,0
            </coordinates>
          </LineString>
          <LineString>
            <tessellate>1</tessellate>
            <coordinates>
              -93.146595,44.93786,0
              -93.146578,44.936921,0
              -93.146576,44.936801,0
            </coordinates>
          </LineString>
          <LineString>
            <tessellate>1</tessellate>
            <coordinates>
              -93.146576,44.936801,0
              -93.146586,44.935746,0
            </coordinates>
          </LineString>
          <LineString>
            <tessellate>1</tessellate>
            <coordinates>
              -93.146583,44.935171,0
              -93.146576,44.934313,0
              -93.146575,44.934173,0
            </coordinates>
          </LineString>
          <LineString>
            <tessellate>1</tessellate>
            <coordinates>
              -93.146575,44.934173,0
              -93.146578,44.933299,0
            </coordinates>
          </LineString>
          <LineString>
            <tessellate>1</tessellate>
            <coordinates>
              -93.146584,44.93173,0
              -93.146588,44.930818,0
              -93.146589,44.930555,0
            </coordinates>
          </LineString>
          <LineString>
            <tessellate>1</tessellate>
            <coordinates>
              -93.146589,44.930555,0
              -93.146882,44.930632,0
              -93.148142,44.930633,0
              -93.149303,44.930634,0
              -93.150033,44.930635,0
              -93.150272,44.930568,0
              -93.150273,44.929659,0
              -93.150287,44.928866,0
              -93.150288,44.928762,0
              -93.150288,44.927852,0
              -93.150292,44.926947,0
              -93.150061,44.926947,0
            </coordinates>
          </LineString>
          <LineString>
            <tessellate>1</tessellate>
            <coordinates>
              -93.150061,44.926947,0
              -93.149704,44.926946,0
              -93.148668,44.926943,0
            </coordinates>
          </LineString>
          <LineString>
            <tessellate>1</tessellate>
            <coordinates>
              -93.146916,44.926938,0
              -93.14686,44.926931,0
              -93.146603,44.926899,0
            </coordinates>
          </LineString>
          <LineString>
            <tessellate>1</tessellate>
            <coordinates>
              -93.146642,44.920052,0
              -93.146646,44.919669,0
            </coordinates>
          </LineString>
          <LineString>
            <tessellate>1</tessellate>
            <coordinates>
              -93.146646,44.919669,0
              -93.14672,44.919557,0
              -93.147709,44.918061,0
            </coordinates>
          </LineString>
          <LineString>
            <tessellate>1</tessellate>
            <coordinates>
              -93.148402,44.914493,0
              -93.147506,44.913741,0
              -93.147424,44.913672,0
            </coordinates>
          </LineString>
          <LineString>
            <tessellate>1</tessellate>
            <coordinates>
              -93.147424,44.913672,0
              -93.146691,44.913111,0
            </coordinates>
          </LineString>
          <LineString>
            <tessellate>1</tessellate>
            <coordinates>
              -93.146659,44.912884,0
              -93.146702,44.912843,0
              -93.146699,44.912729,0
              -93.146693,44.912647,0
              -93.146697,44.912599,0
              -93.146725,44.912547,0
              -93.146768,44.912503,0
              -93.146811,44.912458,0
              -93.146824,44.912423,0
              -93.146817,44.912385,0
              -93.146767,44.912329,0
              -93.146731,44.912312,0
              -93.146681,44.912301,0
              -93.146634,44.912301,0
              -93.14658,44.912318,0
              -93.146534,44.912339,0
              -93.146464,44.912369,0
              -93.146406,44.912376,0
              -93.146309,44.912384,0
              -93.146088,44.912385,0
              -93.146085,44.912386,0
              -93.145996,44.912425,0
            </coordinates>
          </LineString>
        </MultiGeometry>
      </Placemark>
      <Placemark>
        <name>Green Line LRT</name>
        <description><![CDATA[description: <br>OBJECTID: 145<br>route: 902<br>routesort: 902<br>RouteDescription: Green Line - Mpls - St Paul<br>RouteOperator: M<br>EffectiveDate: 2025/10/04 00:00:00+00<br>payleavedirectionid: 0<br>routepayleave: 0<br>RouteClass: LRT<br>IsPublic: 1<br>wk_ftrip: 04:26:00<br>wk_ltrip: 00:27:00<br>wk_span: 20:01:00<br>wk_trip_freq: 344<br>sat_ftrip: <br>sat_ltrip: <br>sat_span: <br>sat_trip_freq: <br>sun_ftrip: <br>sun_ltrip: <br>sun_span: <br>sun_trip_freq: <br>Shape__Length: 20767.4500787576]]></description>
        <styleUrl>#line-0F9D58-3325</styleUrl>
        <ExtendedData>
          <Data name="description">
            <value/>
          </Data>
          <Data name="OBJECTID">
            <value>145</value>
          </Data>
          <Data name="route">
            <value>902</value>
          </Data>
          <Data name="routesort">
            <value>902</value>
          </Data>
          <Data name="RouteDescription">
            <value>Green Line - Mpls - St Paul</value>
          </Data>
          <Data name="RouteOperator">
            <value>M</value>
          </Data>
          <Data name="EffectiveDate">
            <value>2025/10/04 00:00:00+00</value>
          </Data>
          <Data name="payleavedirectionid">
            <value>0</value>
          </Data>
          <Data name="routepayleave">
            <value>0</value>
          </Data>
          <Data name="RouteClass">
            <value>LRT</value>
          </Data>
          <Data name="IsPublic">
            <value>1</value>
          </Data>
          <Data name="wk_ftrip">
            <value>04:26:00</value>
          </Data>
          <Data name="wk_ltrip">
            <value>00:27:00</value>
          </Data>
          <Data name="wk_span">
            <value>20:01:00</value>
          </Data>
          <Data name="wk_trip_freq">
            <value>344</value>
          </Data>
          <Data name="sat_ftrip">
            <value/>
          </Data>
          <Data name="sat_ltrip">
            <value/>
          </Data>
          <Data name="sat_span">
            <value/>
          </Data>
          <Data name="sat_trip_freq">
            <value/>
          </Data>
          <Data name="sun_ftrip">
            <value/>
          </Data>
          <Data name="sun_ltrip">
            <value/>
          </Data>
          <Data name="sun_span">
            <value/>
          </Data>
          <Data name="sun_trip_freq">
            <value/>
          </Data>
          <Data name="Shape__Length">
            <value>20767.4500787576</value>
          </Data>
        </ExtendedData>
        <MultiGeometry>
          <LineString>
            <tessellate>1</tessellate>
            <coordinates>
              -93.194511,44.962708,0
              -93.194576,44.962751,0
              -93.195435,44.963096,0
              -93.195888,44.963278,0
              -93.196014,44.96331,0
            </coordinates>
          </LineString>
          <LineString>
            <tessellate>1</tessellate>
            <coordinates>
              -93.196014,44.96331,0
              -93.197558,44.963919,0
              -93.199424,44.964669,0
              -93.201186,44.965368,0
              -93.201382,44.965443,0
              -93.20183,44.965624,0
              -93.202177,44.965767,0
              -93.202647,44.965966,0
              -93.203186,44.966167,0
              -93.20481,44.966816,0
            </coordinates>
          </LineString>
          <LineString>
            <tessellate>1</tessellate>
            <coordinates>
              -93.20481,44.966816,0
              -93.204956,44.966903,0
              -93.20646,44.967516,0
              -93.207256,44.967835,0
              -93.2077,44.968012,0
              -93.208361,44.968267,0
              -93.208561,44.968322,0
            </coordinates>
          </LineString>
          <LineString>
            <tessellate>1</tessellate>
            <coordinates>
              -93.208561,44.968322,0
              -93.208843,44.96843,0
              -93.210717,44.969161,0
              -93.212753,44.97001,0
              -93.214257,44.970589,0
              -93.214855,44.970843,0
              -93.214956,44.9709,0
              -93.215067,44.970971,0
              -93.215142,44.971031,0
              -93.215225,44.971102,0
              -93.215255,44.97118,0
              -93.215271,44.971302,0
              -93.215266,44.971752,0
              -93.21526,44.972284,0
              -93.215268,44.972772,0
              -93.215309,44.97289,0
              -93.215355,44.972969,0
              -93.215487,44.973088,0
              -93.215706,44.9732,0
              -93.216155,44.973363,0
              -93.217985,44.974093,0
              -93.220164,44.974953,0
              -93.220755,44.975197,0
              -93.221612,44.975538,0
              -93.221776,44.975586,0
              -93.221914,44.975609,0
              -93.222024,44.9756,0
              -93.222141,44.975561,0
              -93.22225,44.975498,0
              -93.222333,44.975385,0
              -93.222482,44.975179,0
              -93.222813,44.974775,0
              -93.223244,44.97425,0
              -93.223326,44.97414,0
              -93.223377,44.974073,0
              -93.223395,44.97405,0
              -93.2236,44.973781,0
              -93.223754,44.973686,0
              -93.223903,44.973616,0
              -93.223988,44.973612,0
              -93.224088,44.973613,0
              -93.225652,44.97361,0
              -93.226441,44.973617,0
              -93.227115,44.973666,0
              -93.227351,44.973674,0
              -93.227834,44.973683,0
              -93.228407,44.973685,0
              -93.22869,44.973687,0
              -93.230294,44.973678,0
              -93.231067,44.973675,0
              -93.231895,44.973671,0
              -93.23385,44.973662,0
              -93.234194,44.973644,0
              -93.234418,44.973622,0
              -93.234834,44.973619,0
              -93.235929,44.97361,0
              -93.236524,44.973606,0
              -93.236679,44.9736,0
              -93.237274,44.9735,0
              -93.237903,44.97341,0
              -93.238435,44.973316,0
              -93.240665,44.972915,0
              -93.241414,44.972785,0
              -93.242451,44.972611,0
              -93.24409,44.972322,0
              -93.245005,44.97216,0
              -93.245117,44.97214,0
            </coordinates>
          </LineString>
          <LineString>
            <tessellate>1</tessellate>
            <coordinates>
              -93.245117,44.97214,0
              -93.245246,44.972159,0
              -93.245557,44.97211,0
              -93.245746,44.972082,0
              -93.245896,44.972051,0
              -93.246143,44.972006,0
              -93.247007,44.971849,0
              -93.247109,44.97179,0
            </coordinates>
          </LineString>
          <LineString>
            <tessellate>1</tessellate>
            <coordinates>
              -93.247109,44.97179,0
              -93.247241,44.971761,0
              -93.247604,44.971696,0
              -93.248057,44.971594,0
              -93.249398,44.971283,0
              -93.250022,44.971143,0
              -93.250947,44.970951,0
              -93.251329,44.970879,0
              -93.251589,44.970872,0
              -93.2517,44.970872,0
              -93.251903,44.970889,0
              -93.25207,44.970923,0
              -93.252284,44.970981,0
              -93.252518,44.971067,0
              -93.252684,44.971147,0
              -93.252892,44.971293,0
              -93.253114,44.971511,0
              -93.253372,44.971775,0
            </coordinates>
          </LineString>
          <LineString>
            <tessellate>1</tessellate>
            <coordinates>
              -93.253372,44.971775,0
              -93.25406,44.972761,0
            </coordinates>
          </LineString>
          <LineString>
            <tessellate>1</tessellate>
            <coordinates>
              -93.25406,44.972761,0
              -93.254213,44.972977,0
              -93.254325,44.973143,0
              -93.25465,44.973626,0
              -93.254766,44.973789,0
              -93.254909,44.973959,0
              -93.255036,44.974073,0
              -93.255167,44.974166,0
              -93.255402,44.974298,0
              -93.25553,44.974365,0
              -93.256343,44.974714,0
              -93.257136,44.975047,0
              -93.25775,44.975301,0
              -93.257887,44.975335,0
              -93.258037,44.975354,0
              -93.258152,44.975355,0
              -93.258333,44.975341,0
              -93.258555,44.975312,0
              -93.258928,44.975213,0
            </coordinates>
          </LineString>
          <LineString>
            <tessellate>1</tessellate>
            <coordinates>
              -93.258928,44.975213,0
              -93.259106,44.975188,0
              -93.259406,44.975114,0
              -93.2597,44.975042,0
              -93.260644,44.97481,0
              -93.260737,44.974794,0
              -93.260834,44.97479,0
              -93.260913,44.974793,0
              -93.261066,44.974801,0
            </coordinates>
          </LineString>
          <LineString>
            <tessellate>1</tessellate>
            <coordinates>
              -93.261066,44.974801,0
              -93.262441,44.975365,0
              -93.263802,44.975943,0
              -93.265158,44.97652,0
            </coordinates>
          </LineString>
          <LineString>
            <tessellate>1</tessellate>
            <coordinates>
              -93.265158,44.97652,0
              -93.265259,44.976584,0
              -93.265889,44.97685,0
              -93.266411,44.977071,0
              -93.266517,44.977099,0
            </coordinates>
          </LineString>
          <LineString>
            <tessellate>1</tessellate>
            <coordinates>
              -93.266517,44.977099,0
              -93.267885,44.977676,0
              -93.269243,44.978252,0
            </coordinates>
          </LineString>
          <LineString>
            <tessellate>1</tessellate>
            <coordinates>
              -93.269243,44.978252,0
              -93.269386,44.978353,0
              -93.269953,44.978593,0
              -93.270443,44.9788,0
              -93.270621,44.978835,0
            </coordinates>
          </LineString>
          <LineString>
            <tessellate>1</tessellate>
            <coordinates>
              -93.270621,44.978835,0
              -93.27171,44.979295,0
              -93.272335,44.979553,0
              -93.272496,44.979632,0
            </coordinates>
          </LineString>
          <LineString>
            <tessellate>1</tessellate>
            <coordinates>
              -93.272496,44.979632,0
              -93.272582,44.979706,0
              -93.273227,44.980155,0
              -93.273556,44.980384,0
              -93.273661,44.980436,0
            </coordinates>
          </LineString>
          <LineString>
            <tessellate>1</tessellate>
            <coordinates>
              -93.273661,44.980436,0
              -93.274645,44.981081,0
              -93.274819,44.981207,0
              -93.274957,44.981263,0
              -93.275171,44.981382,0
              -93.275289,44.981468,0
              -93.275442,44.981578,0
              -93.27556,44.981663,0
              -93.275685,44.98175,0
              -93.276009,44.981976,0
              -93.276925,44.982611,0
            </coordinates>
          </LineString>
          <LineString>
            <tessellate>1</tessellate>
            <coordinates>
              -93.276925,44.982611,0
              -93.277386,44.982945,0
            </coordinates>
          </LineString>
          <LineString>
            <tessellate>1</tessellate>
            <coordinates>
              -93.277386,44.982945,0
              -93.27746,44.982997,0
              -93.27747,44.983004,0
            </coordinates>
          </LineString>
          <LineString>
            <tessellate>1</tessellate>
            <coordinates>
              -93.27747,44.983004,0
              -93.277492,44.983021,0
              -93.277559,44.983074,0
            </coordinates>
          </LineString>
          <LineString>
            <tessellate>1</tessellate>
            <coordinates>
              -93.277559,44.983074,0
              -93.277608,44.983111,0
              -93.277721,44.98318,0
              -93.277913,44.983258,0
              -93.278495,44.98344,0
            </coordinates>
          </LineString>
          <LineString>
            <tessellate>1</tessellate>
            <coordinates>
              -93.278495,44.98344,0
              -93.278722,44.983513,0
            </coordinates>
          </LineString>
          <LineString>
            <tessellate>1</tessellate>
            <coordinates>
              -93.278596,44.983472,0
              -93.278495,44.98344,0
            </coordinates>
          </LineString>
          <LineString>
            <tessellate>1</tessellate>
            <coordinates>
              -93.277559,44.983074,0
              -93.27747,44.983004,0
            </coordinates>
          </LineString>
          <LineString>
            <tessellate>1</tessellate>
            <coordinates>
              -93.277386,44.982945,0
              -93.277361,44.982927,0
              -93.276925,44.982611,0
            </coordinates>
          </LineString>
          <LineString>
            <tessellate>1</tessellate>
            <coordinates>
              -93.273661,44.980436,0
              -93.273596,44.98036,0
              -93.273225,44.980099,0
              -93.27262,44.979674,0
              -93.272496,44.979632,0
            </coordinates>
          </LineString>
          <LineString>
            <tessellate>1</tessellate>
            <coordinates>
              -93.270621,44.978835,0
              -93.269954,44.978553,0
              -93.269243,44.978252,0
            </coordinates>
          </LineString>
          <LineString>
            <tessellate>1</tessellate>
            <coordinates>
              -93.266517,44.977099,0
              -93.266427,44.977041,0
              -93.265889,44.976811,0
              -93.265285,44.976552,0
              -93.265158,44.97652,0
            </coordinates>
          </LineString>
          <LineString>
            <tessellate>1</tessellate>
            <coordinates>
              -93.261066,44.974801,0
              -93.260948,44.974768,0
              -93.260883,44.974761,0
              -93.260821,44.97476,0
              -93.260761,44.974762,0
              -93.260649,44.974774,0
              -93.260511,44.974806,0
              -93.259692,44.975017,0
              -93.258928,44.975213,0
            </coordinates>
          </LineString>
          <LineString>
            <tessellate>1</tessellate>
            <coordinates>
              -93.25406,44.972761,0
              -93.253393,44.971805,0
              -93.253372,44.971775,0
            </coordinates>
          </LineString>
          <LineString>
            <tessellate>1</tessellate>
            <coordinates>
              -93.247109,44.97179,0
              -93.246982,44.971774,0
              -93.246129,44.97192,0
              -93.245882,44.971962,0
              -93.245737,44.971986,0
              -93.245528,44.972021,0
              -93.245197,44.972085,0
              -93.245117,44.97214,0
            </coordinates>
          </LineString>
          <LineString>
            <tessellate>1</tessellate>
            <coordinates>
              -93.208561,44.968322,0
              -93.208396,44.968215,0
              -93.20646,44.967442,0
              -93.205721,44.967147,0
              -93.204998,44.966859,0
              -93.20481,44.966816,0
            </coordinates>
          </LineString>
          <LineString>
            <tessellate>1</tessellate>
            <coordinates>
              -93.196014,44.96331,0
              -93.195916,44.963246,0
              -93.195465,44.963062,0
              -93.194606,44.96271,0
              -93.194511,44.962708,0
            </coordinates>
          </LineString>
          <LineString>
            <tessellate>1</tessellate>
            <coordinates>
              -93.086713,44.948219,0
              -93.087345,44.947911,0
            </coordinates>
          </LineString>
          <LineString>
            <tessellate>1</tessellate>
            <coordinates>
              -93.087345,44.947911,0
              -93.088155,44.947522,0
              -93.088719,44.947252,0
            </coordinates>
          </LineString>
          <LineString>
            <tessellate>1</tessellate>
            <coordinates>
              -93.088719,44.947252,0
              -93.090019,44.946589,0
              -93.091183,44.946032,0
              -93.091282,44.946012,0
              -93.092301,44.946146,0
              -93.093202,44.946264,0
              -93.093226,44.946311,0
              -93.093956,44.947111,0
              -93.095451,44.948627,0
              -93.095805,44.948982,0
              -93.096473,44.949649,0
              -93.096985,44.950156,0
              -93.097036,44.950183,0
            </coordinates>
          </LineString>
          <LineString>
            <tessellate>1</tessellate>
            <coordinates>
              -93.097036,44.950183,0
              -93.097103,44.950285,0
              -93.097513,44.950651,0
              -93.097836,44.950939,0
              -93.097925,44.950975,0
            </coordinates>
          </LineString>
          <LineString>
            <tessellate>1</tessellate>
            <coordinates>
              -93.097925,44.950975,0
              -93.098157,44.951209,0
              -93.098287,44.951336,0
              -93.098469,44.951509,0
              -93.098576,44.951608,0
              -93.098608,44.951653,0
              -93.098644,44.951718,0
              -93.098649,44.951799,0
              -93.098607,44.951868,0
              -93.09853,44.95192,0
              -93.098413,44.951977,0
              -93.098114,44.952127,0
              -93.098102,44.952133,0
              -93.09809,44.952139,0
              -93.097492,44.952438,0
              -93.096643,44.952869,0
              -93.096573,44.952924,0
              -93.09652,44.953004,0
              -93.096515,44.953086,0
              -93.096528,44.953164,0
              -93.096574,44.953242,0
              -93.097095,44.953697,0
              -93.097237,44.953823,0
              -93.097481,44.954033,0
              -93.097917,44.954408,0
              -93.098204,44.954683,0
              -93.098666,44.955093,0
              -93.098965,44.955429,0
              -93.099204,44.955688,0
              -93.099301,44.955742,0
              -93.099439,44.955801,0
              -93.099552,44.955837,0
              -93.099691,44.955852,0
              -93.099842,44.955854,0
              -93.100823,44.95582,0
              -93.102458,44.955822,0
              -93.103003,44.955816,0
              -93.103221,44.955801,0
              -93.103775,44.955722,0
              -93.103934,44.955702,0
              -93.104571,44.955707,0
              -93.105178,44.955709,0
              -93.105342,44.95571,0
              -93.10569,44.955704,0
              -93.105909,44.955702,0
              -93.106017,44.955702,0
              -93.107221,44.955702,0
              -93.108211,44.955704,0
              -93.108551,44.955735,0
              -93.108908,44.955763,0
              -93.109185,44.955781,0
              -93.109392,44.955784,0
              -93.109809,44.955783,0
              -93.115167,44.955763,0
            </coordinates>
          </LineString>
          <LineString>
            <tessellate>1</tessellate>
            <coordinates>
              -93.115167,44.955763,0
              -93.11613,44.955767,0
            </coordinates>
          </LineString>
          <LineString>
            <tessellate>1</tessellate>
            <coordinates>
              -93.11613,44.955767,0
              -93.117044,44.95576,0
              -93.117919,44.955753,0
            </coordinates>
          </LineString>
          <LineString>
            <tessellate>1</tessellate>
            <coordinates>
              -93.117919,44.955753,0
              -93.118958,44.95575,0
              -93.121241,44.95574,0
              -93.123852,44.955722,0
              -93.124819,44.955717,0
            </coordinates>
          </LineString>
          <LineString>
            <tessellate>1</tessellate>
            <coordinates>
              -93.124819,44.955717,0
              -93.126216,44.955725,0
            </coordinates>
          </LineString>
          <LineString>
            <tessellate>1</tessellate>
            <coordinates>
              -93.126216,44.955725,0
              -93.126394,44.955725,0
            </coordinates>
          </LineString>
          <LineString>
            <tessellate>1</tessellate>
            <coordinates>
              -93.126394,44.955725,0
              -93.127216,44.955729,0
              -93.127654,44.955731,0
            </coordinates>
          </LineString>
          <LineString>
            <tessellate>1</tessellate>
            <coordinates>
              -93.127654,44.955731,0
              -93.128898,44.955719,0
              -93.129149,44.955719,0
              -93.131415,44.955727,0
              -93.134266,44.955723,0
            </coordinates>
          </LineString>
          <LineString>
            <tessellate>1</tessellate>
            <coordinates>
              -93.134266,44.955723,0
              -93.136481,44.95573,0
            </coordinates>
          </LineString>
          <LineString>
            <tessellate>1</tessellate>
            <coordinates>
              -93.136481,44.95573,0
              -93.137323,44.955727,0
              -93.138165,44.955725,0
            </coordinates>
          </LineString>
          <LineString>
            <tessellate>1</tessellate>
            <coordinates>
              -93.138165,44.955725,0
              -93.141553,44.955728,0
              -93.144846,44.955723,0
              -93.1457,44.955721,0
              -93.14655,44.955719,0
              -93.146705,44.955722,0
            </coordinates>
          </LineString>
          <LineString>
            <tessellate>1</tessellate>
            <coordinates>
              -93.146705,44.955722,0
              -93.1475,44.955721,0
              -93.149167,44.95572,0
            </coordinates>
          </LineString>
          <LineString>
            <tessellate>1</tessellate>
            <coordinates>
              -93.149167,44.95572,0
              -93.151722,44.955712,0
              -93.154419,44.955714,0
            </coordinates>
          </LineString>
          <LineString>
            <tessellate>1</tessellate>
            <coordinates>
              -93.154419,44.955714,0
              -93.156821,44.955707,0
            </coordinates>
          </LineString>
          <LineString>
            <tessellate>1</tessellate>
            <coordinates>
              -93.156821,44.955707,0
              -93.157727,44.955701,0
              -93.159164,44.955692,0
            </coordinates>
          </LineString>
          <LineString>
            <tessellate>1</tessellate>
            <coordinates>
              -93.159164,44.955692,0
              -93.160157,44.955691,0
              -93.161716,44.95569,0
              -93.161903,44.95569,0
              -93.163357,44.95568,0
              -93.165227,44.955679,0
            </coordinates>
          </LineString>
          <LineString>
            <tessellate>1</tessellate>
            <coordinates>
              -93.165227,44.955679,0
              -93.16691,44.955684,0
            </coordinates>
          </LineString>
          <LineString>
            <tessellate>1</tessellate>
            <coordinates>
              -93.16691,44.955684,0
              -93.167071,44.955682,0
              -93.167563,44.955677,0
            </coordinates>
          </LineString>
          <LineString>
            <tessellate>1</tessellate>
            <coordinates>
              -93.167563,44.955677,0
              -93.167894,44.955675,0
              -93.168613,44.955672,0
            </coordinates>
          </LineString>
          <LineString>
            <tessellate>1</tessellate>
            <coordinates>
              -93.168613,44.955672,0
              -93.169613,44.955671,0
              -93.172087,44.955662,0
              -93.175548,44.955648,0
              -93.175907,44.955658,0
              -93.176175,44.955685,0
              -93.176505,44.955731,0
              -93.177193,44.955866,0
              -93.177425,44.955915,0
              -93.177694,44.955998,0
              -93.178178,44.95617,0
              -93.178597,44.956348,0
              -93.178731,44.9564,0
              -93.179592,44.956737,0
              -93.182289,44.95783,0
              -93.184765,44.958821,0
              -93.187272,44.959809,0
              -93.187611,44.959957,0
              -93.189664,44.960764,0
              -93.190401,44.961062,0
              -93.190861,44.961255,0
              -93.191685,44.961584,0
              -93.192288,44.961824,0
              -93.192899,44.962068,0
              -93.193895,44.962459,0
              -93.194036,44.962515,0
              -93.194511,44.962708,0
            </coordinates>
          </LineString>
          <LineString>
            <tessellate>1</tessellate>
            <coordinates>
              -93.168613,44.955672,0
              -93.167563,44.955677,0
            </coordinates>
          </LineString>
          <LineString>
            <tessellate>1</tessellate>
            <coordinates>
              -93.16691,44.955684,0
              -93.166108,44.955682,0
              -93.165227,44.955679,0
            </coordinates>
          </LineString>
          <LineString>
            <tessellate>1</tessellate>
            <coordinates>
              -93.159164,44.955692,0
              -93.156821,44.955707,0
            </coordinates>
          </LineString>
          <LineString>
            <tessellate>1</tessellate>
            <coordinates>
              -93.156821,44.955707,0
              -93.155934,44.95571,0
              -93.154419,44.955714,0
            </coordinates>
          </LineString>
          <LineString>
            <tessellate>1</tessellate>
            <coordinates>
              -93.149167,44.95572,0
              -93.146705,44.955722,0
            </coordinates>
          </LineString>
          <LineString>
            <tessellate>1</tessellate>
            <coordinates>
              -93.138165,44.955725,0
              -93.136481,44.95573,0
            </coordinates>
          </LineString>
          <LineString>
            <tessellate>1</tessellate>
            <coordinates>
              -93.136481,44.95573,0
              -93.135577,44.955727,0
              -93.134266,44.955723,0
            </coordinates>
          </LineString>
          <LineString>
            <tessellate>1</tessellate>
            <coordinates>
              -93.127654,44.955731,0
              -93.126394,44.955725,0
            </coordinates>
          </LineString>
          <LineString>
            <tessellate>1</tessellate>
            <coordinates>
              -93.126216,44.955725,0
              -93.125409,44.95572,0
              -93.124819,44.955717,0
            </coordinates>
          </LineString>
          <LineString>
            <tessellate>1</tessellate>
            <coordinates>
              -93.117919,44.955753,0
              -93.11613,44.955767,0
            </coordinates>
          </LineString>
          <LineString>
            <tessellate>1</tessellate>
            <coordinates>
              -93.11613,44.955767,0
              -93.115273,44.955763,0
              -93.115167,44.955763,0
            </coordinates>
          </LineString>
          <LineString>
            <tessellate>1</tessellate>
            <coordinates>
              -93.097925,44.950975,0
              -93.097906,44.950907,0
              -93.097584,44.950626,0
              -93.09716,44.950254,0
              -93.097036,44.950183,0
            </coordinates>
          </LineString>
          <LineString>
            <tessellate>1</tessellate>
            <coordinates>
              -93.088719,44.947252,0
              -93.088152,44.947524,0
              -93.087345,44.947911,0
            </coordinates>
          </LineString>
          <LineString>
            <tessellate>1</tessellate>
            <coordinates>
              -93.087345,44.947911,0
              -93.086735,44.948209,0
            </coordinates>
          </LineString>
        </MultiGeometry>
      </Placemark>
      <Placemark>
        <name>A Line BRT</name>
        <description><![CDATA[description: <br>OBJECTID: 150<br>route: 921<br>routesort: 921<br>RouteDescription: A Line - Roseville - Snelling Av - 46th St<br>RouteOperator: M<br>EffectiveDate: 2025/06/14 00:00:00+00<br>payleavedirectionid: 0<br>routepayleave: 0<br>RouteClass: BRT<br>IsPublic: 1<br>wk_ftrip: 04:06:00<br>wk_ltrip: 01:15:00<br>wk_span: 21:09:00<br>wk_trip_freq: 183<br>sat_ftrip: 04:06:00<br>sat_ltrip: 01:15:00<br>sat_span: 21:09:00<br>sat_trip_freq: 182<br>sun_ftrip: 04:06:00<br>sun_ltrip: 01:15:00<br>sun_span: 21:09:00<br>sun_trip_freq: 178<br>Shape__Length: 27589.9023062234]]></description>
        <styleUrl>#line-F9A825-3325</styleUrl>
        <ExtendedData>
          <Data name="description">
            <value/>
          </Data>
          <Data name="OBJECTID">
            <value>150</value>
          </Data>
          <Data name="route">
            <value>921</value>
          </Data>
          <Data name="routesort">
            <value>921</value>
          </Data>
          <Data name="RouteDescription">
            <value>A Line - Roseville - Snelling Av - 46th St</value>
          </Data>
          <Data name="RouteOperator">
            <value>M</value>
          </Data>
          <Data name="EffectiveDate">
            <value>2025/06/14 00:00:00+00</value>
          </Data>
          <Data name="payleavedirectionid">
            <value>0</value>
          </Data>
          <Data name="routepayleave">
            <value>0</value>
          </Data>
          <Data name="RouteClass">
            <value>BRT</value>
          </Data>
          <Data name="IsPublic">
            <value>1</value>
          </Data>
          <Data name="wk_ftrip">
            <value>04:06:00</value>
          </Data>
          <Data name="wk_ltrip">
            <value>01:15:00</value>
          </Data>
          <Data name="wk_span">
            <value>21:09:00</value>
          </Data>
          <Data name="wk_trip_freq">
            <value>183</value>
          </Data>
          <Data name="sat_ftrip">
            <value>04:06:00</value>
          </Data>
          <Data name="sat_ltrip">
            <value>01:15:00</value>
          </Data>
          <Data name="sat_span">
            <value>21:09:00</value>
          </Data>
          <Data name="sat_trip_freq">
            <value>182</value>
          </Data>
          <Data name="sun_ftrip">
            <value>04:06:00</value>
          </Data>
          <Data name="sun_ltrip">
            <value>01:15:00</value>
          </Data>
          <Data name="sun_span">
            <value>21:09:00</value>
          </Data>
          <Data name="sun_trip_freq">
            <value>178</value>
          </Data>
          <Data name="Shape__Length">
            <value>27589.9023062234</value>
          </Data>
        </ExtendedData>
        <MultiGeometry>
          <LineString>
            <tessellate>1</tessellate>
            <coordinates>
              -93.168394,45.014265,0
              -93.168493,45.014315,0
              -93.168598,45.014236,0
              -93.169135,45.013751,0
              -93.16908,45.013689,0
              -93.169017,45.013631,0
              -93.168946,45.013577,0
              -93.16887,45.013528,0
              -93.168168,45.013129,0
              -93.168112,45.013084,0
              -93.168062,45.013036,0
              -93.168019,45.012984,0
              -93.167981,45.012931,0
              -93.168477,45.012517,0
              -93.168572,45.012438,0
              -93.168381,45.012357,0
              -93.16808,45.012225,0
              -93.167945,45.012164,0
              -93.167892,45.012219,0
              -93.167847,45.012278,0
              -93.167811,45.012339,0
              -93.167785,45.012403,0
              -93.167768,45.012469,0
              -93.167762,45.012536,0
              -93.167765,45.012602,0
              -93.167778,45.012668,0
              -93.167838,45.012826,0
              -93.167894,45.012973,0
              -93.167904,45.012991,0
              -93.16794,45.01305,0
              -93.167984,45.013105,0
              -93.168034,45.013158,0
              -93.168091,45.013207,0
              -93.168154,45.013253,0
              -93.168222,45.013294,0
              -93.16857,45.013468,0
              -93.168851,45.013683,0
              -93.168887,45.013769,0
              -93.168855,45.013843,0
              -93.168752,45.013934,0
              -93.16849,45.014182,0
              -93.168394,45.014265,0
            </coordinates>
          </LineString>
          <LineString>
            <tessellate>1</tessellate>
            <coordinates>
              -93.168394,45.014265,0
              -93.168097,45.014504,0
              -93.168042,45.014543,0
              -93.167981,45.014578,0
              -93.167915,45.014606,0
              -93.167843,45.014628,0
              -93.167769,45.014644,0
              -93.167692,45.014653,0
              -93.167628,45.014653,0
              -93.167565,45.014646,0
              -93.167504,45.014632,0
              -93.167447,45.014613,0
              -93.167393,45.014588,0
              -93.167346,45.014558,0
              -93.167305,45.014523,0
              -93.167271,45.014484,0
              -93.167246,45.014443,0
              -93.167229,45.014399,0
              -93.16722,45.014354,0
              -93.167093,45.01377,0
              -93.167087,45.013573,0
            </coordinates>
          </LineString>
          <LineString>
            <tessellate>1</tessellate>
            <coordinates>
              -93.167087,45.013573,0
              -93.167076,45.013423,0
              -93.167055,45.013228,0
              -93.167025,45.013035,0
              -93.166986,45.012842,0
              -93.16694,45.01265,0
              -93.16687,45.012456,0
              -93.166808,45.01226,0
              -93.166755,45.012064,0
              -93.16671,45.011866,0
              -93.166674,45.011667,0
              -93.166647,45.011467,0
              -93.166628,45.011267,0
              -93.166618,45.011067,0
              -93.166617,45.010867,0
              -93.166624,45.010666,0
              -93.166619,45.01036,0
              -93.166613,45.010054,0
              -93.166608,45.009768,0
              -93.166604,45.007661,0
              -93.166592,45.006175,0
              -93.166591,45.00585,0
              -93.16659,45.005169,0
              -93.166545,45.003561,0
              -93.166543,45.003507,0
              -93.166544,45.003329,0
              -93.166554,45.001777,0
              -93.166612,45.000931,0
              -93.166664,44.999168,0
              -93.16667,44.998972,0
              -93.166681,44.997171,0
              -93.166691,44.995368,0
              -93.166717,44.99281,0
              -93.166744,44.991822,0
              -93.166748,44.991694,0
              -93.166766,44.991238,0
              -93.166768,44.991185,0
              -93.166799,44.99041,0
              -93.166836,44.989987,0
              -93.166853,44.989824,0
              -93.166877,44.989662,0
              -93.167017,44.988688,0
              -93.167043,44.98851,0
              -93.167062,44.988331,0
              -93.167075,44.988152,0
              -93.167086,44.98792,0
              -93.167087,44.987894,0
              -93.167093,44.987635,0
              -93.167095,44.987377,0
              -93.167057,44.986344,0
              -93.167032,44.985579,0
              -93.167048,44.984534,0
              -93.167066,44.98297,0
              -93.16712,44.98109,0
              -93.167123,44.981017,0
              -93.167145,44.980046,0
              -93.167222,44.979878,0
              -93.167292,44.979147,0
              -93.167301,44.978956,0
              -93.167315,44.978828,0
              -93.167336,44.978701,0
              -93.167363,44.978575,0
              -93.167397,44.978449,0
              -93.167742,44.977304,0
              -93.167647,44.976988,0
              -93.167563,44.976707,0
              -93.16745,44.976249,0
              -93.167189,44.975197,0
              -93.167082,44.974392,0
              -93.167086,44.973597,0
              -93.16709,44.972847,0
              -93.167097,44.971647,0
              -93.167101,44.970966,0
              -93.16711,44.969341,0
              -93.167111,44.969236,0
              -93.167118,44.968412,0
              -93.167125,44.967668,0
              -93.167127,44.966451,0
              -93.167129,44.9661,0
              -93.167134,44.965256,0
              -93.16713,44.964054,0
              -93.167132,44.962886,0
              -93.167127,44.96246,0
              -93.167122,44.961967,0
              -93.167117,44.961066,0
              -93.167107,44.960153,0
              -93.167093,44.959261,0
              -93.16709,44.958369,0
              -93.167077,44.957454,0
              -93.167072,44.956561,0
              -93.167071,44.955737,0
              -93.167071,44.955682,0
              -93.167071,44.955599,0
              -93.167073,44.954969,0
              -93.167074,44.954784,0
              -93.167069,44.954049,0
              -93.167071,44.953533,0
              -93.16725,44.952098,0
              -93.16724,44.951741,0
              -93.167235,44.951597,0
              -93.167224,44.951226,0
              -93.16712,44.950256,0
              -93.167076,44.94994,0
              -93.167075,44.949343,0
              -93.167087,44.948434,0
              -93.167078,44.948093,0
              -93.167069,44.948024,0
              -93.167054,44.947955,0
              -93.167033,44.947887,0
              -93.167006,44.947821,0
            </coordinates>
          </LineString>
          <LineString>
            <tessellate>1</tessellate>
            <coordinates>
              -93.167006,44.947821,0
              -93.167004,44.94756,0
              -93.167002,44.947396,0
            </coordinates>
          </LineString>
          <LineString>
            <tessellate>1</tessellate>
            <coordinates>
              -93.167002,44.947396,0
              -93.166997,44.946562,0
            </coordinates>
          </LineString>
          <LineString>
            <tessellate>1</tessellate>
            <coordinates>
              -93.166997,44.946562,0
              -93.166999,44.945747,0
              -93.167001,44.945017,0
              -93.167003,44.943965,0
              -93.167006,44.942911,0
              -93.167001,44.941686,0
              -93.167002,44.941485,0
              -93.167004,44.941262,0
              -93.167013,44.94008,0
            </coordinates>
          </LineString>
          <LineString>
            <tessellate>1</tessellate>
            <coordinates>
              -93.167013,44.94008,0
              -93.167078,44.939956,0
              -93.167082,44.93975,0
              -93.167094,44.939208,0
              -93.167085,44.938254,0
              -93.167077,44.937944,0
              -93.167076,44.937942,0
              -93.167087,44.936103,0
              -93.167101,44.934444,0
              -93.167102,44.934344,0
              -93.167026,44.934254,0
            </coordinates>
          </LineString>
          <LineString>
            <tessellate>1</tessellate>
            <coordinates>
              -93.167026,44.934254,0
              -93.167026,44.933349,0
              -93.167026,44.932437,0
              -93.167025,44.931531,0
              -93.167025,44.930621,0
              -93.167025,44.929711,0
              -93.167025,44.928809,0
              -93.167028,44.927897,0
            </coordinates>
          </LineString>
          <LineString>
            <tessellate>1</tessellate>
            <coordinates>
              -93.167028,44.927897,0
              -93.167025,44.926988,0
            </coordinates>
          </LineString>
          <LineString>
            <tessellate>1</tessellate>
            <coordinates>
              -93.167025,44.926988,0
              -93.167024,44.926695,0
              -93.167025,44.92608,0
            </coordinates>
          </LineString>
          <LineString>
            <tessellate>1</tessellate>
            <coordinates>
              -93.167025,44.92608,0
              -93.167027,44.925179,0
              -93.167025,44.924268,0
              -93.167025,44.923361,0
              -93.167025,44.922453,0
              -93.167025,44.921548,0
              -93.167025,44.92064,0
            </coordinates>
          </LineString>
          <LineString>
            <tessellate>1</tessellate>
            <coordinates>
              -93.167025,44.92064,0
              -93.167024,44.919897,0
            </coordinates>
          </LineString>
          <LineString>
            <tessellate>1</tessellate>
            <coordinates>
              -93.167024,44.919897,0
              -93.167024,44.919776,0
              -93.167024,44.919684,0
              -93.167029,44.918829,0
              -93.16703,44.917929,0
              -93.169574,44.917939,0
              -93.172114,44.917949,0
            </coordinates>
          </LineString>
          <LineString>
            <tessellate>1</tessellate>
            <coordinates>
              -93.172114,44.917949,0
              -93.177199,44.917957,0
            </coordinates>
          </LineString>
          <LineString>
            <tessellate>1</tessellate>
            <coordinates>
              -93.177199,44.917957,0
              -93.177652,44.917958,0
              -93.180873,44.917965,0
              -93.181497,44.917927,0
              -93.18211,44.917918,0
            </coordinates>
          </LineString>
          <LineString>
            <tessellate>1</tessellate>
            <coordinates>
              -93.18211,44.917918,0
              -93.182341,44.91796,0
              -93.184692,44.917963,0
              -93.184831,44.917963,0
              -93.187379,44.917967,0
              -93.189912,44.917963,0
              -93.190381,44.917962,0
              -93.192476,44.917954,0
              -93.195399,44.917942,0
              -93.195585,44.917942,0
              -93.19677,44.917942,0
              -93.196954,44.917942,0
              -93.198053,44.91793,0
              -93.198456,44.917883,0
            </coordinates>
          </LineString>
          <LineString>
            <tessellate>1</tessellate>
            <coordinates>
              -93.198456,44.917883,0
              -93.198822,44.917882,0
              -93.201495,44.917875,0
              -93.204362,44.91786,0
              -93.204515,44.917864,0
              -93.204666,44.917876,0
              -93.204816,44.917894,0
              -93.204964,44.91792,0
              -93.20511,44.917952,0
              -93.205252,44.917991,0
              -93.20539,44.918037,0
              -93.205525,44.918088,0
              -93.205653,44.918146,0
              -93.205777,44.91821,0
              -93.205894,44.918279,0
              -93.206005,44.918353,0
              -93.206109,44.918433,0
              -93.206205,44.918517,0
              -93.206293,44.918605,0
              -93.206374,44.918697,0
              -93.206445,44.918793,0
              -93.20654,44.918931,0
            </coordinates>
          </LineString>
          <LineString>
            <tessellate>1</tessellate>
            <coordinates>
              -93.20654,44.918931,0
              -93.206644,44.91914,0
              -93.20676,44.919295,0
              -93.206815,44.91936,0
              -93.206864,44.919414,0
              -93.206932,44.919469,0
              -93.207015,44.919532,0
              -93.20708,44.919572,0
              -93.207154,44.919614,0
              -93.207224,44.919646,0
              -93.207299,44.919677,0
              -93.207423,44.919719,0
              -93.207479,44.919736,0
              -93.207546,44.919753,0
              -93.207657,44.91977,0
              -93.20793,44.919782,0
              -93.208187,44.919786,0
              -93.208211,44.919786,0
              -93.208921,44.919786,0
              -93.210197,44.919775,0
              -93.211466,44.919767,0
              -93.212757,44.919754,0
              -93.214028,44.919753,0
              -93.21484,44.919741,0
              -93.215444,44.919727,0
              -93.215864,44.919717,0
              -93.216522,44.919677,0
            </coordinates>
          </LineString>
          <LineString>
            <tessellate>1</tessellate>
            <coordinates>
              -93.216522,44.919677,0
              -93.217879,44.919672,0
              -93.218558,44.919672,0
              -93.218773,44.919675,0
              -93.219079,44.919682,0
              -93.220394,44.919692,0
              -93.220394,44.919773,0
              -93.220383,44.919854,0
              -93.220363,44.919933,0
              -93.220333,44.920011,0
            </coordinates>
          </LineString>
          <LineString>
            <tessellate>1</tessellate>
            <coordinates>
              -93.220333,44.920011,0
              -93.220229,44.920079,0
              -93.220012,44.920134,0
              -93.219912,44.92016,0
              -93.219845,44.920187,0
              -93.219813,44.920217,0
              -93.219832,44.92027,0
              -93.219837,44.920277,0
              -93.219894,44.920347,0
              -93.220077,44.920622,0
              -93.220215,44.920829,0
              -93.220341,44.921017,0
              -93.220496,44.92125,0
              -93.2205,44.921255,0
              -93.220527,44.921275,0
              -93.220547,44.921291,0
              -93.220635,44.921315,0
              -93.2207,44.921313,0
              -93.220778,44.921288,0
              -93.220815,44.921246,0
              -93.220843,44.921211,0
              -93.220849,44.921149,0
              -93.220857,44.920923,0
              -93.220841,44.920868,0
              -93.220419,44.920254,0
              -93.220356,44.92009,0
              -93.220333,44.920011,0
            </coordinates>
          </LineString>
          <LineString>
            <tessellate>1</tessellate>
            <coordinates>
              -93.216522,44.919677,0
              -93.215727,44.919633,0
              -93.21519,44.919631,0
              -93.215013,44.919633,0
              -93.214784,44.919635,0
              -93.214029,44.919638,0
              -93.212755,44.919653,0
              -93.211466,44.91966,0
              -93.210196,44.919669,0
              -93.208922,44.91968,0
              -93.208257,44.919685,0
              -93.207978,44.919684,0
              -93.207838,44.91967,0
              -93.20782,44.919668,0
              -93.207657,44.919645,0
              -93.207564,44.919626,0
              -93.207467,44.919599,0
              -93.207395,44.919575,0
              -93.207329,44.91955,0
              -93.207254,44.919517,0
              -93.207181,44.91948,0
              -93.207081,44.91942,0
              -93.207009,44.919376,0
              -93.206951,44.919337,0
              -93.206843,44.919237,0
              -93.206736,44.919117,0
              -93.20654,44.918931,0
            </coordinates>
          </LineString>
          <LineString>
            <tessellate>1</tessellate>
            <coordinates>
              -93.198456,44.917883,0
              -93.198023,44.91785,0
              -93.197637,44.917843,0
              -93.196955,44.917839,0
              -93.19593,44.917851,0
              -93.195493,44.917856,0
              -93.192476,44.917861,0
              -93.189908,44.917874,0
              -93.188937,44.917875,0
              -93.187379,44.917876,0
              -93.18499,44.917874,0
              -93.184831,44.917874,0
              -93.182346,44.917861,0
              -93.18211,44.917918,0
            </coordinates>
          </LineString>
          <LineString>
            <tessellate>1</tessellate>
            <coordinates>
              -93.177199,44.917957,0
              -93.176754,44.917956,0
              -93.172114,44.917949,0
            </coordinates>
          </LineString>
          <LineString>
            <tessellate>1</tessellate>
            <coordinates>
              -93.167024,44.919897,0
              -93.167024,44.920091,0
              -93.167025,44.92064,0
            </coordinates>
          </LineString>
          <LineString>
            <tessellate>1</tessellate>
            <coordinates>
              -93.167025,44.92608,0
              -93.167025,44.926988,0
            </coordinates>
          </LineString>
          <LineString>
            <tessellate>1</tessellate>
            <coordinates>
              -93.167025,44.926988,0
              -93.167025,44.927254,0
              -93.167028,44.927897,0
            </coordinates>
          </LineString>
          <LineString>
            <tessellate>1</tessellate>
            <coordinates>
              -93.167026,44.934254,0
              -93.166968,44.934343,0
              -93.166966,44.934545,0
              -93.166962,44.935166,0
              -93.166962,44.935193,0
              -93.166966,44.936103,0
              -93.166949,44.937009,0
              -93.166948,44.937036,0
              -93.166947,44.937944,0
              -93.166951,44.938362,0
              -93.16695,44.939002,0
              -93.166947,44.93976,0
              -93.166947,44.939952,0
              -93.167013,44.94008,0
            </coordinates>
          </LineString>
          <LineString>
            <tessellate>1</tessellate>
            <coordinates>
              -93.166997,44.946562,0
              -93.167001,44.947256,0
              -93.167002,44.947396,0
            </coordinates>
          </LineString>
          <LineString>
            <tessellate>1</tessellate>
            <coordinates>
              -93.167002,44.947396,0
              -93.167006,44.947821,0
            </coordinates>
          </LineString>
          <LineString>
            <tessellate>1</tessellate>
            <coordinates>
              -93.167006,44.947821,0
              -93.166976,44.947884,0
              -93.166953,44.947949,0
              -93.166936,44.948015,0
              -93.166927,44.948082,0
              -93.166921,44.948435,0
              -93.166915,44.949344,0
              -93.166917,44.950256,0
              -93.166972,44.951228,0
              -93.166958,44.951592,0
              -93.166953,44.951731,0
              -93.166939,44.952085,0
              -93.166916,44.953252,0
              -93.1669,44.954045,0
              -93.166921,44.954783,0
              -93.16692,44.954831,0
              -93.166916,44.955179,0
              -93.166911,44.955599,0
              -93.16691,44.955684,0
              -93.16691,44.955736,0
              -93.16692,44.956562,0
              -93.16693,44.957454,0
              -93.166937,44.958368,0
              -93.16695,44.959245,0
              -93.166955,44.960153,0
              -93.166959,44.961067,0
              -93.166972,44.961967,0
              -93.166982,44.962877,0
              -93.166979,44.963256,0
              -93.166975,44.964053,0
              -93.166974,44.965259,0
              -93.166968,44.966476,0
              -93.166971,44.966791,0
              -93.166976,44.967529,0
              -93.166977,44.967669,0
              -93.166977,44.968397,0
              -93.166976,44.969281,0
              -93.166975,44.969342,0
              -93.166968,44.970928,0
              -93.166967,44.971358,0
              -93.166964,44.972791,0
              -93.166963,44.973594,0
              -93.166962,44.974105,0
              -93.166881,44.974657,0
              -93.166809,44.975247,0
              -93.166659,44.976214,0
              -93.166546,44.976644,0
              -93.166409,44.977313,0
              -93.166561,44.977758,0
              -93.166848,44.978597,0
              -93.166897,44.978898,0
              -93.166939,44.979199,0
              -93.166973,44.979501,0
              -93.166955,44.98062,0
              -93.166948,44.981006,0
              -93.166947,44.981136,0
              -93.166932,44.982972,0
              -93.166907,44.984534,0
              -93.166892,44.985451,0
              -93.166907,44.986074,0
              -93.166913,44.986345,0
              -93.166918,44.987373,0
              -93.166929,44.987568,0
              -93.166932,44.987763,0
              -93.166925,44.987958,0
              -93.166909,44.988153,0
              -93.166726,44.989248,0
              -93.166514,44.990768,0
              -93.166524,44.991696,0
              -93.166524,44.991822,0
              -93.166524,44.992226,0
              -93.166524,44.992302,0
              -93.166523,44.992811,0
              -93.166498,44.995371,0
              -93.166484,44.997173,0
              -93.166474,44.998816,0
              -93.166472,44.998975,0
              -93.166477,44.999338,0
              -93.166473,44.999701,0
              -93.16646,45.000063,0
              -93.166438,45.000426,0
              -93.166408,45.000788,0
              -93.166368,45.002034,0
              -93.166352,45.003329,0
              -93.166348,45.003721,0
              -93.166356,45.004574,0
              -93.16637,45.006177,0
              -93.166348,45.007815,0
              -93.166365,45.00981,0
              -93.166363,45.010056,0
              -93.166362,45.01036,0
              -93.166361,45.010659,0
              -93.16637,45.010841,0
              -93.166389,45.011023,0
              -93.166416,45.011204,0
              -93.166452,45.011384,0
              -93.166497,45.011564,0
              -93.166552,45.011742,0
              -93.166629,45.011977,0
              -93.166696,45.012214,0
              -93.166754,45.012452,0
              -93.166801,45.012692,0
              -93.166839,45.012932,0
              -93.16686,45.013118,0
              -93.166875,45.013341,0
              -93.166886,45.013492,0
            </coordinates>
          </LineString>
          <LineString>
            <tessellate>1</tessellate>
            <coordinates>
              -93.166886,45.013492,0
              -93.166995,45.013532,0
              -93.167087,45.013573,0
            </coordinates>
          </LineString>
          <LineString>
            <tessellate>1</tessellate>
            <coordinates>
              -93.167087,45.013573,0
              -93.167391,45.013712,0
              -93.168105,45.014106,0
              -93.168394,45.014265,0
            </coordinates>
          </LineString>
          <LineString>
            <tessellate>1</tessellate>
            <coordinates>
              -93.166886,45.013492,0
              -93.166919,45.013974,0
              -93.166918,45.014027,0
              -93.166907,45.014079,0
              -93.166888,45.014131,0
              -93.166859,45.01418,0
              -93.166823,45.014226,0
              -93.166778,45.014269,0
              -93.166727,45.014307,0
              -93.166669,45.014341,0
              -93.166605,45.014369,0
              -93.166537,45.014391,0
              -93.166466,45.014408,0
              -93.166393,45.014418,0
              -93.166318,45.014421,0
              -93.16625,45.014418,0
              -93.166183,45.014408,0
              -93.166118,45.014393,0
              -93.166056,45.014372,0
              -93.165999,45.014345,0
              -93.165948,45.014313,0
              -93.165902,45.014277,0
              -93.165864,45.014237,0
              -93.165833,45.014194,0
              -93.16581,45.014148,0
              -93.165796,45.014101,0
              -93.165791,45.014052,0
              -93.165794,45.014004,0
              -93.165973,45.013604,0
              -93.166144,45.013232,0
              -93.166258,45.013313,0
              -93.16662,45.013413,0
              -93.166886,45.013492,0
            </coordinates>
          </LineString>
        </MultiGeometry>
      </Placemark>
      <Placemark>
        <name>B Line BRT</name>
        <description><![CDATA[description: <br>OBJECTID: 151<br>route: 922<br>routesort: 922<br>RouteDescription: B Line - Lake St - Selby Av - Union Depot<br>RouteOperator: M<br>EffectiveDate: 2025/06/14 00:00:00+00<br>payleavedirectionid: 2<br>routepayleave: 0<br>RouteClass: BRT<br>IsPublic: 1<br>wk_ftrip: 03:57:00<br>wk_ltrip: 02:03:00<br>wk_span: 22:06:00<br>wk_trip_freq: 202<br>sat_ftrip: 03:57:00<br>sat_ltrip: 02:03:00<br>sat_span: 22:06:00<br>sat_trip_freq: 196<br>sun_ftrip: 03:57:00<br>sun_ltrip: 01:08:00<br>sun_span: 21:11:00<br>sun_trip_freq: 182<br>Shape__Length: 30810.5168657447]]></description>
        <styleUrl>#line-0288D1-3519</styleUrl>
        <ExtendedData>
          <Data name="description">
            <value/>
          </Data>
          <Data name="OBJECTID">
            <value>151</value>
          </Data>
          <Data name="route">
            <value>922</value>
          </Data>
          <Data name="routesort">
            <value>922</value>
          </Data>
          <Data name="RouteDescription">
            <value>B Line - Lake St - Selby Av - Union Depot</value>
          </Data>
          <Data name="RouteOperator">
            <value>M</value>
          </Data>
          <Data name="EffectiveDate">
            <value>2025/06/14 00:00:00+00</value>
          </Data>
          <Data name="payleavedirectionid">
            <value>2</value>
          </Data>
          <Data name="routepayleave">
            <value>0</value>
          </Data>
          <Data name="RouteClass">
            <value>BRT</value>
          </Data>
          <Data name="IsPublic">
            <value>1</value>
          </Data>
          <Data name="wk_ftrip">
            <value>03:57:00</value>
          </Data>
          <Data name="wk_ltrip">
            <value>02:03:00</value>
          </Data>
          <Data name="wk_span">
            <value>22:06:00</value>
          </Data>
          <Data name="wk_trip_freq">
            <value>202</value>
          </Data>
          <Data name="sat_ftrip">
            <value>03:57:00</value>
          </Data>
          <Data name="sat_ltrip">
            <value>02:03:00</value>
          </Data>
          <Data name="sat_span">
            <value>22:06:00</value>
          </Data>
          <Data name="sat_trip_freq">
            <value>196</value>
          </Data>
          <Data name="sun_ftrip">
            <value>03:57:00</value>
          </Data>
          <Data name="sun_ltrip">
            <value>01:08:00</value>
          </Data>
          <Data name="sun_span">
            <value>21:11:00</value>
          </Data>
          <Data name="sun_trip_freq">
            <value>182</value>
          </Data>
          <Data name="Shape__Length">
            <value>30810.5168657447</value>
          </Data>
        </ExtendedData>
        <MultiGeometry>
          <LineString>
            <tessellate>1</tessellate>
            <coordinates>
              -93.328429,44.947832,0
              -93.327572,44.947825,0
              -93.327589,44.947984,0
              -93.327615,44.948035,0
              -93.327665,44.948068,0
              -93.327724,44.948083,0
              -93.328167,44.948079,0
              -93.328284,44.948078,0
              -93.328351,44.948057,0
              -93.328402,44.948024,0
              -93.328414,44.947979,0
              -93.328429,44.947832,0
            </coordinates>
          </LineString>
          <LineString>
            <tessellate>1</tessellate>
            <coordinates>
              -93.328429,44.947832,0
              -93.328846,44.947835,0
              -93.328836,44.94827,0
            </coordinates>
          </LineString>
          <LineString>
            <tessellate>1</tessellate>
            <coordinates>
              -93.328836,44.94827,0
              -93.328347,44.948311,0
              -93.32806,44.948333,0
              -93.328018,44.948336,0
              -93.327802,44.948352,0
              -93.327443,44.948375,0
              -93.327322,44.948382,0
              -93.326946,44.948393,0
              -93.326567,44.948398,0
              -93.326279,44.948399,0
              -93.326231,44.948399,0
              -93.326031,44.948398,0
              -93.325525,44.948395,0
              -93.324988,44.948395,0
              -93.324296,44.948393,0
              -93.323798,44.948391,0
              -93.323671,44.948391,0
              -93.323394,44.948389,0
              -93.322978,44.948385,0
              -93.321849,44.948352,0
              -93.32123,44.948345,0
              -93.320616,44.948342,0
              -93.31937,44.948339,0
              -93.3189,44.948336,0
              -93.318307,44.948336,0
              -93.317915,44.948337,0
              -93.317177,44.948598,0
              -93.316477,44.948841,0
              -93.316064,44.948975,0
              -93.315413,44.949185,0
              -93.313788,44.949709,0
              -93.313168,44.949904,0
              -93.312696,44.950072,0
              -93.312105,44.95026,0
              -93.31178,44.950351,0
              -93.311638,44.950385,0
              -93.311524,44.95041,0
              -93.311367,44.950437,0
              -93.311183,44.95046,0
              -93.311043,44.950469,0
              -93.310893,44.950477,0
              -93.310703,44.950479,0
              -93.310476,44.950469,0
              -93.310318,44.950453,0
              -93.310118,44.950423,0
              -93.309975,44.950398,0
              -93.309833,44.950365,0
              -93.30965,44.950312,0
              -93.30943,44.950241,0
              -93.309255,44.950174,0
              -93.309014,44.950078,0
              -93.308588,44.9499,0
              -93.308142,44.949719,0
              -93.307519,44.949458,0
              -93.306812,44.949165,0
              -93.30574,44.948624,0
              -93.305468,44.948497,0
              -93.305394,44.948466,0
              -93.305317,44.948439,0
              -93.305237,44.948417,0
              -93.305154,44.948401,0
              -93.305069,44.94839,0
              -93.304984,44.948384,0
              -93.304976,44.948383,0
              -93.304647,44.948378,0
              -93.303375,44.948366,0
              -93.302119,44.948366,0
              -93.300838,44.948365,0
              -93.299551,44.948362,0
              -93.298289,44.948362,0
              -93.297977,44.948363,0
              -93.29701,44.948365,0
              -93.295753,44.948369,0
              -93.294462,44.948353,0
              -93.293193,44.948363,0
            </coordinates>
          </LineString>
          <LineString>
            <tessellate>1</tessellate>
            <coordinates>
              -93.293193,44.948363,0
              -93.291917,44.948359,0
              -93.290654,44.948363,0
              -93.289379,44.948367,0
            </coordinates>
          </LineString>
          <LineString>
            <tessellate>1</tessellate>
            <coordinates>
              -93.289379,44.948367,0
              -93.288093,44.948365,0
            </coordinates>
          </LineString>
          <LineString>
            <tessellate>1</tessellate>
            <coordinates>
              -93.288093,44.948365,0
              -93.287919,44.948365,0
              -93.286815,44.948368,0
            </coordinates>
          </LineString>
          <LineString>
            <tessellate>1</tessellate>
            <coordinates>
              -93.286815,44.948368,0
              -93.285557,44.948359,0
              -93.284297,44.948359,0
              -93.283012,44.948356,0
              -93.28136,44.948354,0
              -93.279688,44.948341,0
            </coordinates>
          </LineString>
          <LineString>
            <tessellate>1</tessellate>
            <coordinates>
              -93.279688,44.948341,0
              -93.277919,44.948359,0
            </coordinates>
          </LineString>
          <LineString>
            <tessellate>1</tessellate>
            <coordinates>
              -93.277919,44.948359,0
              -93.277746,44.948358,0
              -93.276684,44.948358,0
            </coordinates>
          </LineString>
          <LineString>
            <tessellate>1</tessellate>
            <coordinates>
              -93.276684,44.948358,0
              -93.27539,44.948354,0
              -93.275192,44.948354,0
              -93.27489,44.948354,0
              -93.274791,44.948354,0
              -93.27475,44.948354,0
              -93.274699,44.948355,0
              -93.274595,44.948356,0
            </coordinates>
          </LineString>
          <LineString>
            <tessellate>1</tessellate>
            <coordinates>
              -93.274595,44.948356,0
              -93.274395,44.948357,0
              -93.274114,44.948359,0
            </coordinates>
          </LineString>
          <LineString>
            <tessellate>1</tessellate>
            <coordinates>
              -93.274114,44.948359,0
              -93.272851,44.948351,0
              -93.271594,44.948357,0
              -93.270308,44.948354,0
              -93.270134,44.948354,0
              -93.269586,44.948354,0
              -93.269025,44.948354,0
              -93.267758,44.94835,0
              -93.266484,44.948348,0
              -93.265227,44.948351,0
              -93.263937,44.948349,0
            </coordinates>
          </LineString>
          <LineString>
            <tessellate>1</tessellate>
            <coordinates>
              -93.263937,44.948349,0
              -93.262897,44.948356,0
              -93.262672,44.948357,0
            </coordinates>
          </LineString>
          <LineString>
            <tessellate>1</tessellate>
            <coordinates>
              -93.262672,44.948357,0
              -93.261399,44.948362,0
              -93.260125,44.948361,0
              -93.258863,44.948359,0
              -93.257592,44.948366,0
              -93.256313,44.948366,0
              -93.255062,44.948365,0
              -93.253777,44.94837,0
            </coordinates>
          </LineString>
          <LineString>
            <tessellate>1</tessellate>
            <coordinates>
              -93.253777,44.94837,0
              -93.2525,44.948371,0
            </coordinates>
          </LineString>
          <LineString>
            <tessellate>1</tessellate>
            <coordinates>
              -93.2525,44.948371,0
              -93.252124,44.948371,0
              -93.251229,44.94837,0
            </coordinates>
          </LineString>
          <LineString>
            <tessellate>1</tessellate>
            <coordinates>
              -93.251229,44.94837,0
              -93.249963,44.948373,0
              -93.248681,44.94837,0
            </coordinates>
          </LineString>
          <LineString>
            <tessellate>1</tessellate>
            <coordinates>
              -93.248681,44.94837,0
              -93.247409,44.948368,0
            </coordinates>
          </LineString>
          <LineString>
            <tessellate>1</tessellate>
            <coordinates>
              -93.247409,44.948368,0
              -93.24719,44.948368,0
              -93.246122,44.948368,0
              -93.24487,44.94837,0
              -93.243624,44.948369,0
              -93.242318,44.948367,0
              -93.240322,44.94837,0
            </coordinates>
          </LineString>
          <LineString>
            <tessellate>1</tessellate>
            <coordinates>
              -93.240322,44.94837,0
              -93.240192,44.948314,0
              -93.23962,44.948307,0
              -93.239165,44.948308,0
              -93.238889,44.948309,0
              -93.238817,44.948308,0
              -93.238731,44.948308,0
              -93.238253,44.948305,0
              -93.23805,44.948306,0
              -93.237729,44.948307,0
              -93.237547,44.948307,0
              -93.237228,44.948306,0
              -93.236648,44.948304,0
              -93.236398,44.948308,0
              -93.236113,44.948307,0
              -93.236019,44.948369,0
            </coordinates>
          </LineString>
          <LineString>
            <tessellate>1</tessellate>
            <coordinates>
              -93.236019,44.948369,0
              -93.234281,44.948374,0
            </coordinates>
          </LineString>
          <LineString>
            <tessellate>1</tessellate>
            <coordinates>
              -93.234281,44.948374,0
              -93.234029,44.948375,0
              -93.233175,44.948378,0
            </coordinates>
          </LineString>
          <LineString>
            <tessellate>1</tessellate>
            <coordinates>
              -93.233175,44.948378,0
              -93.231587,44.948369,0
              -93.229999,44.948376,0
              -93.228415,44.94838,0
              -93.227085,44.948376,0
            </coordinates>
          </LineString>
          <LineString>
            <tessellate>1</tessellate>
            <coordinates>
              -93.227085,44.948376,0
              -93.226899,44.948375,0
              -93.225696,44.948367,0
            </coordinates>
          </LineString>
          <LineString>
            <tessellate>1</tessellate>
            <coordinates>
              -93.225696,44.948367,0
              -93.224322,44.948371,0
              -93.222937,44.948369,0
              -93.221652,44.948365,0
            </coordinates>
          </LineString>
          <LineString>
            <tessellate>1</tessellate>
            <coordinates>
              -93.221652,44.948365,0
              -93.220377,44.948364,0
            </coordinates>
          </LineString>
          <LineString>
            <tessellate>1</tessellate>
            <coordinates>
              -93.220377,44.948364,0
              -93.220179,44.948362,0
              -93.219103,44.948355,0
            </coordinates>
          </LineString>
          <LineString>
            <tessellate>1</tessellate>
            <coordinates>
              -93.219103,44.948355,0
              -93.217835,44.948352,0
              -93.216558,44.948358,0
              -93.215268,44.948334,0
              -93.214006,44.948348,0
              -93.212723,44.948355,0
              -93.211463,44.948356,0
              -93.211382,44.948355,0
              -93.210176,44.948344,0
            </coordinates>
          </LineString>
          <LineString>
            <tessellate>1</tessellate>
            <coordinates>
              -93.210176,44.948344,0
              -93.210021,44.948345,0
              -93.208895,44.948353,0
            </coordinates>
          </LineString>
          <LineString>
            <tessellate>1</tessellate>
            <coordinates>
              -93.208895,44.948353,0
              -93.208756,44.948345,0
              -93.207626,44.948352,0
              -93.206388,44.948344,0
              -93.205185,44.948382,0
              -93.202486,44.948384,0
              -93.201804,44.94839,0
              -93.199671,44.94839,0
              -93.199397,44.948389,0
            </coordinates>
          </LineString>
          <LineString>
            <tessellate>1</tessellate>
            <coordinates>
              -93.199397,44.948389,0
              -93.197866,44.948377,0
            </coordinates>
          </LineString>
          <LineString>
            <tessellate>1</tessellate>
            <coordinates>
              -93.197866,44.948377,0
              -93.197615,44.948374,0
              -93.19634,44.948356,0
            </coordinates>
          </LineString>
          <LineString>
            <tessellate>1</tessellate>
            <coordinates>
              -93.19634,44.948356,0
              -93.194989,44.94836,0
            </coordinates>
          </LineString>
          <LineString>
            <tessellate>1</tessellate>
            <coordinates>
              -93.194989,44.94836,0
              -93.192683,44.948366,0
            </coordinates>
          </LineString>
          <LineString>
            <tessellate>1</tessellate>
            <coordinates>
              -93.192683,44.948366,0
              -93.19265,44.948366,0
              -93.192427,44.948367,0
            </coordinates>
          </LineString>
          <LineString>
            <tessellate>1</tessellate>
            <coordinates>
              -93.192427,44.948367,0
              -93.189895,44.948374,0
            </coordinates>
          </LineString>
          <LineString>
            <tessellate>1</tessellate>
            <coordinates>
              -93.189895,44.948374,0
              -93.187347,44.948381,0
            </coordinates>
          </LineString>
          <LineString>
            <tessellate>1</tessellate>
            <coordinates>
              -93.187347,44.948381,0
              -93.187096,44.948383,0
              -93.18575,44.948396,0
            </coordinates>
          </LineString>
          <LineString>
            <tessellate>1</tessellate>
            <coordinates>
              -93.18575,44.948396,0
              -93.184132,44.948403,0
              -93.182717,44.948398,0
              -93.180722,44.948401,0
              -93.178538,44.948404,0
            </coordinates>
          </LineString>
          <LineString>
            <tessellate>1</tessellate>
            <coordinates>
              -93.178538,44.948404,0
              -93.177356,44.948406,0
            </coordinates>
          </LineString>
          <LineString>
            <tessellate>1</tessellate>
            <coordinates>
              -93.177356,44.948406,0
              -93.177168,44.948406,0
              -93.174659,44.948413,0
              -93.174028,44.948415,0
            </coordinates>
          </LineString>
          <LineString>
            <tessellate>1</tessellate>
            <coordinates>
              -93.174028,44.948415,0
              -93.173994,44.948395,0
              -93.173375,44.948395,0
              -93.172685,44.948395,0
              -93.172632,44.948419,0
            </coordinates>
          </LineString>
          <LineString>
            <tessellate>1</tessellate>
            <coordinates>
              -93.172632,44.948419,0
              -93.172153,44.94842,0
            </coordinates>
          </LineString>
          <LineString>
            <tessellate>1</tessellate>
            <coordinates>
              -93.172153,44.94842,0
              -93.171952,44.948391,0
              -93.171351,44.94839,0
              -93.170816,44.948424,0
            </coordinates>
          </LineString>
          <LineString>
            <tessellate>1</tessellate>
            <coordinates>
              -93.170816,44.948424,0
              -93.169086,44.948429,0
              -93.167087,44.948434,0
            </coordinates>
          </LineString>
          <LineString>
            <tessellate>1</tessellate>
            <coordinates>
              -93.167087,44.948434,0
              -93.167078,44.948093,0
              -93.167069,44.948024,0
              -93.167054,44.947955,0
              -93.167033,44.947887,0
              -93.167006,44.947821,0
            </coordinates>
          </LineString>
          <LineString>
            <tessellate>1</tessellate>
            <coordinates>
              -93.167006,44.947821,0
              -93.167004,44.94756,0
              -93.167002,44.947396,0
            </coordinates>
          </LineString>
          <LineString>
            <tessellate>1</tessellate>
            <coordinates>
              -93.167002,44.947396,0
              -93.166997,44.946562,0
            </coordinates>
          </LineString>
          <LineString>
            <tessellate>1</tessellate>
            <coordinates>
              -93.166997,44.946562,0
              -93.164451,44.946583,0
              -93.163412,44.946591,0
              -93.161882,44.946601,0
              -93.161407,44.946606,0
              -93.157022,44.946649,0
              -93.156808,44.946651,0
            </coordinates>
          </LineString>
          <LineString>
            <tessellate>1</tessellate>
            <coordinates>
              -93.156808,44.946651,0
              -93.15662,44.946649,0
            </coordinates>
          </LineString>
          <LineString>
            <tessellate>1</tessellate>
            <coordinates>
              -93.15662,44.946649,0
              -93.156227,44.946646,0
              -93.154275,44.94663,0
            </coordinates>
          </LineString>
          <LineString>
            <tessellate>1</tessellate>
            <coordinates>
              -93.154275,44.94663,0
              -93.151719,44.946626,0
              -93.149186,44.946622,0
              -93.146711,44.946619,0
              -93.146556,44.946618,0
              -93.146428,44.946618,0
            </coordinates>
          </LineString>
          <LineString>
            <tessellate>1</tessellate>
            <coordinates>
              -93.146428,44.946618,0
              -93.144086,44.946613,0
            </coordinates>
          </LineString>
          <LineString>
            <tessellate>1</tessellate>
            <coordinates>
              -93.144086,44.946613,0
              -93.141542,44.946606,0
              -93.139005,44.946599,0
            </coordinates>
          </LineString>
          <LineString>
            <tessellate>1</tessellate>
            <coordinates>
              -93.139005,44.946599,0
              -93.136581,44.946604,0
              -93.136454,44.946604,0
            </coordinates>
          </LineString>
          <LineString>
            <tessellate>1</tessellate>
            <coordinates>
              -93.136454,44.946604,0
              -93.13481,44.946592,0
              -93.133187,44.946586,0
              -93.131367,44.946579,0
              -93.128823,44.946579,0
            </coordinates>
          </LineString>
          <LineString>
            <tessellate>1</tessellate>
            <coordinates>
              -93.128823,44.946579,0
              -93.126716,44.946572,0
              -93.126281,44.94657,0
            </coordinates>
          </LineString>
          <LineString>
            <tessellate>1</tessellate>
            <coordinates>
              -93.126281,44.94657,0
              -93.123742,44.94657,0
              -93.121283,44.94657,0
              -93.118679,44.946569,0
            </coordinates>
          </LineString>
          <LineString>
            <tessellate>1</tessellate>
            <coordinates>
              -93.118679,44.946569,0
              -93.118156,44.946566,0
              -93.116107,44.946554,0
            </coordinates>
          </LineString>
          <LineString>
            <tessellate>1</tessellate>
            <coordinates>
              -93.116107,44.946554,0
              -93.114766,44.946552,0
            </coordinates>
          </LineString>
          <LineString>
            <tessellate>1</tessellate>
            <coordinates>
              -93.114766,44.946552,0
              -93.113405,44.946551,0
              -93.111941,44.946548,0
              -93.109568,44.946544,0
              -93.108101,44.946543,0
            </coordinates>
          </LineString>
          <LineString>
            <tessellate>1</tessellate>
            <coordinates>
              -93.108101,44.946543,0
              -93.10805,44.946612,0
              -93.108007,44.946682,0
              -93.107974,44.946756,0
              -93.107949,44.946831,0
              -93.107934,44.946907,0
              -93.107867,44.94757,0
              -93.107852,44.947685,0
              -93.107822,44.947853,0
              -93.107785,44.948019,0
              -93.107775,44.948054,0
              -93.107739,44.948184,0
              -93.107661,44.948316,0
              -93.107574,44.948445,0
              -93.10748,44.948571,0
              -93.107173,44.948962,0
              -93.106212,44.948456,0
              -93.105562,44.948128,0
              -93.105417,44.948058,0
              -93.105278,44.947983,0
              -93.105144,44.947903,0
              -93.105017,44.947818,0
              -93.104896,44.947727,0
              -93.104782,44.947633,0
              -93.104714,44.947553,0
              -93.104652,44.947469,0
              -93.104598,44.947383,0
              -93.104553,44.947294,0
              -93.104515,44.947204,0
              -93.104485,44.947113,0
              -93.104404,44.946858,0
              -93.104355,44.946704,0
              -93.104343,44.946669,0
              -93.104152,44.946073,0
              -93.103917,44.945339,0
              -93.103761,44.945446,0
            </coordinates>
          </LineString>
          <LineString>
            <tessellate>1</tessellate>
            <coordinates>
              -93.103761,44.945446,0
              -93.103175,44.945922,0
            </coordinates>
          </LineString>
          <LineString>
            <tessellate>1</tessellate>
            <coordinates>
              -93.103175,44.945922,0
              -93.102985,44.946077,0
            </coordinates>
          </LineString>
          <LineString>
            <tessellate>1</tessellate>
            <coordinates>
              -93.102985,44.946077,0
              -93.102783,44.946241,0
              -93.102483,44.946486,0
            </coordinates>
          </LineString>
          <LineString>
            <tessellate>1</tessellate>
            <coordinates>
              -93.102483,44.946486,0
              -93.101734,44.945973,0
              -93.101551,44.945937,0
              -93.101482,44.945877,0
              -93.101409,44.94582,0
              -93.101313,44.945754,0
              -93.101211,44.945692,0
              -93.101104,44.945636,0
              -93.100995,44.945586,0
              -93.100883,44.945542,0
              -93.100767,44.945503,0
              -93.100648,44.945469,0
              -93.100526,44.945441,0
              -93.100401,44.945418,0
              -93.100275,44.945402,0
              -93.097562,44.94512,0
              -93.097006,44.945132,0
              -93.096623,44.94514,0
              -93.095842,44.945162,0
              -93.095637,44.945142,0
              -93.095452,44.945195,0
              -93.094454,44.945691,0
              -93.093202,44.946264,0
              -93.092839,44.946444,0
              -93.092046,44.946835,0
              -93.09082,44.947416,0
              -93.090309,44.947659,0
              -93.089486,44.948049,0
              -93.088124,44.948713,0
            </coordinates>
          </LineString>
          <LineString>
            <tessellate>1</tessellate>
            <coordinates>
              -93.088124,44.948713,0
              -93.086968,44.94926,0
              -93.086413,44.94868,0
              -93.086228,44.948486,0
              -93.086202,44.94846,0
              -93.085467,44.947709,0
            </coordinates>
          </LineString>
          <LineString>
            <tessellate>1</tessellate>
            <coordinates>
              -93.085467,44.947709,0
              -93.084324,44.948258,0
              -93.083617,44.948625,0
              -93.083251,44.948126,0
              -93.083278,44.948062,0
              -93.083404,44.947995,0
              -93.084063,44.947707,0
              -93.084128,44.947679,0
            </coordinates>
          </LineString>
          <LineString>
            <tessellate>1</tessellate>
            <coordinates>
              -93.084128,44.947679,0
              -93.084246,44.947628,0
              -93.08483,44.947314,0
              -93.084881,44.947289,0
            </coordinates>
          </LineString>
          <LineString>
            <tessellate>1</tessellate>
            <coordinates>
              -93.085732,44.947169,0
              -93.085233,44.947416,0
              -93.08452,44.947754,0
              -93.084364,44.9478,0
              -93.084222,44.947739,0
              -93.084128,44.947679,0
            </coordinates>
          </LineString>
          <LineString>
            <tessellate>1</tessellate>
            <coordinates>
              -93.085467,44.947709,0
              -93.086049,44.947419,0
              -93.086673,44.947141,0
              -93.086804,44.947313,0
              -93.087345,44.947911,0
              -93.087366,44.947935,0
              -93.087498,44.948071,0
              -93.088124,44.948713,0
            </coordinates>
          </LineString>
          <LineString>
            <tessellate>1</tessellate>
            <coordinates>
              -93.088124,44.948713,0
              -93.088905,44.949515,0
              -93.090252,44.948875,0
              -93.090539,44.948739,0
              -93.09162,44.948224,0
              -93.092824,44.947651,0
              -93.093136,44.947502,0
              -93.093956,44.947111,0
              -93.093976,44.947102,0
              -93.095242,44.946498,0
              -93.096264,44.946011,0
              -93.096495,44.946032,0
              -93.096885,44.946068,0
              -93.097256,44.946101,0
              -93.097418,44.946116,0
              -93.099604,44.946308,0
              -93.100361,44.946375,0
              -93.100547,44.946392,0
              -93.100718,44.946407,0
              -93.102327,44.946604,0
              -93.102483,44.946486,0
            </coordinates>
          </LineString>
          <LineString>
            <tessellate>1</tessellate>
            <coordinates>
              -93.102483,44.946486,0
              -93.102985,44.946077,0
            </coordinates>
          </LineString>
          <LineString>
            <tessellate>1</tessellate>
            <coordinates>
              -93.103175,44.945922,0
              -93.103502,44.945656,0
              -93.103761,44.945446,0
            </coordinates>
          </LineString>
          <LineString>
            <tessellate>1</tessellate>
            <coordinates>
              -93.103761,44.945446,0
              -93.104009,44.946234,0
              -93.104178,44.946769,0
              -93.104196,44.946828,0
              -93.104247,44.94699,0
              -93.104314,44.947201,0
              -93.104352,44.947295,0
              -93.104399,44.947388,0
              -93.104454,44.947479,0
              -93.104517,44.947567,0
              -93.104589,44.947652,0
              -93.104667,44.947733,0
              -93.104753,44.947811,0
              -93.104846,44.947884,0
              -93.104946,44.947953,0
              -93.105451,44.948226,0
              -93.107085,44.949072,0
              -93.107277,44.949181,0
              -93.107369,44.949073,0
              -93.107672,44.948726,0
              -93.107753,44.948623,0
              -93.107827,44.948518,0
              -93.107893,44.94841,0
              -93.107951,44.9483,0
              -93.107966,44.948266,0
              -93.108001,44.948188,0
              -93.108039,44.948087,0
              -93.108069,44.947985,0
              -93.10809,44.947881,0
              -93.108103,44.947777,0
              -93.108107,44.947672,0
              -93.108103,44.947568,0
              -93.10809,44.947463,0
              -93.108069,44.94736,0
              -93.108046,44.947244,0
              -93.108033,44.947127,0
              -93.108028,44.947009,0
              -93.108033,44.946892,0
              -93.108046,44.946775,0
              -93.108069,44.946659,0
              -93.108101,44.946543,0
            </coordinates>
          </LineString>
          <LineString>
            <tessellate>1</tessellate>
            <coordinates>
              -93.114766,44.946552,0
              -93.115933,44.946554,0
              -93.116107,44.946554,0
            </coordinates>
          </LineString>
          <LineString>
            <tessellate>1</tessellate>
            <coordinates>
              -93.116107,44.946554,0
              -93.118679,44.946569,0
            </coordinates>
          </LineString>
          <LineString>
            <tessellate>1</tessellate>
            <coordinates>
              -93.126281,44.94657,0
              -93.126532,44.946571,0
              -93.128823,44.946579,0
            </coordinates>
          </LineString>
          <LineString>
            <tessellate>1</tessellate>
            <coordinates>
              -93.136454,44.946604,0
              -93.136713,44.946603,0
              -93.139005,44.946599,0
            </coordinates>
          </LineString>
          <LineString>
            <tessellate>1</tessellate>
            <coordinates>
              -93.144086,44.946613,0
              -93.146406,44.946618,0
              -93.146428,44.946618,0
            </coordinates>
          </LineString>
          <LineString>
            <tessellate>1</tessellate>
            <coordinates>
              -93.154275,44.94663,0
              -93.15662,44.946649,0
            </coordinates>
          </LineString>
          <LineString>
            <tessellate>1</tessellate>
            <coordinates>
              -93.15662,44.946649,0
              -93.156642,44.94665,0
              -93.156808,44.946651,0
            </coordinates>
          </LineString>
          <LineString>
            <tessellate>1</tessellate>
            <coordinates>
              -93.166997,44.946562,0
              -93.167001,44.947256,0
              -93.167002,44.947396,0
            </coordinates>
          </LineString>
          <LineString>
            <tessellate>1</tessellate>
            <coordinates>
              -93.167002,44.947396,0
              -93.167006,44.947821,0
            </coordinates>
          </LineString>
          <LineString>
            <tessellate>1</tessellate>
            <coordinates>
              -93.167006,44.947821,0
              -93.166976,44.947884,0
              -93.166953,44.947949,0
              -93.166936,44.948015,0
              -93.166927,44.948082,0
              -93.166921,44.948435,0
              -93.167087,44.948434,0
            </coordinates>
          </LineString>
          <LineString>
            <tessellate>1</tessellate>
            <coordinates>
              -93.170816,44.948424,0
              -93.171352,44.948464,0
              -93.171967,44.948461,0
              -93.172153,44.94842,0
            </coordinates>
          </LineString>
          <LineString>
            <tessellate>1</tessellate>
            <coordinates>
              -93.172632,44.948419,0
              -93.172684,44.94845,0
              -93.173374,44.94845,0
              -93.173998,44.94845,0
              -93.174028,44.948415,0
            </coordinates>
          </LineString>
          <LineString>
            <tessellate>1</tessellate>
            <coordinates>
              -93.177356,44.948406,0
              -93.177419,44.948406,0
              -93.178538,44.948404,0
            </coordinates>
          </LineString>
          <LineString>
            <tessellate>1</tessellate>
            <coordinates>
              -93.18575,44.948396,0
              -93.187347,44.948381,0
            </coordinates>
          </LineString>
          <LineString>
            <tessellate>1</tessellate>
            <coordinates>
              -93.187347,44.948381,0
              -93.187598,44.94838,0
              -93.189895,44.948374,0
            </coordinates>
          </LineString>
          <LineString>
            <tessellate>1</tessellate>
            <coordinates>
              -93.192427,44.948367,0
              -93.192683,44.948366,0
            </coordinates>
          </LineString>
          <LineString>
            <tessellate>1</tessellate>
            <coordinates>
              -93.192683,44.948366,0
              -93.192899,44.948365,0
              -93.194989,44.94836,0
            </coordinates>
          </LineString>
          <LineString>
            <tessellate>1</tessellate>
            <coordinates>
              -93.19634,44.948356,0
              -93.197866,44.948377,0
            </coordinates>
          </LineString>
          <LineString>
            <tessellate>1</tessellate>
            <coordinates>
              -93.197866,44.948377,0
              -93.198117,44.948379,0
              -93.199397,44.948389,0
            </coordinates>
          </LineString>
          <LineString>
            <tessellate>1</tessellate>
            <coordinates>
              -93.208895,44.948353,0
              -93.210029,44.948345,0
              -93.210176,44.948344,0
            </coordinates>
          </LineString>
          <LineString>
            <tessellate>1</tessellate>
            <coordinates>
              -93.219103,44.948355,0
              -93.220377,44.948364,0
            </coordinates>
          </LineString>
          <LineString>
            <tessellate>1</tessellate>
            <coordinates>
              -93.220377,44.948364,0
              -93.220628,44.948364,0
              -93.221652,44.948365,0
            </coordinates>
          </LineString>
          <LineString>
            <tessellate>1</tessellate>
            <coordinates>
              -93.225696,44.948367,0
              -93.226914,44.948375,0
              -93.227085,44.948376,0
            </coordinates>
          </LineString>
          <LineString>
            <tessellate>1</tessellate>
            <coordinates>
              -93.233175,44.948378,0
              -93.234036,44.948375,0
              -93.234281,44.948374,0
            </coordinates>
          </LineString>
          <LineString>
            <tessellate>1</tessellate>
            <coordinates>
              -93.236019,44.948369,0
              -93.236159,44.948432,0
              -93.236791,44.948434,0
              -93.237313,44.948436,0
              -93.23762,44.948434,0
              -93.238005,44.948434,0
              -93.238135,44.948433,0
              -93.238339,44.948433,0
              -93.238734,44.948434,0
              -93.238897,44.948434,0
              -93.23897,44.948434,0
              -93.239741,44.948436,0
              -93.240218,44.948437,0
              -93.240322,44.94837,0
            </coordinates>
          </LineString>
          <LineString>
            <tessellate>1</tessellate>
            <coordinates>
              -93.247409,44.948368,0
              -93.247583,44.948368,0
              -93.248681,44.94837,0
            </coordinates>
          </LineString>
          <LineString>
            <tessellate>1</tessellate>
            <coordinates>
              -93.251229,44.94837,0
              -93.2525,44.948371,0
            </coordinates>
          </LineString>
          <LineString>
            <tessellate>1</tessellate>
            <coordinates>
              -93.2525,44.948371,0
              -93.252922,44.948371,0
              -93.253777,44.94837,0
            </coordinates>
          </LineString>
          <LineString>
            <tessellate>1</tessellate>
            <coordinates>
              -93.262672,44.948357,0
              -93.262977,44.948355,0
              -93.263937,44.948349,0
            </coordinates>
          </LineString>
          <LineString>
            <tessellate>1</tessellate>
            <coordinates>
              -93.274114,44.948359,0
              -93.274595,44.948356,0
            </coordinates>
          </LineString>
          <LineString>
            <tessellate>1</tessellate>
            <coordinates>
              -93.276684,44.948358,0
              -93.277919,44.948359,0
            </coordinates>
          </LineString>
          <LineString>
            <tessellate>1</tessellate>
            <coordinates>
              -93.277919,44.948359,0
              -93.278093,44.948357,0
              -93.279688,44.948341,0
            </coordinates>
          </LineString>
          <LineString>
            <tessellate>1</tessellate>
            <coordinates>
              -93.286815,44.948368,0
              -93.288093,44.948365,0
            </coordinates>
          </LineString>
          <LineString>
            <tessellate>1</tessellate>
            <coordinates>
              -93.288093,44.948365,0
              -93.288266,44.948365,0
              -93.289379,44.948367,0
            </coordinates>
          </LineString>
          <LineString>
            <tessellate>1</tessellate>
            <coordinates>
              -93.293193,44.948363,0
              -93.293249,44.948507,0
              -93.293349,44.948687,0
              -93.293518,44.948825,0
              -93.293703,44.948922,0
              -93.293981,44.94902,0
              -93.294456,44.949162,0
              -93.294788,44.949205,0
              -93.295732,44.949254,0
              -93.297002,44.949254,0
              -93.298282,44.949257,0
              -93.29851,44.949258,0
              -93.299556,44.94926,0
              -93.300819,44.949263,0
              -93.302095,44.949259,0
              -93.303357,44.949259,0
              -93.304974,44.949256,0
              -93.305139,44.949234,0
              -93.305191,44.949225,0
              -93.305303,44.949206,0
              -93.305464,44.949172,0
              -93.305568,44.949147,0
              -93.305674,44.949128,0
              -93.305782,44.949115,0
              -93.305891,44.949108,0
              -93.306001,44.949107,0
              -93.30611,44.949112,0
              -93.306218,44.949124,0
              -93.306325,44.949141,0
              -93.30643,44.949164,0
              -93.306532,44.949192,0
              -93.30663,44.949226,0
              -93.306725,44.949266,0
              -93.306742,44.949274,0
              -93.307817,44.949703,0
              -93.308093,44.949818,0
              -93.308504,44.950006,0
              -93.309016,44.95022,0
              -93.309166,44.95028,0
              -93.309351,44.950349,0
              -93.30944,44.95038,0
              -93.309544,44.950414,0
              -93.309731,44.950468,0
              -93.309858,44.950502,0
              -93.310019,44.950535,0
              -93.310115,44.95055,0
              -93.310221,44.950565,0
              -93.310339,44.950578,0
              -93.310469,44.950591,0
              -93.310602,44.950598,0
              -93.310735,44.950602,0
              -93.310885,44.9506,0
              -93.311017,44.950597,0
              -93.311134,44.950587,0
              -93.311258,44.950575,0
              -93.311494,44.950542,0
              -93.311608,44.95052,0
              -93.311732,44.950493,0
              -93.311998,44.950424,0
              -93.312465,44.950282,0
              -93.313715,44.949879,0
              -93.313868,44.949837,0
              -93.315502,44.949319,0
              -93.316306,44.949061,0
              -93.316524,44.948991,0
              -93.317311,44.948696,0
              -93.317657,44.948571,0
              -93.318204,44.948478,0
              -93.318304,44.948465,0
              -93.318393,44.948459,0
              -93.31876,44.94845,0
              -93.319098,44.948449,0
              -93.319893,44.948454,0
              -93.320617,44.948455,0
              -93.320879,44.948456,0
              -93.321617,44.948461,0
              -93.322307,44.948468,0
              -93.323272,44.948475,0
              -93.323544,44.948474,0
              -93.324198,44.948475,0
              -93.324525,44.948476,0
              -93.32499,44.948472,0
              -93.325356,44.948473,0
              -93.326232,44.948479,0
              -93.326279,44.948479,0
              -93.326493,44.948479,0
              -93.326894,44.94848,0
              -93.32745,44.948479,0
              -93.327788,44.948473,0
              -93.328831,44.948449,0
              -93.328836,44.94827,0
            </coordinates>
          </LineString>
        </MultiGeometry>
      </Placemark>
      <Placemark>
        <name>134</name>
        <description><![CDATA[description: <br>OBJECTID: 12<br>route: 134<br>routesort: 134<br>RouteDescription: Ltd Stop - Highland - Cleveland - Cretin - Mpls<br>RouteOperator: M<br>EffectiveDate: 2025/08/16 00:00:00+00<br>payleavedirectionid: 2<br>routepayleave: 1<br>RouteClass: CommExpress<br>IsPublic: 1<br>wk_ftrip: 06:05:00<br>wk_ltrip: 17:23:00<br>wk_span: 11:18:00<br>wk_trip_freq: 4<br>sat_ftrip: <br>sat_ltrip: <br>sat_span: <br>sat_trip_freq: <br>sun_ftrip: <br>sun_ltrip: <br>sun_span: <br>sun_trip_freq: <br>Shape__Length: 31100.4198656411]]></description>
        <styleUrl>#line-E65100-1200</styleUrl>
        <ExtendedData>
          <Data name="description">
            <value/>
          </Data>
          <Data name="OBJECTID">
            <value>12</value>
          </Data>
          <Data name="route">
            <value>134</value>
          </Data>
          <Data name="routesort">
            <value>134</value>
          </Data>
          <Data name="RouteDescription">
            <value>Ltd Stop - Highland - Cleveland - Cretin - Mpls</value>
          </Data>
          <Data name="RouteOperator">
            <value>M</value>
          </Data>
          <Data name="EffectiveDate">
            <value>2025/08/16 00:00:00+00</value>
          </Data>
          <Data name="payleavedirectionid">
            <value>2</value>
          </Data>
          <Data name="routepayleave">
            <value>1</value>
          </Data>
          <Data name="RouteClass">
            <value>CommExpress</value>
          </Data>
          <Data name="IsPublic">
            <value>1</value>
          </Data>
          <Data name="wk_ftrip">
            <value>06:05:00</value>
          </Data>
          <Data name="wk_ltrip">
            <value>17:23:00</value>
          </Data>
          <Data name="wk_span">
            <value>11:18:00</value>
          </Data>
          <Data name="wk_trip_freq">
            <value>4</value>
          </Data>
          <Data name="sat_ftrip">
            <value/>
          </Data>
          <Data name="sat_ltrip">
            <value/>
          </Data>
          <Data name="sat_span">
            <value/>
          </Data>
          <Data name="sat_trip_freq">
            <value/>
          </Data>
          <Data name="sun_ftrip">
            <value/>
          </Data>
          <Data name="sun_ltrip">
            <value/>
          </Data>
          <Data name="sun_span">
            <value/>
          </Data>
          <Data name="sun_trip_freq">
            <value/>
          </Data>
          <Data name="Shape__Length">
            <value>31100.4198656411</value>
          </Data>
        </ExtendedData>
        <MultiGeometry>
          <LineString>
            <tessellate>1</tessellate>
            <coordinates>
              -93.177036,44.897427,0
              -93.176567,44.898033,0
            </coordinates>
          </LineString>
          <LineString>
            <tessellate>1</tessellate>
            <coordinates>
              -93.176567,44.898033,0
              -93.174856,44.898052,0
              -93.174678,44.898054,0
            </coordinates>
          </LineString>
          <LineString>
            <tessellate>1</tessellate>
            <coordinates>
              -93.174678,44.898054,0
              -93.172305,44.898064,0
              -93.172131,44.898065,0
            </coordinates>
          </LineString>
          <LineString>
            <tessellate>1</tessellate>
            <coordinates>
              -93.172131,44.898065,0
              -93.172104,44.898967,0
            </coordinates>
          </LineString>
          <LineString>
            <tessellate>1</tessellate>
            <coordinates>
              -93.172104,44.898967,0
              -93.172135,44.899868,0
            </coordinates>
          </LineString>
          <LineString>
            <tessellate>1</tessellate>
            <coordinates>
              -93.172135,44.899868,0
              -93.172134,44.899972,0
            </coordinates>
          </LineString>
          <LineString>
            <tessellate>1</tessellate>
            <coordinates>
              -93.172134,44.899972,0
              -93.172126,44.900591,0
              -93.17212,44.900995,0
            </coordinates>
          </LineString>
          <LineString>
            <tessellate>1</tessellate>
            <coordinates>
              -93.17212,44.900995,0
              -93.172119,44.901674,0
              -93.172101,44.902578,0
            </coordinates>
          </LineString>
          <LineString>
            <tessellate>1</tessellate>
            <coordinates>
              -93.172101,44.902578,0
              -93.17211,44.903886,0
              -93.172112,44.90416,0
            </coordinates>
          </LineString>
          <LineString>
            <tessellate>1</tessellate>
            <coordinates>
              -93.172112,44.90416,0
              -93.172113,44.904281,0
              -93.17708,44.904273,0
              -93.177326,44.904262,0
              -93.177333,44.904155,0
              -93.177331,44.903824,0
              -93.177322,44.902568,0
              -93.177317,44.901909,0
              -93.177315,44.901668,0
            </coordinates>
          </LineString>
          <LineString>
            <tessellate>1</tessellate>
            <coordinates>
              -93.177315,44.901668,0
              -93.177548,44.901664,0
            </coordinates>
          </LineString>
          <LineString>
            <tessellate>1</tessellate>
            <coordinates>
              -93.177548,44.901664,0
              -93.177651,44.901661,0
              -93.177752,44.901652,0
              -93.177852,44.901635,0
              -93.177949,44.901612,0
              -93.178043,44.901583,0
              -93.178133,44.901547,0
              -93.178231,44.901513,0
              -93.178334,44.901485,0
              -93.17844,44.901464,0
              -93.178548,44.901449,0
              -93.178658,44.901442,0
              -93.178768,44.901442,0
              -93.178878,44.901449,0
              -93.178986,44.901464,0
              -93.179092,44.901485,0
              -93.179195,44.901513,0
              -93.179381,44.901578,0
              -93.179472,44.901604,0
              -93.179565,44.901624,0
            </coordinates>
          </LineString>
          <LineString>
            <tessellate>1</tessellate>
            <coordinates>
              -93.179565,44.901624,0
              -93.179638,44.901636,0
              -93.17966,44.901639,0
            </coordinates>
          </LineString>
          <LineString>
            <tessellate>1</tessellate>
            <coordinates>
              -93.17966,44.901639,0
              -93.179757,44.901649,0
            </coordinates>
          </LineString>
          <LineString>
            <tessellate>1</tessellate>
            <coordinates>
              -93.179757,44.901649,0
              -93.180533,44.901648,0
            </coordinates>
          </LineString>
          <LineString>
            <tessellate>1</tessellate>
            <coordinates>
              -93.180533,44.901648,0
              -93.18215,44.901645,0
              -93.1823,44.901644,0
            </coordinates>
          </LineString>
          <LineString>
            <tessellate>1</tessellate>
            <coordinates>
              -93.1823,44.901644,0
              -93.183577,44.901639,0
            </coordinates>
          </LineString>
          <LineString>
            <tessellate>1</tessellate>
            <coordinates>
              -93.183577,44.901639,0
              -93.184733,44.901635,0
              -93.18484,44.901634,0
            </coordinates>
          </LineString>
          <LineString>
            <tessellate>1</tessellate>
            <coordinates>
              -93.18484,44.901634,0
              -93.18609,44.90163,0
            </coordinates>
          </LineString>
          <LineString>
            <tessellate>1</tessellate>
            <coordinates>
              -93.18609,44.90163,0
              -93.187218,44.901625,0
              -93.187396,44.901625,0
            </coordinates>
          </LineString>
          <LineString>
            <tessellate>1</tessellate>
            <coordinates>
              -93.187396,44.901625,0
              -93.187401,44.903493,0
              -93.187401,44.903567,0
              -93.187401,44.903594,0
              -93.187401,44.903657,0
              -93.187404,44.904458,0
            </coordinates>
          </LineString>
          <LineString>
            <tessellate>1</tessellate>
            <coordinates>
              -93.187404,44.904458,0
              -93.187406,44.905172,0
              -93.187406,44.90525,0
            </coordinates>
          </LineString>
          <LineString>
            <tessellate>1</tessellate>
            <coordinates>
              -93.187406,44.90525,0
              -93.187404,44.906162,0
            </coordinates>
          </LineString>
          <LineString>
            <tessellate>1</tessellate>
            <coordinates>
              -93.187404,44.906162,0
              -93.187401,44.90685,0
            </coordinates>
          </LineString>
          <LineString>
            <tessellate>1</tessellate>
            <coordinates>
              -93.187401,44.90685,0
              -93.1874,44.906984,0
            </coordinates>
          </LineString>
          <LineString>
            <tessellate>1</tessellate>
            <coordinates>
              -93.1874,44.906984,0
              -93.1874,44.907071,0
              -93.187398,44.907982,0
            </coordinates>
          </LineString>
          <LineString>
            <tessellate>1</tessellate>
            <coordinates>
              -93.187398,44.907982,0
              -93.187394,44.908818,0
              -93.187394,44.908893,0
            </coordinates>
          </LineString>
          <LineString>
            <tessellate>1</tessellate>
            <coordinates>
              -93.187394,44.908893,0
              -93.187391,44.909807,0
            </coordinates>
          </LineString>
          <LineString>
            <tessellate>1</tessellate>
            <coordinates>
              -93.187391,44.909807,0
              -93.187387,44.911119,0
              -93.187385,44.911708,0
            </coordinates>
          </LineString>
          <LineString>
            <tessellate>1</tessellate>
            <coordinates>
              -93.187385,44.911708,0
              -93.187382,44.912402,0
              -93.187382,44.912532,0
            </coordinates>
          </LineString>
          <LineString>
            <tessellate>1</tessellate>
            <coordinates>
              -93.187382,44.912532,0
              -93.185022,44.912532,0
              -93.184848,44.912536,0
              -93.185521,44.913557,0
              -93.18559,44.913661,0
              -93.186369,44.914808,0
              -93.187127,44.915959,0
              -93.187261,44.916162,0
              -93.187308,44.916931,0
              -93.187315,44.917063,0
              -93.187307,44.917748,0
              -93.187379,44.917876,0
            </coordinates>
          </LineString>
          <LineString>
            <tessellate>1</tessellate>
            <coordinates>
              -93.187379,44.917876,0
              -93.187379,44.917967,0
              -93.187372,44.918889,0
            </coordinates>
          </LineString>
          <LineString>
            <tessellate>1</tessellate>
            <coordinates>
              -93.187372,44.918889,0
              -93.187376,44.919171,0
              -93.187386,44.919753,0
            </coordinates>
          </LineString>
          <LineString>
            <tessellate>1</tessellate>
            <coordinates>
              -93.187386,44.919753,0
              -93.187385,44.919844,0
            </coordinates>
          </LineString>
          <LineString>
            <tessellate>1</tessellate>
            <coordinates>
              -93.187385,44.919844,0
              -93.187377,44.92071,0
            </coordinates>
          </LineString>
          <LineString>
            <tessellate>1</tessellate>
            <coordinates>
              -93.187377,44.92071,0
              -93.187371,44.921621,0
              -93.187371,44.921974,0
              -93.187371,44.922089,0
              -93.187371,44.922526,0
              -93.187371,44.922638,0
              -93.187371,44.923344,0
              -93.187371,44.923431,0
            </coordinates>
          </LineString>
          <LineString>
            <tessellate>1</tessellate>
            <coordinates>
              -93.187371,44.923431,0
              -93.187372,44.924342,0
            </coordinates>
          </LineString>
          <LineString>
            <tessellate>1</tessellate>
            <coordinates>
              -93.187372,44.924342,0
              -93.187372,44.925156,0
              -93.187372,44.925251,0
              -93.187372,44.92538,0
              -93.187372,44.926167,0
              -93.187372,44.926708,0
              -93.187372,44.926777,0
              -93.187372,44.927064,0
              -93.187369,44.92797,0
            </coordinates>
          </LineString>
          <LineString>
            <tessellate>1</tessellate>
            <coordinates>
              -93.187369,44.92797,0
              -93.187374,44.928794,0
              -93.187375,44.928886,0
            </coordinates>
          </LineString>
          <LineString>
            <tessellate>1</tessellate>
            <coordinates>
              -93.187375,44.928886,0
              -93.187376,44.929789,0
            </coordinates>
          </LineString>
          <LineString>
            <tessellate>1</tessellate>
            <coordinates>
              -93.187376,44.929789,0
              -93.187377,44.930569,0
              -93.187377,44.930697,0
            </coordinates>
          </LineString>
          <LineString>
            <tessellate>1</tessellate>
            <coordinates>
              -93.187377,44.930697,0
              -93.187379,44.931601,0
            </coordinates>
          </LineString>
          <LineString>
            <tessellate>1</tessellate>
            <coordinates>
              -93.187379,44.931601,0
              -93.18738,44.932412,0
              -93.187381,44.932513,0
            </coordinates>
          </LineString>
          <LineString>
            <tessellate>1</tessellate>
            <coordinates>
              -93.187381,44.932513,0
              -93.187382,44.933421,0
            </coordinates>
          </LineString>
          <LineString>
            <tessellate>1</tessellate>
            <coordinates>
              -93.187382,44.933421,0
              -93.187381,44.933778,0
              -93.187379,44.934329,0
            </coordinates>
          </LineString>
          <LineString>
            <tessellate>1</tessellate>
            <coordinates>
              -93.187379,44.934329,0
              -93.18738,44.935227,0
            </coordinates>
          </LineString>
          <LineString>
            <tessellate>1</tessellate>
            <coordinates>
              -93.18738,44.935227,0
              -93.187381,44.936047,0
              -93.187381,44.936126,0
            </coordinates>
          </LineString>
          <LineString>
            <tessellate>1</tessellate>
            <coordinates>
              -93.187381,44.936126,0
              -93.187382,44.937027,0
            </coordinates>
          </LineString>
          <LineString>
            <tessellate>1</tessellate>
            <coordinates>
              -93.187382,44.937027,0
              -93.187383,44.937826,0
              -93.187383,44.937932,0
            </coordinates>
          </LineString>
          <LineString>
            <tessellate>1</tessellate>
            <coordinates>
              -93.187383,44.937932,0
              -93.187383,44.938049,0
              -93.187383,44.93903,0
              -93.187383,44.940108,0
            </coordinates>
          </LineString>
          <LineString>
            <tessellate>1</tessellate>
            <coordinates>
              -93.187383,44.940108,0
              -93.187384,44.940521,0
              -93.187385,44.941346,0
            </coordinates>
          </LineString>
          <LineString>
            <tessellate>1</tessellate>
            <coordinates>
              -93.187385,44.941346,0
              -93.187385,44.941673,0
              -93.189522,44.941665,0
              -93.189764,44.941664,0
              -93.189927,44.941663,0
              -93.192303,44.941653,0
              -93.192449,44.941643,0
            </coordinates>
          </LineString>
          <LineString>
            <tessellate>1</tessellate>
            <coordinates>
              -93.192449,44.941643,0
              -93.192448,44.942041,0
              -93.192444,44.94313,0
            </coordinates>
          </LineString>
          <LineString>
            <tessellate>1</tessellate>
            <coordinates>
              -93.192444,44.94313,0
              -93.192438,44.945132,0
            </coordinates>
          </LineString>
          <LineString>
            <tessellate>1</tessellate>
            <coordinates>
              -93.192438,44.945132,0
              -93.192435,44.946064,0
              -93.192434,44.946197,0
            </coordinates>
          </LineString>
          <LineString>
            <tessellate>1</tessellate>
            <coordinates>
              -93.192434,44.946197,0
              -93.192431,44.947255,0
            </coordinates>
          </LineString>
          <LineString>
            <tessellate>1</tessellate>
            <coordinates>
              -93.192431,44.947255,0
              -93.192429,44.948047,0
            </coordinates>
          </LineString>
          <LineString>
            <tessellate>1</tessellate>
            <coordinates>
              -93.192429,44.948047,0
              -93.192428,44.948222,0
              -93.192427,44.948367,0
            </coordinates>
          </LineString>
          <LineString>
            <tessellate>1</tessellate>
            <coordinates>
              -93.192427,44.948367,0
              -93.192442,44.949629,0
              -93.192443,44.950832,0
            </coordinates>
          </LineString>
          <LineString>
            <tessellate>1</tessellate>
            <coordinates>
              -93.192443,44.950832,0
              -93.192448,44.951836,0
              -93.192449,44.951988,0
            </coordinates>
          </LineString>
          <LineString>
            <tessellate>1</tessellate>
            <coordinates>
              -93.192449,44.951988,0
              -93.192453,44.953262,0
            </coordinates>
          </LineString>
          <LineString>
            <tessellate>1</tessellate>
            <coordinates>
              -93.192453,44.953262,0
              -93.192454,44.954087,0
              -93.192454,44.95411,0
            </coordinates>
          </LineString>
          <LineString>
            <tessellate>1</tessellate>
            <coordinates>
              -93.192454,44.95411,0
              -93.192454,44.954236,0
            </coordinates>
          </LineString>
          <LineString>
            <tessellate>1</tessellate>
            <coordinates>
              -93.192454,44.954236,0
              -93.192406,44.954304,0
              -93.192309,44.955308,0
              -93.192316,44.955981,0
              -93.192319,44.956227,0
              -93.192325,44.956693,0
              -93.192514,44.956742,0
              -93.197311,44.957983,0
              -93.197526,44.95808,0
              -93.197738,44.958182,0
              -93.197946,44.958287,0
              -93.19815,44.958397,0
              -93.200115,44.959569,0
              -93.200743,44.959944,0
              -93.200894,44.96001,0
              -93.201048,44.960072,0
              -93.201205,44.960129,0
              -93.201365,44.960182,0
              -93.201528,44.96023,0
              -93.201721,44.96028,0
              -93.201917,44.960325,0
              -93.202115,44.960362,0
              -93.202316,44.960394,0
              -93.202518,44.960418,0
              -93.202722,44.960436,0
              -93.202887,44.960446,0
              -93.203054,44.960452,0
              -93.20322,44.960453,0
              -93.203386,44.96045,0
              -93.203589,44.96044,0
              -93.20379,44.960424,0
              -93.203991,44.960401,0
              -93.20419,44.960372,0
              -93.206588,44.96007,0
              -93.206751,44.960042,0
              -93.206914,44.960021,0
              -93.20708,44.960006,0
              -93.207246,44.959996,0
              -93.207413,44.959993,0
              -93.207579,44.959996,0
              -93.207746,44.960005,0
              -93.207916,44.960005,0
              -93.208085,44.96002,0
              -93.208281,44.960042,0
              -93.208479,44.960071,0
              -93.208671,44.960109,0
              -93.208852,44.960148,0
              -93.209035,44.960195,0
              -93.209219,44.960252,0
              -93.209401,44.960315,0
              -93.209572,44.96038,0
              -93.209742,44.960454,0
              -93.209896,44.960528,0
              -93.210061,44.960616,0
              -93.210207,44.960703,0
              -93.210352,44.96079,0
              -93.210648,44.96097,0
              -93.211232,44.961323,0
              -93.211532,44.961505,0
              -93.211823,44.961685,0
              -93.212101,44.96186,0
              -93.212387,44.96205,0
              -93.212661,44.962238,0
              -93.212748,44.9623,0
              -93.212934,44.962432,0
              -93.212973,44.96246,0
              -93.213198,44.962625,0
              -93.213463,44.962825,0
              -93.213597,44.96293,0
              -93.214112,44.963339,0
              -93.214366,44.963541,0
              -93.214627,44.963747,0
              -93.215396,44.964357,0
              -93.215657,44.964566,0
              -93.215914,44.964769,0
              -93.216557,44.965277,0
              -93.216817,44.965484,0
              -93.217086,44.965691,0
              -93.217354,44.965878,0
              -93.217497,44.96597,0
              -93.21765,44.966063,0
              -93.217799,44.966151,0
              -93.218104,44.966315,0
              -93.218391,44.966454,0
              -93.218598,44.966544,0
              -93.219024,44.966714,0
              -93.219278,44.966803,0
              -93.219443,44.966857,0
              -93.219633,44.966915,0
              -93.219801,44.966962,0
              -93.219959,44.967003,0
              -93.219991,44.967011,0
              -93.220185,44.967055,0
              -93.220564,44.967134,0
              -93.220735,44.967163,0
              -93.22094,44.967192,0
              -93.221127,44.967218,0
              -93.221185,44.967224,0
              -93.221317,44.967238,0
              -93.221501,44.967254,0
              -93.221698,44.967264,0
              -93.221895,44.967269,0
              -93.22209,44.967269,0
              -93.222287,44.967263,0
              -93.222468,44.967256,0
              -93.222667,44.967244,0
              -93.222852,44.967227,0
              -93.22304,44.967204,0
              -93.223232,44.967176,0
              -93.223417,44.967147,0
              -93.223604,44.967108,0
              -93.223781,44.967069,0
              -93.223833,44.967057,0
              -93.223891,44.967043,0
              -93.224118,44.966983,0
              -93.224412,44.966894,0
              -93.224669,44.966799,0
              -93.224844,44.966729,0
              -93.22501,44.966658,0
              -93.225217,44.966562,0
              -93.225333,44.966509,0
              -93.226101,44.966148,0
              -93.22663,44.965897,0
              -93.227085,44.965682,0
              -93.22728,44.965593,0
              -93.227373,44.965549,0
              -93.2276,44.965443,0
              -93.22792,44.965292,0
              -93.228079,44.965216,0
              -93.228241,44.965143,0
              -93.228574,44.965002,0
              -93.228746,44.964937,0
              -93.229003,44.964847,0
              -93.229092,44.964819,0
              -93.229412,44.964722,0
              -93.229634,44.964662,0
              -93.229999,44.964579,0
              -93.230556,44.964466,0
              -93.230945,44.964418,0
              -93.231138,44.964401,0
              -93.231338,44.964387,0
              -93.231722,44.964373,0
              -93.232107,44.964371,0
              -93.232686,44.96437,0
              -93.233501,44.964371,0
              -93.23502,44.964374,0
              -93.2356,44.964375,0
              -93.235957,44.964376,0
              -93.236167,44.964377,0
              -93.237141,44.964378,0
              -93.237731,44.96438,0
              -93.239082,44.96438,0
              -93.239336,44.96438,0
              -93.240126,44.964381,0
              -93.24024,44.964381,0
              -93.241395,44.964383,0
              -93.241591,44.964385,0
              -93.241779,44.964389,0
              -93.241982,44.964399,0
              -93.242163,44.964409,0
              -93.242359,44.964425,0
              -93.242547,44.964442,0
              -93.24274,44.964462,0
              -93.242918,44.964484,0
              -93.243106,44.964509,0
              -93.24348,44.964569,0
              -93.243661,44.964605,0
              -93.243852,44.964643,0
              -93.244148,44.964708,0
              -93.244305,44.964749,0
              -93.24452,44.964805,0
              -93.244571,44.964819,0
              -93.244769,44.964878,0
              -93.245061,44.96497,0
              -93.245323,44.965062,0
              -93.245561,44.965148,0
              -93.245837,44.96526,0
              -93.246317,44.965453,0
              -93.246949,44.965713,0
              -93.24718,44.965806,0
              -93.247265,44.965841,0
              -93.2474,44.965897,0
              -93.247646,44.96599,0
              -93.247734,44.966017,0
              -93.247996,44.96618,0
              -93.248334,44.966278,0
              -93.248646,44.966354,0
              -93.249097,44.966448,0
              -93.249689,44.96656,0
              -93.249773,44.966576,0
              -93.249918,44.966603,0
              -93.250066,44.966631,0
              -93.250417,44.966695,0
              -93.250576,44.966732,0
              -93.250726,44.966784,0
              -93.250877,44.966844,0
              -93.251015,44.966919,0
              -93.251183,44.967027,0
              -93.251319,44.967135,0
              -93.251419,44.967233,0
              -93.252053,44.967911,0
            </coordinates>
          </LineString>
          <LineString>
            <tessellate>1</tessellate>
            <coordinates>
              -93.252053,44.967911,0
              -93.252373,44.968258,0
              -93.252507,44.96841,0
              -93.252582,44.968479,0
              -93.252639,44.96853,0
              -93.252773,44.968653,0
              -93.252911,44.968762,0
              -93.253048,44.968849,0
              -93.25316,44.968927,0
              -93.253221,44.968965,0
              -93.253331,44.96902,0
              -93.253375,44.969043,0
              -93.253519,44.969112,0
              -93.253653,44.969171,0
              -93.253845,44.969241,0
              -93.254027,44.969297,0
              -93.254238,44.969354,0
              -93.25423,44.969353,0
              -93.254428,44.969405,0
              -93.254664,44.969415,0
              -93.255891,44.969964,0
              -93.257262,44.970531,0
              -93.258492,44.971053,0
              -93.258635,44.971114,0
              -93.259842,44.971627,0
              -93.259995,44.971692,0
              -93.261348,44.972271,0
              -93.262495,44.972759,0
              -93.262715,44.972853,0
              -93.264076,44.973425,0
              -93.265324,44.973959,0
              -93.265433,44.974006,0
              -93.2668,44.974586,0
              -93.267475,44.974869,0
              -93.267559,44.974905,0
              -93.268134,44.975147,0
              -93.268156,44.975158,0
              -93.269139,44.975586,0
              -93.269507,44.975746,0
              -93.270886,44.976318,0
              -93.272054,44.976817,0
              -93.27224,44.976896,0
              -93.274814,44.977968,0
              -93.27534,44.978338,0
            </coordinates>
          </LineString>
          <LineString>
            <tessellate>1</tessellate>
            <coordinates>
              -93.275121,44.981177,0
              -93.274992,44.981086,0
              -93.275106,44.981005,0
              -93.275152,44.980973,0
              -93.275206,44.980935,0
              -93.275958,44.980406,0
              -93.274812,44.979602,0
              -93.273853,44.978944,0
              -93.27364,44.978798,0
              -93.271409,44.97786,0
              -93.270385,44.977423,0
              -93.270064,44.977286,0
              -93.268707,44.976708,0
              -93.267767,44.976317,0
              -93.267343,44.97614,0
              -93.265974,44.975549,0
              -93.264825,44.975059,0
              -93.26462,44.974972,0
              -93.263269,44.974394,0
              -93.261894,44.973817,0
              -93.261153,44.973498,0
              -93.260553,44.97324,0
              -93.259361,44.972736,0
              -93.259173,44.972657,0
              -93.257825,44.972076,0
              -93.256645,44.971579,0
              -93.256437,44.971492,0
              -93.255079,44.970921,0
              -93.253716,44.970351,0
              -93.253473,44.970259,0
              -93.253294,44.970181,0
              -93.25314,44.970098,0
              -93.253131,44.970092,0
              -93.252967,44.969994,0
              -93.252825,44.969882,0
              -93.252766,44.969839,0
              -93.252674,44.969757,0
              -93.252581,44.969657,0
              -93.252473,44.969535,0
              -93.25237,44.969396,0
              -93.252267,44.969219,0
              -93.252191,44.969064,0
              -93.25214,44.968904,0
              -93.252097,44.968756,0
              -93.252069,44.9686,0
              -93.252052,44.968448,0
              -93.252051,44.968161,0
              -93.252053,44.967911,0
            </coordinates>
          </LineString>
          <LineString>
            <tessellate>1</tessellate>
            <coordinates>
              -93.252053,44.967911,0
              -93.252056,44.967487,0
              -93.25205,44.967102,0
              -93.252041,44.966915,0
              -93.252018,44.966759,0
              -93.251932,44.966572,0
              -93.25185,44.966469,0
              -93.251742,44.966343,0
              -93.251623,44.966252,0
              -93.251538,44.966184,0
              -93.251418,44.966124,0
              -93.251287,44.966061,0
              -93.25118,44.966014,0
              -93.25106,44.965973,0
              -93.250928,44.965941,0
              -93.250763,44.965912,0
              -93.250594,44.965892,0
              -93.250433,44.965887,0
              -93.24991,44.965894,0
              -93.249596,44.965898,0
              -93.249315,44.965901,0
              -93.249242,44.965901,0
              -93.249174,44.965901,0
              -93.249119,44.965901,0
              -93.248826,44.965904,0
              -93.248582,44.965893,0
              -93.248335,44.965871,0
              -93.248077,44.965827,0
              -93.247771,44.965763,0
              -93.247264,44.965677,0
              -93.246254,44.965267,0
              -93.245541,44.964983,0
              -93.245229,44.964874,0
              -93.244967,44.964785,0
              -93.244668,44.964698,0
              -93.244631,44.964688,0
              -93.244385,44.964621,0
              -93.2442,44.964574,0
              -93.243957,44.964518,0
              -93.243768,44.96448,0
              -93.243578,44.964444,0
              -93.243387,44.964409,0
              -93.243201,44.964379,0
              -93.243008,44.964353,0
              -93.242818,44.964329,0
              -93.24263,44.964308,0
              -93.242433,44.964289,0
              -93.242242,44.964274,0
              -93.242046,44.964262,0
              -93.241853,44.964253,0
              -93.241657,44.964247,0
              -93.241465,44.964242,0
              -93.240546,44.964241,0
              -93.240125,44.964242,0
              -93.239325,44.96424,0
              -93.239146,44.964241,0
              -93.238561,44.964238,0
              -93.237793,44.964238,0
              -93.237211,44.964236,0
              -93.236167,44.964236,0
              -93.235675,44.964235,0
              -93.235281,44.964234,0
              -93.23451,44.964233,0
              -93.234115,44.964231,0
              -93.233687,44.96423,0
              -93.233167,44.96423,0
              -93.232764,44.96423,0
              -93.232189,44.96423,0
              -93.231988,44.964228,0
              -93.231797,44.964232,0
              -93.23162,44.964235,0
              -93.231458,44.96424,0
              -93.23129,44.964251,0
              -93.231096,44.964264,0
              -93.230903,44.964283,0
              -93.230712,44.964305,0
              -93.230515,44.964331,0
              -93.230334,44.964358,0
              -93.230144,44.964391,0
              -93.229951,44.964428,0
              -93.229765,44.964469,0
              -93.229584,44.964511,0
              -93.229395,44.964561,0
              -93.229215,44.96461,0
              -93.229034,44.964664,0
              -93.228858,44.964723,0
              -93.228812,44.96474,0
              -93.228515,44.964847,0
              -93.228338,44.964919,0
              -93.228169,44.96499,0
              -93.227854,44.965137,0
              -93.227371,44.965363,0
              -93.227272,44.96541,0
              -93.226957,44.965559,0
              -93.226561,44.965744,0
              -93.225952,44.966031,0
              -93.225427,44.966278,0
              -93.2254,44.966291,0
              -93.224945,44.966504,0
              -93.224772,44.96658,0
              -93.224559,44.966662,0
              -93.224251,44.966777,0
              -93.224048,44.966833,0
              -93.223901,44.966874,0
              -93.223759,44.966911,0
              -93.223714,44.966921,0
              -93.223565,44.966954,0
              -93.223369,44.966993,0
              -93.223142,44.96703,0
              -93.222945,44.967057,0
              -93.222807,44.967074,0
              -93.222601,44.967092,0
              -93.222402,44.967105,0
              -93.222251,44.967111,0
              -93.222064,44.967114,0
              -93.221861,44.967112,0
              -93.221663,44.967106,0
              -93.221363,44.967085,0
              -93.221275,44.967079,0
              -93.221073,44.967056,0
              -93.220843,44.967021,0
              -93.220564,44.966976,0
              -93.22031,44.966922,0
              -93.219944,44.966834,0
              -93.219868,44.966812,0
              -93.21957,44.966727,0
              -93.219182,44.966598,0
              -93.218749,44.966438,0
              -93.218534,44.966334,0
              -93.218213,44.966179,0
              -93.218053,44.966096,0
              -93.217746,44.965919,0
              -93.217597,44.965827,0
              -93.217455,44.965733,0
              -93.217316,44.965638,0
              -93.21718,44.965538,0
              -93.216909,44.965328,0
              -93.216217,44.964775,0
              -93.215954,44.96457,0
              -93.215746,44.964402,0
              -93.215617,44.9643,0
              -93.215361,44.964097,0
              -93.215227,44.963989,0
              -93.214966,44.963784,0
              -93.214837,44.963681,0
              -93.214448,44.963373,0
              -93.213934,44.962964,0
              -93.213676,44.962759,0
              -93.213411,44.962556,0
              -93.213131,44.962351,0
              -93.212912,44.962195,0
              -93.21287,44.962164,0
              -93.212583,44.961968,0
              -93.212311,44.961787,0
              -93.21202,44.961602,0
              -93.211599,44.961313,0
              -93.21131,44.961133,0
              -93.211019,44.960949,0
              -93.210726,44.960767,0
              -93.210446,44.960589,0
              -93.210297,44.960495,0
              -93.210148,44.960404,0
              -93.209995,44.960317,0
              -93.209841,44.960233,0
              -93.209688,44.960157,0
              -93.209521,44.96008,0
              -93.209353,44.960013,0
              -93.209188,44.95995,0
              -93.209005,44.959889,0
              -93.208822,44.959831,0
              -93.20864,44.959781,0
              -93.20846,44.959739,0
              -93.20827,44.959699,0
              -93.208058,44.959662,0
              -93.207745,44.959629,0
              -93.207556,44.959607,0
              -93.207366,44.95959,0
              -93.207175,44.959581,0
              -93.206984,44.959577,0
              -93.206793,44.95958,0
              -93.206602,44.95959,0
              -93.204725,44.959641,0
              -93.202782,44.959694,0
              -93.202573,44.9597,0
              -93.202364,44.959698,0
              -93.202156,44.959689,0
              -93.201948,44.959673,0
              -93.201742,44.959651,0
              -93.201537,44.959621,0
              -93.201334,44.959585,0
              -93.201134,44.959541,0
              -93.200937,44.959492,0
              -93.200744,44.959435,0
              -93.200555,44.959372,0
              -93.20037,44.959303,0
              -93.200114,44.959159,0
              -93.198388,44.95818,0
              -93.19827,44.958088,0
              -93.198146,44.958,0
              -93.198016,44.957916,0
              -93.197881,44.957836,0
              -93.197742,44.95776,0
              -93.197597,44.957689,0
              -93.197449,44.957623,0
              -93.197296,44.957561,0
              -93.195636,44.956975,0
              -93.195434,44.956905,0
              -93.195235,44.956831,0
              -93.195041,44.956751,0
              -93.19485,44.956667,0
              -93.194664,44.956577,0
              -93.194482,44.956483,0
              -93.194306,44.956384,0
              -93.194135,44.956281,0
              -93.193969,44.956173,0
              -93.19361,44.955909,0
              -93.193521,44.955834,0
              -93.193427,44.955761,0
              -93.193328,44.955693,0
              -93.193224,44.955628,0
              -93.192793,44.955449,0
              -93.192738,44.955445,0
              -93.192499,44.955424,0
              -93.192496,44.955326,0
              -93.1925,44.954303,0
              -93.192454,44.954236,0
            </coordinates>
          </LineString>
          <LineString>
            <tessellate>1</tessellate>
            <coordinates>
              -93.192454,44.95411,0
              -93.192453,44.953262,0
            </coordinates>
          </LineString>
          <LineString>
            <tessellate>1</tessellate>
            <coordinates>
              -93.192453,44.953262,0
              -93.192449,44.95204,0
              -93.192449,44.951988,0
            </coordinates>
          </LineString>
          <LineString>
            <tessellate>1</tessellate>
            <coordinates>
              -93.192449,44.951988,0
              -93.192443,44.950832,0
            </coordinates>
          </LineString>
          <LineString>
            <tessellate>1</tessellate>
            <coordinates>
              -93.192427,44.948367,0
              -93.192429,44.948047,0
            </coordinates>
          </LineString>
          <LineString>
            <tessellate>1</tessellate>
            <coordinates>
              -93.192429,44.948047,0
              -93.192429,44.947952,0
              -93.192431,44.947255,0
            </coordinates>
          </LineString>
          <LineString>
            <tessellate>1</tessellate>
            <coordinates>
              -93.192431,44.947255,0
              -93.192434,44.946352,0
              -93.192434,44.946197,0
            </coordinates>
          </LineString>
          <LineString>
            <tessellate>1</tessellate>
            <coordinates>
              -93.192434,44.946197,0
              -93.192438,44.945132,0
            </coordinates>
          </LineString>
          <LineString>
            <tessellate>1</tessellate>
            <coordinates>
              -93.192444,44.94313,0
              -93.192449,44.941643,0
            </coordinates>
          </LineString>
          <LineString>
            <tessellate>1</tessellate>
            <coordinates>
              -93.192449,44.941643,0
              -93.192446,44.941495,0
              -93.192453,44.941352,0
              -93.192453,44.941335,0
              -93.19232,44.94135,0
              -93.191931,44.941347,0
              -93.189939,44.941336,0
              -93.187811,44.941344,0
              -93.187385,44.941346,0
            </coordinates>
          </LineString>
          <LineString>
            <tessellate>1</tessellate>
            <coordinates>
              -93.187385,44.941346,0
              -93.187383,44.940251,0
              -93.187383,44.940108,0
            </coordinates>
          </LineString>
          <LineString>
            <tessellate>1</tessellate>
            <coordinates>
              -93.187383,44.937932,0
              -93.187382,44.937027,0
            </coordinates>
          </LineString>
          <LineString>
            <tessellate>1</tessellate>
            <coordinates>
              -93.187382,44.937027,0
              -93.187381,44.936229,0
              -93.187381,44.936126,0
            </coordinates>
          </LineString>
          <LineString>
            <tessellate>1</tessellate>
            <coordinates>
              -93.187381,44.936126,0
              -93.18738,44.935227,0
            </coordinates>
          </LineString>
          <LineString>
            <tessellate>1</tessellate>
            <coordinates>
              -93.18738,44.935227,0
              -93.187379,44.934441,0
              -93.187379,44.934329,0
            </coordinates>
          </LineString>
          <LineString>
            <tessellate>1</tessellate>
            <coordinates>
              -93.187379,44.934329,0
              -93.187382,44.933421,0
            </coordinates>
          </LineString>
          <LineString>
            <tessellate>1</tessellate>
            <coordinates>
              -93.187382,44.933421,0
              -93.187381,44.932629,0
              -93.187381,44.932513,0
            </coordinates>
          </LineString>
          <LineString>
            <tessellate>1</tessellate>
            <coordinates>
              -93.187381,44.932513,0
              -93.187379,44.931601,0
            </coordinates>
          </LineString>
          <LineString>
            <tessellate>1</tessellate>
            <coordinates>
              -93.187379,44.931601,0
              -93.187378,44.930828,0
              -93.187377,44.930697,0
            </coordinates>
          </LineString>
          <LineString>
            <tessellate>1</tessellate>
            <coordinates>
              -93.187377,44.930697,0
              -93.187376,44.929789,0
            </coordinates>
          </LineString>
          <LineString>
            <tessellate>1</tessellate>
            <coordinates>
              -93.187376,44.929789,0
              -93.187375,44.929006,0
              -93.187375,44.928886,0
            </coordinates>
          </LineString>
          <LineString>
            <tessellate>1</tessellate>
            <coordinates>
              -93.187375,44.928886,0
              -93.187369,44.92797,0
            </coordinates>
          </LineString>
          <LineString>
            <tessellate>1</tessellate>
            <coordinates>
              -93.187372,44.924342,0
              -93.187371,44.923541,0
              -93.187371,44.923431,0
            </coordinates>
          </LineString>
          <LineString>
            <tessellate>1</tessellate>
            <coordinates>
              -93.187377,44.92071,0
              -93.187384,44.919948,0
              -93.187385,44.919844,0
            </coordinates>
          </LineString>
          <LineString>
            <tessellate>1</tessellate>
            <coordinates>
              -93.187386,44.919753,0
              -93.187372,44.918889,0
            </coordinates>
          </LineString>
          <LineString>
            <tessellate>1</tessellate>
            <coordinates>
              -93.187379,44.917876,0
              -93.187442,44.917745,0
              -93.187443,44.917428,0
              -93.187444,44.917063,0
              -93.187448,44.916168,0
              -93.187448,44.916148,0
              -93.187443,44.916017,0
              -93.187433,44.915756,0
              -93.187414,44.915528,0
              -93.187381,44.915452,0
              -93.187381,44.914338,0
              -93.187381,44.914123,0
              -93.187381,44.913417,0
              -93.187382,44.912767,0
              -93.187382,44.912532,0
            </coordinates>
          </LineString>
          <LineString>
            <tessellate>1</tessellate>
            <coordinates>
              -93.187382,44.912532,0
              -93.187385,44.911708,0
            </coordinates>
          </LineString>
          <LineString>
            <tessellate>1</tessellate>
            <coordinates>
              -93.187391,44.909807,0
              -93.187393,44.909017,0
              -93.187394,44.908893,0
            </coordinates>
          </LineString>
          <LineString>
            <tessellate>1</tessellate>
            <coordinates>
              -93.187394,44.908893,0
              -93.187398,44.907982,0
            </coordinates>
          </LineString>
          <LineString>
            <tessellate>1</tessellate>
            <coordinates>
              -93.1874,44.906984,0
              -93.1874,44.906956,0
              -93.187401,44.90685,0
            </coordinates>
          </LineString>
          <LineString>
            <tessellate>1</tessellate>
            <coordinates>
              -93.187404,44.906162,0
              -93.187406,44.905341,0
              -93.187406,44.90525,0
            </coordinates>
          </LineString>
          <LineString>
            <tessellate>1</tessellate>
            <coordinates>
              -93.187406,44.90525,0
              -93.187404,44.904458,0
            </coordinates>
          </LineString>
          <LineString>
            <tessellate>1</tessellate>
            <coordinates>
              -93.187396,44.901625,0
              -93.187083,44.901626,0
              -93.18609,44.90163,0
            </coordinates>
          </LineString>
          <LineString>
            <tessellate>1</tessellate>
            <coordinates>
              -93.18609,44.90163,0
              -93.185001,44.901634,0
              -93.18484,44.901634,0
            </coordinates>
          </LineString>
          <LineString>
            <tessellate>1</tessellate>
            <coordinates>
              -93.18484,44.901634,0
              -93.183577,44.901639,0
            </coordinates>
          </LineString>
          <LineString>
            <tessellate>1</tessellate>
            <coordinates>
              -93.183577,44.901639,0
              -93.18249,44.901643,0
              -93.1823,44.901644,0
            </coordinates>
          </LineString>
          <LineString>
            <tessellate>1</tessellate>
            <coordinates>
              -93.1823,44.901644,0
              -93.180533,44.901648,0
            </coordinates>
          </LineString>
          <LineString>
            <tessellate>1</tessellate>
            <coordinates>
              -93.180533,44.901648,0
              -93.179914,44.901649,0
              -93.179757,44.901649,0
            </coordinates>
          </LineString>
          <LineString>
            <tessellate>1</tessellate>
            <coordinates>
              -93.17966,44.901639,0
              -93.179565,44.901624,0
            </coordinates>
          </LineString>
          <LineString>
            <tessellate>1</tessellate>
            <coordinates>
              -93.177548,44.901664,0
              -93.177514,44.901664,0
              -93.177315,44.901668,0
            </coordinates>
          </LineString>
          <LineString>
            <tessellate>1</tessellate>
            <coordinates>
              -93.177315,44.901668,0
              -93.177094,44.90167,0
              -93.177083,44.902568,0
              -93.17709,44.904164,0
              -93.176762,44.904164,0
              -93.172299,44.904161,0
              -93.172112,44.90416,0
            </coordinates>
          </LineString>
          <LineString>
            <tessellate>1</tessellate>
            <coordinates>
              -93.172112,44.90416,0
              -93.172101,44.902578,0
            </coordinates>
          </LineString>
          <LineString>
            <tessellate>1</tessellate>
            <coordinates>
              -93.17212,44.900995,0
              -93.172134,44.899972,0
            </coordinates>
          </LineString>
          <LineString>
            <tessellate>1</tessellate>
            <coordinates>
              -93.172134,44.899972,0
              -93.172134,44.89995,0
              -93.172135,44.899868,0
            </coordinates>
          </LineString>
          <LineString>
            <tessellate>1</tessellate>
            <coordinates>
              -93.172104,44.898967,0
              -93.172127,44.898204,0
              -93.172131,44.898065,0
            </coordinates>
          </LineString>
          <LineString>
            <tessellate>1</tessellate>
            <coordinates>
              -93.172131,44.898065,0
              -93.174515,44.898055,0
              -93.174678,44.898054,0
            </coordinates>
          </LineString>
          <LineString>
            <tessellate>1</tessellate>
            <coordinates>
              -93.174678,44.898054,0
              -93.176567,44.898033,0
            </coordinates>
          </LineString>
          <LineString>
            <tessellate>1</tessellate>
            <coordinates>
              -93.176567,44.898033,0
              -93.176982,44.897496,0
            </coordinates>
          </LineString>
        </MultiGeometry>
      </Placemark>
      <Placemark>
        <name>38</name>
        <description><![CDATA[description: <br>OBJECTID: 48<br>route: 38<br>routesort: 38<br>RouteDescription: 38th St-Highland Village-Uptown-Hopkins-Opus<br>RouteOperator: M<br>EffectiveDate: 2025/06/14 00:00:00+00<br>payleavedirectionid: 0<br>routepayleave: 0<br>RouteClass: SupportLoc<br>IsPublic: 1<br>wk_ftrip: 04:00:00<br>wk_ltrip: 00:45:00<br>wk_span: 20:45:00<br>wk_trip_freq: 78<br>sat_ftrip: 04:22:00<br>sat_ltrip: 00:31:00<br>sat_span: 20:09:00<br>sat_trip_freq: 76<br>sun_ftrip: 04:22:00<br>sun_ltrip: 00:31:00<br>sun_span: 20:09:00<br>sun_trip_freq: 76<br>Shape__Length: 57457.4254728124]]></description>
        <styleUrl>#line-E65100-1200</styleUrl>
        <ExtendedData>
          <Data name="description">
            <value/>
          </Data>
          <Data name="OBJECTID">
            <value>48</value>
          </Data>
          <Data name="route">
            <value>38</value>
          </Data>
          <Data name="routesort">
            <value>38</value>
          </Data>
          <Data name="RouteDescription">
            <value>38th St-Highland Village-Uptown-Hopkins-Opus</value>
          </Data>
          <Data name="RouteOperator">
            <value>M</value>
          </Data>
          <Data name="EffectiveDate">
            <value>2025/06/14 00:00:00+00</value>
          </Data>
          <Data name="payleavedirectionid">
            <value>0</value>
          </Data>
          <Data name="routepayleave">
            <value>0</value>
          </Data>
          <Data name="RouteClass">
            <value>SupportLoc</value>
          </Data>
          <Data name="IsPublic">
            <value>1</value>
          </Data>
          <Data name="wk_ftrip">
            <value>04:00:00</value>
          </Data>
          <Data name="wk_ltrip">
            <value>00:45:00</value>
          </Data>
          <Data name="wk_span">
            <value>20:45:00</value>
          </Data>
          <Data name="wk_trip_freq">
            <value>78</value>
          </Data>
          <Data name="sat_ftrip">
            <value>04:22:00</value>
          </Data>
          <Data name="sat_ltrip">
            <value>00:31:00</value>
          </Data>
          <Data name="sat_span">
            <value>20:09:00</value>
          </Data>
          <Data name="sat_trip_freq">
            <value>76</value>
          </Data>
          <Data name="sun_ftrip">
            <value>04:22:00</value>
          </Data>
          <Data name="sun_ltrip">
            <value>00:31:00</value>
          </Data>
          <Data name="sun_span">
            <value>20:09:00</value>
          </Data>
          <Data name="sun_trip_freq">
            <value>76</value>
          </Data>
          <Data name="Shape__Length">
            <value>57457.4254728124</value>
          </Data>
        </ExtendedData>
        <MultiGeometry>
          <LineString>
            <tessellate>1</tessellate>
            <coordinates>
              -93.404084,44.898967,0
              -93.404079,44.899301,0
              -93.404073,44.899725,0
            </coordinates>
          </LineString>
          <LineString>
            <tessellate>1</tessellate>
            <coordinates>
              -93.404073,44.899725,0
              -93.40402,44.902536,0
            </coordinates>
          </LineString>
          <LineString>
            <tessellate>1</tessellate>
            <coordinates>
              -93.40402,44.902536,0
              -93.404862,44.902539,0
              -93.40494,44.90254,0
              -93.405838,44.902548,0
              -93.405934,44.902554,0
              -93.40603,44.902564,0
              -93.406123,44.90258,0
              -93.406215,44.902602,0
              -93.406261,44.902628,0
              -93.406302,44.902658,0
              -93.406335,44.902692,0
              -93.40636,44.90273,0
              -93.406377,44.90277,0
              -93.406385,44.902811,0
              -93.406383,44.902852,0
              -93.406373,44.902894,0
              -93.406341,44.902973,0
              -93.406319,44.903054,0
              -93.406306,44.903135,0
              -93.406303,44.903217,0
              -93.406289,44.90376,0
              -93.406281,44.904462,0
              -93.40628,44.904574,0
              -93.406282,44.904632,0
              -93.406292,44.904689,0
              -93.406309,44.904746,0
              -93.406333,44.904801,0
              -93.406367,44.904871,0
              -93.406393,44.904943,0
              -93.406411,44.905016,0
              -93.406421,44.905091,0
              -93.406423,44.90515,0
              -93.406419,44.90521,0
              -93.406411,44.90527,0
              -93.406341,44.905708,0
              -93.406332,44.905798,0
              -93.406332,44.905888,0
              -93.406341,44.905978,0
              -93.406359,44.906067,0
              -93.406385,44.906155,0
            </coordinates>
          </LineString>
          <LineString>
            <tessellate>1</tessellate>
            <coordinates>
              -93.406385,44.906155,0
              -93.406466,44.90615,0
              -93.406546,44.906148,0
            </coordinates>
          </LineString>
          <LineString>
            <tessellate>1</tessellate>
            <coordinates>
              -93.406546,44.906148,0
              -93.407741,44.906153,0
              -93.407934,44.906154,0
            </coordinates>
          </LineString>
          <LineString>
            <tessellate>1</tessellate>
            <coordinates>
              -93.407934,44.906154,0
              -93.409484,44.906161,0
            </coordinates>
          </LineString>
          <LineString>
            <tessellate>1</tessellate>
            <coordinates>
              -93.409484,44.906161,0
              -93.41084,44.906168,0
            </coordinates>
          </LineString>
          <LineString>
            <tessellate>1</tessellate>
            <coordinates>
              -93.41084,44.906168,0
              -93.411472,44.906173,0
              -93.411623,44.906175,0
            </coordinates>
          </LineString>
          <LineString>
            <tessellate>1</tessellate>
            <coordinates>
              -93.411623,44.906175,0
              -93.413142,44.9062,0
            </coordinates>
          </LineString>
          <LineString>
            <tessellate>1</tessellate>
            <coordinates>
              -93.413142,44.9062,0
              -93.413573,44.906204,0
            </coordinates>
          </LineString>
          <LineString>
            <tessellate>1</tessellate>
            <coordinates>
              -93.413573,44.906204,0
              -93.413716,44.906205,0
              -93.413887,44.906207,0
            </coordinates>
          </LineString>
          <LineString>
            <tessellate>1</tessellate>
            <coordinates>
              -93.413887,44.906207,0
              -93.414231,44.906216,0
            </coordinates>
          </LineString>
          <LineString>
            <tessellate>1</tessellate>
            <coordinates>
              -93.414231,44.906216,0
              -93.414243,44.90742,0
              -93.414244,44.907513,0
            </coordinates>
          </LineString>
          <LineString>
            <tessellate>1</tessellate>
            <coordinates>
              -93.414244,44.907513,0
              -93.414254,44.90861,0
            </coordinates>
          </LineString>
          <LineString>
            <tessellate>1</tessellate>
            <coordinates>
              -93.414254,44.90861,0
              -93.414254,44.908918,0
              -93.414257,44.909169,0
              -93.414257,44.90917,0
              -93.414263,44.909564,0
              -93.414276,44.910448,0
              -93.414277,44.910558,0
            </coordinates>
          </LineString>
          <LineString>
            <tessellate>1</tessellate>
            <coordinates>
              -93.414277,44.910558,0
              -93.414278,44.910681,0
            </coordinates>
          </LineString>
          <LineString>
            <tessellate>1</tessellate>
            <coordinates>
              -93.414278,44.910681,0
              -93.41428,44.91094,0
              -93.414282,44.911245,0
            </coordinates>
          </LineString>
          <LineString>
            <tessellate>1</tessellate>
            <coordinates>
              -93.414282,44.911245,0
              -93.414292,44.912058,0
              -93.414292,44.912128,0
            </coordinates>
          </LineString>
          <LineString>
            <tessellate>1</tessellate>
            <coordinates>
              -93.414292,44.912128,0
              -93.414297,44.912797,0
            </coordinates>
          </LineString>
          <LineString>
            <tessellate>1</tessellate>
            <coordinates>
              -93.414297,44.912797,0
              -93.4143,44.913322,0
              -93.414301,44.913476,0
            </coordinates>
          </LineString>
          <LineString>
            <tessellate>1</tessellate>
            <coordinates>
              -93.414301,44.913476,0
              -93.414298,44.914367,0
            </coordinates>
          </LineString>
          <LineString>
            <tessellate>1</tessellate>
            <coordinates>
              -93.414298,44.914367,0
              -93.414287,44.915141,0
              -93.414285,44.915293,0
            </coordinates>
          </LineString>
          <LineString>
            <tessellate>1</tessellate>
            <coordinates>
              -93.414285,44.915293,0
              -93.414278,44.916011,0
            </coordinates>
          </LineString>
          <LineString>
            <tessellate>1</tessellate>
            <coordinates>
              -93.414278,44.916011,0
              -93.414282,44.916668,0
            </coordinates>
          </LineString>
          <LineString>
            <tessellate>1</tessellate>
            <coordinates>
              -93.414282,44.916668,0
              -93.414294,44.916913,0
              -93.414302,44.917088,0
            </coordinates>
          </LineString>
          <LineString>
            <tessellate>1</tessellate>
            <coordinates>
              -93.414302,44.917088,0
              -93.414254,44.918583,0
            </coordinates>
          </LineString>
          <LineString>
            <tessellate>1</tessellate>
            <coordinates>
              -93.414254,44.918583,0
              -93.414193,44.9195,0
              -93.414191,44.919526,0
            </coordinates>
          </LineString>
          <LineString>
            <tessellate>1</tessellate>
            <coordinates>
              -93.414191,44.919526,0
              -93.41417,44.920285,0
            </coordinates>
          </LineString>
          <LineString>
            <tessellate>1</tessellate>
            <coordinates>
              -93.41417,44.920285,0
              -93.414156,44.920766,0
            </coordinates>
          </LineString>
          <LineString>
            <tessellate>1</tessellate>
            <coordinates>
              -93.414156,44.920766,0
              -93.414153,44.920922,0
              -93.414447,44.920923,0
              -93.415493,44.92092,0
              -93.416122,44.92092,0
              -93.416507,44.92092,0
              -93.41688,44.92092,0
              -93.416883,44.92092,0
              -93.417529,44.920919,0
              -93.41817,44.920921,0
              -93.418925,44.920919,0
              -93.419444,44.92092,0
              -93.419811,44.920919,0
              -93.42045,44.92092,0
              -93.421199,44.920919,0
              -93.421416,44.920918,0
              -93.421916,44.920916,0
              -93.42267,44.920913,0
              -93.4228,44.920914,0
              -93.423305,44.920911,0
              -93.423843,44.920907,0
              -93.424601,44.920903,0
              -93.42526,44.9209,0
              -93.42563,44.920899,0
              -93.425793,44.920899,0
              -93.426429,44.920894,0
              -93.42671,44.920953,0
              -93.4268,44.920981,0
              -93.426854,44.921012,0
              -93.426893,44.921044,0
              -93.426932,44.921081,0
              -93.426959,44.92111,0
              -93.427099,44.921234,0
            </coordinates>
          </LineString>
          <LineString>
            <tessellate>1</tessellate>
            <coordinates>
              -93.427099,44.921234,0
              -93.427089,44.921634,0
              -93.427086,44.921767,0
            </coordinates>
          </LineString>
          <LineString>
            <tessellate>1</tessellate>
            <coordinates>
              -93.427086,44.921767,0
              -93.427066,44.922557,0
            </coordinates>
          </LineString>
          <LineString>
            <tessellate>1</tessellate>
            <coordinates>
              -93.427066,44.922557,0
              -93.427039,44.923169,0
              -93.42702,44.92341,0
              -93.426995,44.923651,0
              -93.426963,44.923891,0
              -93.426925,44.924131,0
              -93.426871,44.924328,0
              -93.425513,44.924318,0
            </coordinates>
          </LineString>
          <LineString>
            <tessellate>1</tessellate>
            <coordinates>
              -93.425513,44.924318,0
              -93.425147,44.924321,0
              -93.424179,44.924327,0
            </coordinates>
          </LineString>
          <LineString>
            <tessellate>1</tessellate>
            <coordinates>
              -93.424179,44.924327,0
              -93.423762,44.924331,0
              -93.42287,44.924338,0
              -93.422173,44.924344,0
            </coordinates>
          </LineString>
          <LineString>
            <tessellate>1</tessellate>
            <coordinates>
              -93.422173,44.924344,0
              -93.421596,44.924348,0
            </coordinates>
          </LineString>
          <LineString>
            <tessellate>1</tessellate>
            <coordinates>
              -93.421596,44.924348,0
              -93.421266,44.92435,0
            </coordinates>
          </LineString>
          <LineString>
            <tessellate>1</tessellate>
            <coordinates>
              -93.421266,44.92435,0
              -93.421209,44.92435,0
              -93.420328,44.924352,0
            </coordinates>
          </LineString>
          <LineString>
            <tessellate>1</tessellate>
            <coordinates>
              -93.420328,44.924352,0
              -93.42014,44.924353,0
              -93.419056,44.924358,0
              -93.417803,44.924365,0
            </coordinates>
          </LineString>
          <LineString>
            <tessellate>1</tessellate>
            <coordinates>
              -93.417803,44.924365,0
              -93.417207,44.924368,0
            </coordinates>
          </LineString>
          <LineString>
            <tessellate>1</tessellate>
            <coordinates>
              -93.417207,44.924368,0
              -93.416529,44.924371,0
              -93.41649,44.924371,0
            </coordinates>
          </LineString>
          <LineString>
            <tessellate>1</tessellate>
            <coordinates>
              -93.41649,44.924371,0
              -93.416332,44.924371,0
              -93.415243,44.924375,0
            </coordinates>
          </LineString>
          <LineString>
            <tessellate>1</tessellate>
            <coordinates>
              -93.415243,44.924375,0
              -93.414564,44.924378,0
              -93.413972,44.924381,0
            </coordinates>
          </LineString>
          <LineString>
            <tessellate>1</tessellate>
            <coordinates>
              -93.413972,44.924381,0
              -93.412701,44.924391,0
            </coordinates>
          </LineString>
          <LineString>
            <tessellate>1</tessellate>
            <coordinates>
              -93.412701,44.924391,0
              -93.411667,44.924395,0
              -93.411431,44.924397,0
            </coordinates>
          </LineString>
          <LineString>
            <tessellate>1</tessellate>
            <coordinates>
              -93.411431,44.924397,0
              -93.410117,44.924398,0
            </coordinates>
          </LineString>
          <LineString>
            <tessellate>1</tessellate>
            <coordinates>
              -93.410117,44.924398,0
              -93.408802,44.924405,0
            </coordinates>
          </LineString>
          <LineString>
            <tessellate>1</tessellate>
            <coordinates>
              -93.408802,44.924405,0
              -93.408449,44.924407,0
              -93.407489,44.924412,0
            </coordinates>
          </LineString>
          <LineString>
            <tessellate>1</tessellate>
            <coordinates>
              -93.407489,44.924412,0
              -93.406599,44.924416,0
              -93.406178,44.924419,0
            </coordinates>
          </LineString>
          <LineString>
            <tessellate>1</tessellate>
            <coordinates>
              -93.406178,44.924419,0
              -93.406278,44.923232,0
              -93.406321,44.922719,0
            </coordinates>
          </LineString>
          <LineString>
            <tessellate>1</tessellate>
            <coordinates>
              -93.406321,44.922719,0
              -93.40637,44.922146,0
              -93.406373,44.922085,0
            </coordinates>
          </LineString>
          <LineString>
            <tessellate>1</tessellate>
            <coordinates>
              -93.406373,44.922085,0
              -93.406371,44.921962,0
              -93.405938,44.922062,0
              -93.405539,44.922157,0
              -93.405496,44.922167,0
              -93.404723,44.922343,0
              -93.404047,44.922498,0
              -93.403628,44.922596,0
              -93.403125,44.922719,0
              -93.403014,44.922745,0
              -93.402863,44.922781,0
              -93.402556,44.922855,0
              -93.40222,44.922937,0
              -93.401907,44.923016,0
              -93.401782,44.923052,0
              -93.401706,44.923074,0
              -93.401572,44.923114,0
              -93.401499,44.923136,0
              -93.401392,44.923168,0
              -93.401173,44.923241,0
              -93.400939,44.923322,0
              -93.400714,44.92341,0
              -93.400389,44.923548,0
              -93.400096,44.923678,0
              -93.39987,44.923776,0
              -93.399615,44.923879,0
              -93.399432,44.923946,0
              -93.399231,44.924014,0
              -93.399161,44.924036,0
              -93.399012,44.924084,0
              -93.398914,44.924114,0
              -93.398697,44.924174,0
              -93.398607,44.924199,0
              -93.398587,44.924204,0
              -93.398263,44.924279,0
              -93.398066,44.924319,0
              -93.397781,44.924371,0
              -93.397505,44.924412,0
              -93.397235,44.924444,0
              -93.397015,44.924464,0
              -93.39679,44.924478,0
              -93.39662,44.924484,0
              -93.396555,44.924484,0
              -93.396339,44.924485,0
              -93.396171,44.924485,0
              -93.396116,44.924486,0
              -93.396001,44.924487,0
              -93.395755,44.924487,0
              -93.395469,44.924487,0
              -93.395239,44.924488,0
              -93.395163,44.924487,0
              -93.395004,44.924487,0
              -93.394595,44.924488,0
              -93.394059,44.924487,0
              -93.393681,44.924487,0
              -93.393337,44.924487,0
              -93.393027,44.924489,0
              -93.392909,44.924492,0
              -93.392661,44.924501,0
              -93.392533,44.924507,0
              -93.392397,44.924514,0
              -93.392276,44.924522,0
              -93.392087,44.924535,0
              -93.391797,44.92456,0
              -93.391543,44.924587,0
              -93.391396,44.924604,0
              -93.391053,44.92465,0
              -93.390836,44.924685,0
              -93.390604,44.924724,0
              -93.390352,44.924771,0
              -93.390111,44.924819,0
              -93.38986,44.92487,0
              -93.389629,44.924916,0
              -93.389492,44.924944,0
              -93.389129,44.925016,0
              -93.388754,44.925092,0
              -93.388439,44.925154,0
              -93.388298,44.925183,0
              -93.387926,44.925256,0
              -93.387666,44.925299,0
              -93.387391,44.925342,0
              -93.387269,44.925362,0
              -93.387138,44.925385,0
              -93.387031,44.925404,0
              -93.386592,44.925492,0
              -93.386295,44.925551,0
              -93.386041,44.925594,0
              -93.385859,44.925626,0
              -93.385753,44.92564,0
              -93.385666,44.925648,0
              -93.385245,44.925674,0
              -93.385011,44.925687,0
              -93.384746,44.925699,0
              -93.384552,44.925708,0
              -93.38423,44.925724,0
              -93.383986,44.925737,0
              -93.383461,44.925762,0
              -93.383206,44.925775,0
              -93.382952,44.925791,0
              -93.38269,44.925809,0
              -93.382526,44.925852,0
            </coordinates>
          </LineString>
          <LineString>
            <tessellate>1</tessellate>
            <coordinates>
              -93.382526,44.925852,0
              -93.380714,44.925944,0
            </coordinates>
          </LineString>
          <LineString>
            <tessellate>1</tessellate>
            <coordinates>
              -93.380714,44.925944,0
              -93.380464,44.925956,0
            </coordinates>
          </LineString>
          <LineString>
            <tessellate>1</tessellate>
            <coordinates>
              -93.380464,44.925956,0
              -93.380406,44.925959,0
              -93.379148,44.926023,0
            </coordinates>
          </LineString>
          <LineString>
            <tessellate>1</tessellate>
            <coordinates>
              -93.379148,44.926023,0
              -93.378202,44.92607,0
              -93.376955,44.926156,0
            </coordinates>
          </LineString>
          <LineString>
            <tessellate>1</tessellate>
            <coordinates>
              -93.376955,44.926156,0
              -93.37672,44.926122,0
              -93.376359,44.926147,0
              -93.37582,44.926174,0
              -93.375693,44.92618,0
              -93.375468,44.926193,0
              -93.37532,44.926199,0
              -93.375068,44.926221,0
              -93.374927,44.926235,0
              -93.37468,44.926271,0
              -93.374555,44.926292,0
              -93.374439,44.926312,0
              -93.374307,44.92634,0
              -93.374195,44.926365,0
              -93.37408,44.926394,0
              -93.373945,44.926429,0
              -93.373595,44.926529,0
              -93.372884,44.92673,0
              -93.372527,44.926832,0
              -93.371814,44.927034,0
              -93.37134,44.927168,0
              -93.371094,44.927235,0
              -93.370839,44.927306,0
              -93.370683,44.927349,0
              -93.370584,44.927372,0
              -93.370488,44.927394,0
              -93.370362,44.927417,0
              -93.370242,44.927437,0
              -93.370222,44.92744,0
              -93.370117,44.927455,0
              -93.369998,44.927469,0
              -93.369853,44.927481,0
              -93.369731,44.927486,0
              -93.369603,44.927489,0
              -93.369471,44.927488,0
              -93.369349,44.927485,0
              -93.369204,44.927476,0
              -93.369071,44.927464,0
              -93.368585,44.927411,0
              -93.368211,44.927369,0
              -93.367842,44.927328,0
              -93.367331,44.92727,0
              -93.366826,44.927214,0
              -93.366436,44.92717,0
              -93.366067,44.92713,0
              -93.36581,44.927105,0
              -93.365637,44.927091,0
              -93.365428,44.927076,0
              -93.365382,44.927073,0
              -93.365128,44.927056,0
              -93.36495,44.927047,0
              -93.364755,44.927039,0
              -93.363979,44.927013,0
              -93.363397,44.926991,0
              -93.363015,44.926979,0
              -93.362818,44.926971,0
              -93.362636,44.926964,0
              -93.36245,44.926957,0
              -93.362252,44.926946,0
              -93.361859,44.926921,0
              -93.361646,44.926906,0
              -93.36158,44.926903,0
              -93.361524,44.9269,0
              -93.361329,44.926897,0
              -93.361281,44.926898,0
              -93.361229,44.9269,0
              -93.361093,44.926903,0
              -93.360899,44.92692,0
              -93.360698,44.926947,0
              -93.360519,44.92698,0
              -93.360329,44.927024,0
              -93.36019,44.927062,0
              -93.36001,44.927114,0
              -93.359828,44.927166,0
              -93.359653,44.927211,0
              -93.35958,44.927228,0
              -93.35937,44.927276,0
              -93.359278,44.927296,0
              -93.358985,44.927371,0
              -93.358795,44.927422,0
              -93.358619,44.92747,0
              -93.358266,44.927566,0
              -93.358143,44.927598,0
              -93.357969,44.927645,0
              -93.357272,44.927848,0
              -93.356966,44.927939,0
              -93.356754,44.928003,0
              -93.356449,44.928106,0
              -93.356102,44.928233,0
              -93.355716,44.928376,0
              -93.355281,44.928515,0
              -93.355064,44.928585,0
              -93.354715,44.928701,0
              -93.35434,44.92883,0
              -93.354029,44.928932,0
              -93.353522,44.929091,0
              -93.353387,44.929131,0
              -93.353154,44.9292,0
              -93.353025,44.929244,0
              -93.352845,44.9293,0
              -93.352677,44.929351,0
              -93.35248,44.929408,0
              -93.3523,44.92946,0
              -93.351819,44.929585,0
              -93.351125,44.929786,0
              -93.350758,44.9299,0
              -93.350299,44.930049,0
              -93.35005,44.93013,0
              -93.349878,44.930187,0
              -93.34945,44.930323,0
              -93.349116,44.930441,0
              -93.348914,44.930507,0
              -93.348329,44.93069,0
              -93.348216,44.930722,0
              -93.347788,44.930855,0
              -93.347186,44.931042,0
              -93.34665,44.931204,0
              -93.346232,44.931332,0
              -93.346075,44.931381,0
              -93.345752,44.931479,0
              -93.34572,44.931488,0
              -93.344797,44.931771,0
              -93.344116,44.931997,0
              -93.343594,44.932157,0
              -93.343472,44.932196,0
              -93.343244,44.932269,0
              -93.342528,44.932489,0
              -93.342042,44.932639,0
              -93.341836,44.932701,0
              -93.340761,44.933031,0
              -93.340216,44.933197,0
              -93.340184,44.933207,0
              -93.339841,44.933313,0
              -93.339337,44.933466,0
              -93.338954,44.933584,0
              -93.338456,44.933736,0
              -93.338253,44.933799,0
              -93.338073,44.933857,0
              -93.33791,44.933916,0
              -93.337555,44.934055,0
              -93.337228,44.9342,0
              -93.337024,44.934299,0
              -93.337018,44.934303,0
              -93.336827,44.934398,0
              -93.33638,44.934668,0
              -93.336088,44.934867,0
              -93.335825,44.935067,0
              -93.335668,44.935191,0
              -93.3355,44.935319,0
              -93.335063,44.935672,0
              -93.334465,44.936145,0
              -93.334368,44.936223,0
              -93.334268,44.936305,0
              -93.333859,44.936627,0
              -93.333448,44.936954,0
              -93.333294,44.937078,0
              -93.332843,44.937435,0
              -93.332584,44.937643,0
              -93.332119,44.938011,0
              -93.332019,44.93809,0
              -93.330739,44.939108,0
              -93.330408,44.939373,0
              -93.329979,44.939713,0
              -93.329908,44.93977,0
              -93.329643,44.93998,0
              -93.32929,44.94026,0
              -93.329037,44.940462,0
              -93.328035,44.941255,0
              -93.32747,44.941733,0
              -93.32727,44.941904,0
              -93.327012,44.94215,0
            </coordinates>
          </LineString>
          <LineString>
            <tessellate>1</tessellate>
            <coordinates>
              -93.327012,44.94215,0
              -93.326458,44.942595,0
              -93.323395,44.945004,0
            </coordinates>
          </LineString>
          <LineString>
            <tessellate>1</tessellate>
            <coordinates>
              -93.323395,44.945004,0
              -93.323154,44.94522,0
              -93.322831,44.945508,0
            </coordinates>
          </LineString>
          <LineString>
            <tessellate>1</tessellate>
            <coordinates>
              -93.322831,44.945508,0
              -93.322473,44.945858,0
            </coordinates>
          </LineString>
          <LineString>
            <tessellate>1</tessellate>
            <coordinates>
              -93.322473,44.945858,0
              -93.321741,44.946573,0
              -93.321257,44.947045,0
            </coordinates>
          </LineString>
          <LineString>
            <tessellate>1</tessellate>
            <coordinates>
              -93.321257,44.947045,0
              -93.32109,44.947221,0
            </coordinates>
          </LineString>
          <LineString>
            <tessellate>1</tessellate>
            <coordinates>
              -93.32109,44.947221,0
              -93.320814,44.947377,0
              -93.320777,44.947397,0
            </coordinates>
          </LineString>
          <LineString>
            <tessellate>1</tessellate>
            <coordinates>
              -93.320777,44.947397,0
              -93.320596,44.947475,0
            </coordinates>
          </LineString>
          <LineString>
            <tessellate>1</tessellate>
            <coordinates>
              -93.320596,44.947475,0
              -93.320353,44.947497,0
              -93.319222,44.947888,0
              -93.318754,44.948047,0
              -93.318322,44.948196,0
              -93.317915,44.948337,0
              -93.317177,44.948598,0
              -93.316477,44.948841,0
              -93.316064,44.948975,0
              -93.315413,44.949185,0
              -93.313951,44.949656,0
              -93.313788,44.949709,0
              -93.313168,44.949904,0
              -93.312696,44.950072,0
              -93.312105,44.95026,0
              -93.31178,44.950351,0
              -93.311638,44.950385,0
              -93.311524,44.95041,0
              -93.311367,44.950437,0
              -93.311183,44.95046,0
              -93.311043,44.950469,0
              -93.310893,44.950477,0
              -93.310703,44.950479,0
              -93.310476,44.950469,0
              -93.310318,44.950453,0
              -93.310118,44.950423,0
              -93.309975,44.950398,0
              -93.309833,44.950365,0
              -93.30965,44.950312,0
              -93.30943,44.950241,0
              -93.309255,44.950174,0
              -93.309014,44.950078,0
              -93.308588,44.9499,0
              -93.308142,44.949719,0
              -93.307519,44.949458,0
              -93.306812,44.949165,0
              -93.30574,44.948624,0
              -93.305468,44.948497,0
              -93.305394,44.948466,0
              -93.305317,44.948439,0
              -93.305237,44.948417,0
              -93.305154,44.948401,0
              -93.305069,44.94839,0
              -93.304984,44.948384,0
              -93.304976,44.948383,0
              -93.304647,44.948378,0
              -93.303375,44.948366,0
              -93.302119,44.948366,0
              -93.300838,44.948365,0
              -93.300343,44.948364,0
              -93.299551,44.948362,0
              -93.298289,44.948362,0
              -93.297977,44.948363,0
              -93.29701,44.948365,0
              -93.295753,44.948369,0
              -93.294462,44.948353,0
              -93.293374,44.948361,0
              -93.293193,44.948363,0
            </coordinates>
          </LineString>
          <LineString>
            <tessellate>1</tessellate>
            <coordinates>
              -93.293193,44.948363,0
              -93.291917,44.948359,0
            </coordinates>
          </LineString>
          <LineString>
            <tessellate>1</tessellate>
            <coordinates>
              -93.291917,44.948359,0
              -93.290851,44.948362,0
              -93.290654,44.948363,0
            </coordinates>
          </LineString>
          <LineString>
            <tessellate>1</tessellate>
            <coordinates>
              -93.290654,44.948363,0
              -93.289379,44.948367,0
            </coordinates>
          </LineString>
          <LineString>
            <tessellate>1</tessellate>
            <coordinates>
              -93.289379,44.948367,0
              -93.288093,44.948365,0
            </coordinates>
          </LineString>
          <LineString>
            <tessellate>1</tessellate>
            <coordinates>
              -93.288093,44.948365,0
              -93.288109,44.946791,0
              -93.288112,44.946608,0
            </coordinates>
          </LineString>
          <LineString>
            <tessellate>1</tessellate>
            <coordinates>
              -93.288112,44.946608,0
              -93.28817,44.94631,0
              -93.288182,44.94601,0
              -93.288197,44.945785,0
              -93.288179,44.945157,0
              -93.288188,44.944733,0
              -93.288192,44.944313,0
              -93.288196,44.943951,0
              -93.288203,44.943375,0
              -93.288208,44.943143,0
              -93.288213,44.942913,0
              -93.288213,44.942215,0
              -93.288217,44.941872,0
              -93.288234,44.941311,0
              -93.288229,44.940894,0
              -93.288231,44.94035,0
              -93.288235,44.939984,0
              -93.288243,44.939599,0
              -93.288245,44.9395,0
              -93.288244,44.939031,0
              -93.288248,44.938283,0
              -93.288253,44.937776,0
              -93.288254,44.937686,0
              -93.288259,44.937456,0
              -93.288261,44.937048,0
              -93.288264,44.936671,0
              -93.288273,44.935972,0
              -93.288274,44.935877,0
              -93.288277,44.934954,0
              -93.288281,44.934443,0
              -93.28824,44.934072,0
            </coordinates>
          </LineString>
          <LineString>
            <tessellate>1</tessellate>
            <coordinates>
              -93.28824,44.934072,0
              -93.287763,44.934074,0
              -93.286949,44.934078,0
            </coordinates>
          </LineString>
          <LineString>
            <tessellate>1</tessellate>
            <coordinates>
              -93.286949,44.934078,0
              -93.285652,44.934084,0
            </coordinates>
          </LineString>
          <LineString>
            <tessellate>1</tessellate>
            <coordinates>
              -93.285652,44.934084,0
              -93.284505,44.934093,0
              -93.284366,44.934094,0
            </coordinates>
          </LineString>
          <LineString>
            <tessellate>1</tessellate>
            <coordinates>
              -93.284366,44.934094,0
              -93.28308,44.934099,0
            </coordinates>
          </LineString>
          <LineString>
            <tessellate>1</tessellate>
            <coordinates>
              -93.28308,44.934099,0
              -93.281411,44.934102,0
            </coordinates>
          </LineString>
          <LineString>
            <tessellate>1</tessellate>
            <coordinates>
              -93.281411,44.934102,0
              -93.281237,44.934103,0
              -93.279754,44.934113,0
            </coordinates>
          </LineString>
          <LineString>
            <tessellate>1</tessellate>
            <coordinates>
              -93.279754,44.934113,0
              -93.278117,44.93412,0
              -93.277905,44.934121,0
            </coordinates>
          </LineString>
          <LineString>
            <tessellate>1</tessellate>
            <coordinates>
              -93.277905,44.934121,0
              -93.276622,44.934123,0
            </coordinates>
          </LineString>
          <LineString>
            <tessellate>1</tessellate>
            <coordinates>
              -93.276622,44.934123,0
              -93.275325,44.934132,0
              -93.274789,44.934133,0
              -93.274512,44.934133,0
              -93.274027,44.934135,0
            </coordinates>
          </LineString>
          <LineString>
            <tessellate>1</tessellate>
            <coordinates>
              -93.274027,44.934135,0
              -93.272899,44.934142,0
              -93.272729,44.934144,0
            </coordinates>
          </LineString>
          <LineString>
            <tessellate>1</tessellate>
            <coordinates>
              -93.272729,44.934144,0
              -93.271434,44.934149,0
            </coordinates>
          </LineString>
          <LineString>
            <tessellate>1</tessellate>
            <coordinates>
              -93.271434,44.934149,0
              -93.270581,44.93415,0
            </coordinates>
          </LineString>
          <LineString>
            <tessellate>1</tessellate>
            <coordinates>
              -93.270581,44.93415,0
              -93.270293,44.934151,0
              -93.270123,44.934152,0
            </coordinates>
          </LineString>
          <LineString>
            <tessellate>1</tessellate>
            <coordinates>
              -93.270123,44.934152,0
              -93.268836,44.934153,0
            </coordinates>
          </LineString>
          <LineString>
            <tessellate>1</tessellate>
            <coordinates>
              -93.268836,44.934153,0
              -93.26775,44.934158,0
              -93.267539,44.934159,0
            </coordinates>
          </LineString>
          <LineString>
            <tessellate>1</tessellate>
            <coordinates>
              -93.267539,44.934159,0
              -93.266272,44.934162,0
            </coordinates>
          </LineString>
          <LineString>
            <tessellate>1</tessellate>
            <coordinates>
              -93.266272,44.934162,0
              -93.265023,44.934155,0
            </coordinates>
          </LineString>
          <LineString>
            <tessellate>1</tessellate>
            <coordinates>
              -93.265023,44.934155,0
              -93.264771,44.934154,0
              -93.263756,44.934147,0
            </coordinates>
          </LineString>
          <LineString>
            <tessellate>1</tessellate>
            <coordinates>
              -93.263756,44.934147,0
              -93.263032,44.934151,0
              -93.262496,44.934153,0
              -93.261225,44.934143,0
            </coordinates>
          </LineString>
          <LineString>
            <tessellate>1</tessellate>
            <coordinates>
              -93.261225,44.934143,0
              -93.260144,44.934144,0
              -93.259963,44.934144,0
            </coordinates>
          </LineString>
          <LineString>
            <tessellate>1</tessellate>
            <coordinates>
              -93.259963,44.934144,0
              -93.258709,44.934148,0
            </coordinates>
          </LineString>
          <LineString>
            <tessellate>1</tessellate>
            <coordinates>
              -93.258709,44.934148,0
              -93.257439,44.934137,0
            </coordinates>
          </LineString>
          <LineString>
            <tessellate>1</tessellate>
            <coordinates>
              -93.257439,44.934137,0
              -93.256378,44.93414,0
              -93.256174,44.93414,0
            </coordinates>
          </LineString>
          <LineString>
            <tessellate>1</tessellate>
            <coordinates>
              -93.256174,44.93414,0
              -93.254922,44.934133,0
            </coordinates>
          </LineString>
          <LineString>
            <tessellate>1</tessellate>
            <coordinates>
              -93.254922,44.934133,0
              -93.25365,44.934127,0
            </coordinates>
          </LineString>
          <LineString>
            <tessellate>1</tessellate>
            <coordinates>
              -93.25365,44.934127,0
              -93.252594,44.934128,0
              -93.252401,44.934128,0
            </coordinates>
          </LineString>
          <LineString>
            <tessellate>1</tessellate>
            <coordinates>
              -93.252401,44.934128,0
              -93.251129,44.934126,0
            </coordinates>
          </LineString>
          <LineString>
            <tessellate>1</tessellate>
            <coordinates>
              -93.251129,44.934126,0
              -93.250013,44.934125,0
              -93.249873,44.934125,0
            </coordinates>
          </LineString>
          <LineString>
            <tessellate>1</tessellate>
            <coordinates>
              -93.249873,44.934125,0
              -93.248613,44.934114,0
            </coordinates>
          </LineString>
          <LineString>
            <tessellate>1</tessellate>
            <coordinates>
              -93.248613,44.934114,0
              -93.247537,44.934116,0
              -93.247348,44.934117,0
            </coordinates>
          </LineString>
          <LineString>
            <tessellate>1</tessellate>
            <coordinates>
              -93.247348,44.934117,0
              -93.246062,44.934114,0
              -93.244804,44.93412,0
            </coordinates>
          </LineString>
          <LineString>
            <tessellate>1</tessellate>
            <coordinates>
              -93.244804,44.93412,0
              -93.244645,44.934119,0
              -93.243539,44.934116,0
            </coordinates>
          </LineString>
          <LineString>
            <tessellate>1</tessellate>
            <coordinates>
              -93.243539,44.934116,0
              -93.242389,44.934118,0
              -93.242262,44.934119,0
            </coordinates>
          </LineString>
          <LineString>
            <tessellate>1</tessellate>
            <coordinates>
              -93.242262,44.934119,0
              -93.241001,44.934113,0
            </coordinates>
          </LineString>
          <LineString>
            <tessellate>1</tessellate>
            <coordinates>
              -93.241001,44.934113,0
              -93.239721,44.934112,0
              -93.238883,44.934115,0
            </coordinates>
          </LineString>
          <LineString>
            <tessellate>1</tessellate>
            <coordinates>
              -93.238883,44.934115,0
              -93.23846,44.934113,0
            </coordinates>
          </LineString>
          <LineString>
            <tessellate>1</tessellate>
            <coordinates>
              -93.23846,44.934113,0
              -93.238286,44.934113,0
              -93.237198,44.934109,0
            </coordinates>
          </LineString>
          <LineString>
            <tessellate>1</tessellate>
            <coordinates>
              -93.237198,44.934109,0
              -93.235917,44.934112,0
            </coordinates>
          </LineString>
          <LineString>
            <tessellate>1</tessellate>
            <coordinates>
              -93.235917,44.934112,0
              -93.234768,44.934123,0
              -93.234655,44.934124,0
            </coordinates>
          </LineString>
          <LineString>
            <tessellate>1</tessellate>
            <coordinates>
              -93.234655,44.934124,0
              -93.233384,44.934123,0
            </coordinates>
          </LineString>
          <LineString>
            <tessellate>1</tessellate>
            <coordinates>
              -93.233384,44.934123,0
              -93.23227,44.934125,0
              -93.232116,44.934125,0
            </coordinates>
          </LineString>
          <LineString>
            <tessellate>1</tessellate>
            <coordinates>
              -93.232116,44.934125,0
              -93.230843,44.934121,0
            </coordinates>
          </LineString>
          <LineString>
            <tessellate>1</tessellate>
            <coordinates>
              -93.230843,44.934121,0
              -93.229731,44.934119,0
            </coordinates>
          </LineString>
          <LineString>
            <tessellate>1</tessellate>
            <coordinates>
              -93.404084,44.898967,0
              -93.404205,44.898977,0
              -93.404328,44.89898,0
              -93.405162,44.898995,0
              -93.405291,44.898992,0
              -93.40542,44.898984,0
              -93.405547,44.89897,0
              -93.405673,44.898951,0
              -93.406,44.898886,0
              -93.406063,44.898873,0
              -93.406188,44.898853,0
              -93.406315,44.89884,0
              -93.406442,44.898834,0
              -93.40657,44.898834,0
              -93.406698,44.898842,0
              -93.406824,44.898856,0
              -93.406949,44.898877,0
              -93.407071,44.898905,0
              -93.407172,44.898934,0
              -93.407269,44.898967,0
              -93.407364,44.899005,0
              -93.407391,44.899019,0
              -93.407453,44.899052,0
              -93.407537,44.899104,0
              -93.407616,44.899159,0
              -93.407689,44.899219,0
              -93.407718,44.899245,0
              -93.407787,44.899298,0
              -93.407862,44.899346,0
              -93.407943,44.89939,0
              -93.408029,44.899429,0
              -93.408118,44.899462,0
              -93.408208,44.899488,0
              -93.408301,44.899508,0
              -93.408395,44.899523,0
              -93.408491,44.899532,0
              -93.408556,44.899535,0
              -93.40862,44.899535,0
              -93.408718,44.89953,0
              -93.408814,44.89952,0
              -93.408909,44.899504,0
              -93.409001,44.899482,0
              -93.409091,44.899455,0
              -93.409177,44.899422,0
              -93.409259,44.899384,0
              -93.409336,44.899342,0
              -93.409449,44.899286,0
              -93.409568,44.899237,0
              -93.40969,44.899193,0
              -93.409817,44.899156,0
              -93.409947,44.899126,0
              -93.41008,44.899102,0
              -93.410215,44.899085,0
              -93.410352,44.899074,0
              -93.410489,44.899071,0
              -93.4111,44.89908,0
              -93.412133,44.899094,0
              -93.412625,44.899101,0
              -93.414059,44.899123,0
              -93.414167,44.899121,0
              -93.414275,44.899127,0
              -93.414383,44.899138,0
              -93.414489,44.899156,0
              -93.414592,44.89918,0
              -93.414692,44.89921,0
              -93.414788,44.899246,0
              -93.414879,44.899288,0
              -93.415721,44.899692,0
              -93.415779,44.899724,0
              -93.415833,44.899759,0
              -93.415884,44.899796,0
              -93.415945,44.89985,0
              -93.415999,44.899907,0
              -93.416046,44.899968,0
              -93.416084,44.900031,0
              -93.416114,44.900097,0
              -93.416134,44.900165,0
              -93.416169,44.900367,0
              -93.416185,44.900457,0
              -93.41621,44.900546,0
              -93.416245,44.900633,0
              -93.416288,44.900719,0
              -93.41634,44.900802,0
              -93.416401,44.900882,0
              -93.41647,44.900958,0
              -93.416546,44.901031,0
              -93.416629,44.9011,0
              -93.41672,44.901164,0
              -93.416743,44.901178,0
              -93.416817,44.901223,0
              -93.416919,44.901277,0
              -93.417027,44.901326,0
              -93.41714,44.901369,0
              -93.417256,44.901406,0
              -93.417377,44.901437,0
              -93.4175,44.901461,0
              -93.417625,44.901479,0
              -93.417733,44.901489,0
              -93.417842,44.901494,0
              -93.417951,44.901495,0
              -93.418791,44.901492,0
              -93.41894,44.901488,0
              -93.419088,44.901476,0
              -93.419234,44.901458,0
              -93.419379,44.901432,0
              -93.419521,44.9014,0
              -93.419659,44.90136,0
              -93.419794,44.901314,0
              -93.419924,44.901262,0
              -93.420048,44.901204,0
              -93.420167,44.90114,0
              -93.420279,44.90107,0
              -93.420384,44.900995,0
              -93.420482,44.900915,0
              -93.420572,44.90083,0
              -93.420733,44.900668,0
              -93.421306,44.900087,0
              -93.421354,44.900024,0
              -93.421395,44.89996,0
              -93.421427,44.899893,0
              -93.421452,44.899824,0
              -93.421469,44.899754,0
              -93.421477,44.899683,0
              -93.421477,44.899612,0
              -93.421469,44.899541,0
              -93.421462,44.899512,0
              -93.421459,44.899498,0
              -93.421438,44.899382,0
              -93.421424,44.899264,0
              -93.421416,44.899147,0
              -93.421406,44.898732,0
              -93.421411,44.898681,0
              -93.421423,44.898631,0
              -93.421444,44.898581,0
              -93.421471,44.898534,0
              -93.421506,44.898488,0
              -93.421548,44.898446,0
              -93.421596,44.898408,0
              -93.421649,44.898373,0
              -93.421916,44.89822,0
              -93.422054,44.89814,0
              -93.42191,44.898,0
              -93.421804,44.89788,0
              -93.421705,44.897759,0
              -93.421535,44.89753,0
              -93.42145,44.897396,0
              -93.421377,44.897269,0
              -93.421312,44.897148,0
              -93.421237,44.896983,0
              -93.4212,44.896882,0
              -93.42115,44.896752,0
              -93.421069,44.896489,0
              -93.420997,44.896218,0
              -93.420942,44.895951,0
              -93.420903,44.895766,0
              -93.420833,44.895409,0
              -93.4208,44.89524,0
              -93.420763,44.895007,0
              -93.420728,44.894731,0
              -93.420685,44.894458,0
              -93.420652,44.894269,0
              -93.420398,44.89429,0
              -93.420103,44.894311,0
              -93.419975,44.894321,0
              -93.419845,44.894324,0
              -93.419716,44.89432,0
              -93.419667,44.894316,0
              -93.419587,44.894309,0
              -93.419425,44.894306,0
              -93.419263,44.894306,0
              -93.419101,44.894311,0
              -93.419008,44.894314,0
              -93.418915,44.894309,0
              -93.418823,44.894298,0
              -93.418734,44.894279,0
              -93.418665,44.894254,0
              -93.418601,44.894222,0
              -93.418543,44.894185,0
              -93.418493,44.894143,0
              -93.418451,44.894096,0
              -93.418417,44.894051,0
              -93.418392,44.894008,0
              -93.418359,44.893968,0
              -93.418319,44.893931,0
              -93.418163,44.893771,0
              -93.418089,44.893706,0
              -93.418009,44.893647,0
              -93.417921,44.893592,0
              -93.417828,44.893543,0
              -93.417728,44.8935,0
              -93.417624,44.893463,0
              -93.417516,44.893432,0
              -93.417404,44.893408,0
              -93.417214,44.893377,0
              -93.417021,44.893351,0
              -93.416828,44.893331,0
              -93.416048,44.89326,0
              -93.415746,44.893225,0
              -93.415444,44.893185,0
              -93.415144,44.89314,0
              -93.414381,44.892954,0
              -93.414181,44.892905,0
              -93.414036,44.89287,0
              -93.413703,44.89276,0
              -93.413374,44.892645,0
              -93.413049,44.892525,0
              -93.412875,44.892464,0
              -93.412697,44.892408,0
              -93.412515,44.892359,0
              -93.412331,44.892316,0
              -93.412144,44.892279,0
              -93.411954,44.892248,0
              -93.411766,44.892228,0
              -93.411576,44.892212,0
              -93.411386,44.892201,0
              -93.411196,44.892193,0
              -93.410826,44.892175,0
              -93.408708,44.89205,0
              -93.408621,44.892052,0
              -93.408534,44.892062,0
              -93.40845,44.892077,0
              -93.408368,44.892099,0
              -93.40829,44.892127,0
              -93.408289,44.892128,0
              -93.408217,44.892161,0
              -93.408149,44.892201,0
              -93.408087,44.892245,0
              -93.408055,44.892287,0
              -93.408031,44.892331,0
              -93.408015,44.892378,0
              -93.408009,44.892425,0
              -93.408013,44.892473,0
              -93.408026,44.89252,0
              -93.408048,44.892565,0
              -93.408122,44.892696,0
              -93.408145,44.892746,0
              -93.408164,44.892797,0
              -93.408177,44.892849,0
              -93.408186,44.8929,0
              -93.408191,44.892953,0
              -93.40819,44.893004,0
              -93.408178,44.893219,0
              -93.408184,44.893288,0
              -93.4082,44.893357,0
              -93.408224,44.893425,0
              -93.408257,44.89349,0
              -93.408299,44.893553,0
              -93.408348,44.893613,0
              -93.408403,44.893666,0
              -93.408463,44.893716,0
              -93.40853,44.893761,0
              -93.408602,44.893803,0
              -93.408679,44.893839,0
              -93.408761,44.89387,0
              -93.409029,44.893962,0
              -93.409091,44.89399,0
              -93.409148,44.894022,0
              -93.409202,44.894057,0
              -93.409249,44.894097,0
              -93.409291,44.894139,0
              -93.409328,44.894185,0
              -93.409382,44.894266,0
              -93.409428,44.894349,0
              -93.409465,44.894435,0
              -93.409493,44.894523,0
              -93.40951,44.894612,0
              -93.409519,44.894701,0
              -93.409401,44.895076,0
              -93.409378,44.895137,0
              -93.409329,44.895242,0
              -93.409315,44.895288,0
              -93.409307,44.895335,0
              -93.409306,44.895383,0
              -93.409304,44.895451,0
              -93.409292,44.895518,0
              -93.40923,44.89554,0
              -93.409172,44.895566,0
              -93.409117,44.895596,0
              -93.409067,44.89563,0
              -93.409022,44.895667,0
              -93.408721,44.895905,0
              -93.408658,44.895942,0
              -93.408589,44.895974,0
              -93.408515,44.896001,0
              -93.408438,44.896022,0
              -93.408359,44.896037,0
              -93.408277,44.896046,0
              -93.408194,44.896048,0
              -93.408112,44.896044,0
              -93.40803,44.896033,0
              -93.407951,44.896016,0
              -93.407874,44.895994,0
              -93.407802,44.895965,0
              -93.407734,44.895931,0
              -93.407673,44.895891,0
              -93.407617,44.895848,0
              -93.407406,44.895675,0
              -93.407332,44.895623,0
              -93.40725,44.895576,0
              -93.407163,44.895534,0
              -93.407071,44.895499,0
              -93.406974,44.895469,0
              -93.406874,44.895447,0
              -93.40675,44.895424,0
              -93.406624,44.895407,0
              -93.406496,44.895398,0
              -93.406368,44.895395,0
              -93.406239,44.895398,0
              -93.406112,44.895409,0
              -93.405986,44.895426,0
              -93.405862,44.89545,0
              -93.40574,44.89548,0
              -93.405631,44.895513,0
              -93.405526,44.895551,0
              -93.405424,44.895595,0
              -93.405354,44.895628,0
              -93.405333,44.895638,0
              -93.405245,44.895685,0
              -93.40516,44.895735,0
              -93.405063,44.8958,0
              -93.404972,44.89587,0
              -93.404888,44.895944,0
              -93.404811,44.896023,0
              -93.404742,44.896104,0
              -93.40468,44.896189,0
              -93.404627,44.896277,0
              -93.404582,44.896366,0
              -93.404546,44.896458,0
              -93.404519,44.896553,0
              -93.404501,44.89665,0
              -93.404492,44.896747,0
              -93.404492,44.896844,0
              -93.404502,44.896941,0
              -93.404521,44.897037,0
              -93.404548,44.897133,0
              -93.404585,44.897226,0
              -93.40463,44.897318,0
              -93.404685,44.897407,0
              -93.404779,44.897582,0
              -93.404862,44.897735,0
              -93.404914,44.897846,0
              -93.404931,44.89792,0
              -93.404934,44.89798,0
              -93.404927,44.898059,0
              -93.404926,44.898068,0
              -93.404915,44.89814,0
              -93.404891,44.898208,0
              -93.404849,44.898293,0
              -93.404779,44.898393,0
              -93.404689,44.898485,0
              -93.404608,44.898553,0
              -93.404548,44.898597,0
              -93.4045,44.898624,0
              -93.40443,44.898664,0
              -93.404368,44.89869,0
              -93.404292,44.898721,0
              -93.404212,44.898745,0
              -93.404139,44.898765,0
              -93.403983,44.898802,0
              -93.404084,44.898967,0
            </coordinates>
          </LineString>
          <LineString>
            <tessellate>1</tessellate>
            <coordinates>
              -93.229732,44.934322,0
              -93.22967,44.934362,0
              -93.229624,44.934395,0
              -93.229575,44.934441,0
              -93.229578,44.934485,0
              -93.229598,44.934537,0
              -93.229635,44.934595,0
              -93.229763,44.934805,0
              -93.229767,44.934812,0
              -93.229847,44.934942,0
              -93.22988,44.93498,0
              -93.229886,44.934984,0
              -93.229922,44.935006,0
              -93.229943,44.935014,0
              -93.22998,44.935017,0
              -93.230025,44.935016,0
              -93.230062,44.935004,0
              -93.23008,44.934998,0
              -93.230106,44.934971,0
              -93.230112,44.93496,0
              -93.230122,44.934931,0
              -93.230126,44.9349,0
              -93.230126,44.934865,0
              -93.23012,44.934842,0
              -93.230106,44.934798,0
              -93.230066,44.934739,0
              -93.229934,44.934618,0
              -93.229844,44.934526,0
              -93.229785,44.934423,0
              -93.229762,44.934389,0
              -93.229732,44.934322,0
            </coordinates>
          </LineString>
          <LineString>
            <tessellate>1</tessellate>
            <coordinates>
              -93.229732,44.934322,0
              -93.229731,44.934119,0
            </coordinates>
          </LineString>
          <LineString>
            <tessellate>1</tessellate>
            <coordinates>
              -93.229731,44.934119,0
              -93.229081,44.934117,0
              -93.228741,44.934122,0
              -93.228552,44.934123,0
              -93.227492,44.934128,0
              -93.22705,44.934131,0
              -93.226615,44.934142,0
            </coordinates>
          </LineString>
          <LineString>
            <tessellate>1</tessellate>
            <coordinates>
              -93.226615,44.934142,0
              -93.225782,44.934145,0
              -93.225661,44.934145,0
            </coordinates>
          </LineString>
          <LineString>
            <tessellate>1</tessellate>
            <coordinates>
              -93.225661,44.934145,0
              -93.225006,44.934152,0
            </coordinates>
          </LineString>
          <LineString>
            <tessellate>1</tessellate>
            <coordinates>
              -93.225006,44.934152,0
              -93.223989,44.934162,0
              -93.223912,44.934163,0
            </coordinates>
          </LineString>
          <LineString>
            <tessellate>1</tessellate>
            <coordinates>
              -93.223912,44.934163,0
              -93.222941,44.934165,0
            </coordinates>
          </LineString>
          <LineString>
            <tessellate>1</tessellate>
            <coordinates>
              -93.222941,44.934165,0
              -93.221674,44.934181,0
            </coordinates>
          </LineString>
          <LineString>
            <tessellate>1</tessellate>
            <coordinates>
              -93.221674,44.934181,0
              -93.220565,44.93419,0
              -93.220409,44.934191,0
            </coordinates>
          </LineString>
          <LineString>
            <tessellate>1</tessellate>
            <coordinates>
              -93.220409,44.934191,0
              -93.21915,44.934212,0
            </coordinates>
          </LineString>
          <LineString>
            <tessellate>1</tessellate>
            <coordinates>
              -93.21915,44.934212,0
              -93.218026,44.934223,0
              -93.217876,44.934224,0
            </coordinates>
          </LineString>
          <LineString>
            <tessellate>1</tessellate>
            <coordinates>
              -93.217876,44.934224,0
              -93.216595,44.934235,0
            </coordinates>
          </LineString>
          <LineString>
            <tessellate>1</tessellate>
            <coordinates>
              -93.216595,44.934235,0
              -93.21548,44.934242,0
              -93.215322,44.934243,0
            </coordinates>
          </LineString>
          <LineString>
            <tessellate>1</tessellate>
            <coordinates>
              -93.215322,44.934243,0
              -93.214044,44.93425,0
            </coordinates>
          </LineString>
          <LineString>
            <tessellate>1</tessellate>
            <coordinates>
              -93.214044,44.93425,0
              -93.212943,44.934268,0
              -93.212769,44.934271,0
            </coordinates>
          </LineString>
          <LineString>
            <tessellate>1</tessellate>
            <coordinates>
              -93.212769,44.934271,0
              -93.212606,44.934271,0
              -93.211488,44.934271,0
            </coordinates>
          </LineString>
          <LineString>
            <tessellate>1</tessellate>
            <coordinates>
              -93.211488,44.934271,0
              -93.210366,44.934284,0
              -93.210209,44.934285,0
            </coordinates>
          </LineString>
          <LineString>
            <tessellate>1</tessellate>
            <coordinates>
              -93.210209,44.934285,0
              -93.208941,44.934297,0
            </coordinates>
          </LineString>
          <LineString>
            <tessellate>1</tessellate>
            <coordinates>
              -93.208941,44.934297,0
              -93.207801,44.934306,0
              -93.207664,44.934308,0
            </coordinates>
          </LineString>
          <LineString>
            <tessellate>1</tessellate>
            <coordinates>
              -93.207664,44.934308,0
              -93.207648,44.933336,0
            </coordinates>
          </LineString>
          <LineString>
            <tessellate>1</tessellate>
            <coordinates>
              -93.207648,44.933336,0
              -93.207656,44.932491,0
            </coordinates>
          </LineString>
          <LineString>
            <tessellate>1</tessellate>
            <coordinates>
              -93.207656,44.932491,0
              -93.207649,44.930805,0
              -93.207649,44.930682,0
            </coordinates>
          </LineString>
          <LineString>
            <tessellate>1</tessellate>
            <coordinates>
              -93.207649,44.930682,0
              -93.207656,44.929903,0
            </coordinates>
          </LineString>
          <LineString>
            <tessellate>1</tessellate>
            <coordinates>
              -93.207656,44.929903,0
              -93.207654,44.928865,0
              -93.207652,44.927827,0
            </coordinates>
          </LineString>
          <LineString>
            <tessellate>1</tessellate>
            <coordinates>
              -93.207652,44.927827,0
              -93.20765,44.927183,0
              -93.20765,44.927048,0
            </coordinates>
          </LineString>
          <LineString>
            <tessellate>1</tessellate>
            <coordinates>
              -93.20765,44.927048,0
              -93.207645,44.925983,0
            </coordinates>
          </LineString>
          <LineString>
            <tessellate>1</tessellate>
            <coordinates>
              -93.207645,44.925983,0
              -93.207642,44.925439,0
            </coordinates>
          </LineString>
          <LineString>
            <tessellate>1</tessellate>
            <coordinates>
              -93.207642,44.925439,0
              -93.207642,44.925346,0
              -93.207641,44.925248,0
            </coordinates>
          </LineString>
          <LineString>
            <tessellate>1</tessellate>
            <coordinates>
              -93.207641,44.925248,0
              -93.207641,44.924767,0
            </coordinates>
          </LineString>
          <LineString>
            <tessellate>1</tessellate>
            <coordinates>
              -93.207641,44.924767,0
              -93.207642,44.923545,0
              -93.207642,44.923414,0
            </coordinates>
          </LineString>
          <LineString>
            <tessellate>1</tessellate>
            <coordinates>
              -93.207642,44.923414,0
              -93.207638,44.921602,0
            </coordinates>
          </LineString>
          <LineString>
            <tessellate>1</tessellate>
            <coordinates>
              -93.207638,44.921602,0
              -93.207656,44.919905,0
              -93.207657,44.91977,0
            </coordinates>
          </LineString>
          <LineString>
            <tessellate>1</tessellate>
            <coordinates>
              -93.207657,44.91977,0
              -93.207657,44.919645,0
            </coordinates>
          </LineString>
          <LineString>
            <tessellate>1</tessellate>
            <coordinates>
              -93.207657,44.919645,0
              -93.207656,44.918743,0
              -93.207656,44.918642,0
            </coordinates>
          </LineString>
          <LineString>
            <tessellate>1</tessellate>
            <coordinates>
              -93.207656,44.918642,0
              -93.207596,44.918493,0
            </coordinates>
          </LineString>
          <LineString>
            <tessellate>1</tessellate>
            <coordinates>
              -93.207596,44.918493,0
              -93.207399,44.918291,0
              -93.207232,44.918201,0
              -93.20691,44.918125,0
              -93.206592,44.918036,0
              -93.206492,44.917954,0
              -93.206432,44.917851,0
              -93.206365,44.917694,0
              -93.206284,44.917363,0
              -93.206279,44.91726,0
              -93.206317,44.917161,0
              -93.206397,44.917034,0
              -93.20679,44.916493,0
              -93.206862,44.916355,0
              -93.206912,44.916231,0
              -93.206924,44.916119,0
              -93.206932,44.915963,0
              -93.206911,44.915803,0
              -93.206885,44.91567,0
              -93.206859,44.915519,0
              -93.206837,44.91526,0
              -93.206815,44.915133,0
              -93.206781,44.914994,0
              -93.206733,44.914847,0
              -93.206665,44.914687,0
              -93.206618,44.914594,0
              -93.206522,44.914482,0
              -93.2063,44.914311,0
              -93.206007,44.914046,0
              -93.205892,44.91395,0
              -93.205679,44.913829,0
              -93.205552,44.913926,0
              -93.205315,44.914044,0
              -93.205179,44.914071,0
              -93.204958,44.914081,0
            </coordinates>
          </LineString>
          <LineString>
            <tessellate>1</tessellate>
            <coordinates>
              -93.204958,44.914081,0
              -93.204932,44.914085,0
              -93.204857,44.914096,0
            </coordinates>
          </LineString>
          <LineString>
            <tessellate>1</tessellate>
            <coordinates>
              -93.204857,44.914096,0
              -93.204734,44.914129,0
            </coordinates>
          </LineString>
          <LineString>
            <tessellate>1</tessellate>
            <coordinates>
              -93.204734,44.914129,0
              -93.20453,44.914193,0
              -93.204449,44.91423,0
              -93.204374,44.914299,0
              -93.204263,44.914393,0
              -93.204145,44.914441,0
              -93.204,44.914478,0
              -93.203881,44.914478,0
              -93.203742,44.914448,0
              -93.203588,44.914378,0
              -93.203472,44.914317,0
              -93.203404,44.914261,0
              -93.203349,44.914183,0
              -93.203324,44.914096,0
              -93.203281,44.913983,0
              -93.203226,44.913901,0
              -93.203134,44.913818,0
              -93.203024,44.91374,0
              -93.202962,44.913671,0
              -93.202937,44.913597,0
              -93.202722,44.913159,0
              -93.202673,44.913033,0
              -93.202638,44.912928,0
              -93.202621,44.91286,0
              -93.202614,44.912794,0
              -93.202594,44.912731,0
              -93.202561,44.912631,0
              -93.202412,44.912217,0
            </coordinates>
          </LineString>
          <LineString>
            <tessellate>1</tessellate>
            <coordinates>
              -93.202412,44.912217,0
              -93.20251,44.912222,0
              -93.202625,44.912224,0
              -93.20279,44.912217,0
              -93.202928,44.912195,0
              -93.203099,44.912172,0
              -93.203263,44.912125,0
              -93.20324,44.912089,0
              -93.203224,44.91205,0
              -93.203217,44.911998,0
              -93.203212,44.911776,0
              -93.203208,44.91172,0
              -93.203194,44.911668,0
              -93.203161,44.911617,0
              -93.203098,44.911553,0
              -93.203019,44.911493,0
              -93.202977,44.911456,0
              -93.202866,44.911433,0
              -93.202741,44.911417,0
              -93.202652,44.91141,0
              -93.202589,44.911411,0
              -93.20256,44.911411,0
              -93.202478,44.911415,0
              -93.202412,44.911422,0
              -93.20234,44.911448,0
              -93.2023,44.911476,0
              -93.202258,44.91153,0
              -93.202238,44.911582,0
              -93.202232,44.911643,0
              -93.202239,44.911727,0
              -93.202262,44.91182,0
              -93.202289,44.911916,0
              -93.202349,44.912079,0
              -93.202412,44.912217,0
            </coordinates>
          </LineString>
          <LineString>
            <tessellate>1</tessellate>
            <coordinates>
              -93.230843,44.934121,0
              -93.231966,44.934125,0
              -93.232116,44.934125,0
            </coordinates>
          </LineString>
          <LineString>
            <tessellate>1</tessellate>
            <coordinates>
              -93.232116,44.934125,0
              -93.233384,44.934123,0
            </coordinates>
          </LineString>
          <LineString>
            <tessellate>1</tessellate>
            <coordinates>
              -93.233384,44.934123,0
              -93.234518,44.934124,0
              -93.234655,44.934124,0
            </coordinates>
          </LineString>
          <LineString>
            <tessellate>1</tessellate>
            <coordinates>
              -93.234655,44.934124,0
              -93.235917,44.934112,0
            </coordinates>
          </LineString>
          <LineString>
            <tessellate>1</tessellate>
            <coordinates>
              -93.237198,44.934109,0
              -93.23846,44.934113,0
            </coordinates>
          </LineString>
          <LineString>
            <tessellate>1</tessellate>
            <coordinates>
              -93.23846,44.934113,0
              -93.238722,44.934115,0
              -93.238883,44.934115,0
            </coordinates>
          </LineString>
          <LineString>
            <tessellate>1</tessellate>
            <coordinates>
              -93.241001,44.934113,0
              -93.242134,44.934118,0
              -93.242262,44.934119,0
            </coordinates>
          </LineString>
          <LineString>
            <tessellate>1</tessellate>
            <coordinates>
              -93.242262,44.934119,0
              -93.243539,44.934116,0
            </coordinates>
          </LineString>
          <LineString>
            <tessellate>1</tessellate>
            <coordinates>
              -93.243539,44.934116,0
              -93.244653,44.934119,0
              -93.244804,44.93412,0
            </coordinates>
          </LineString>
          <LineString>
            <tessellate>1</tessellate>
            <coordinates>
              -93.247348,44.934117,0
              -93.247932,44.934116,0
              -93.248613,44.934114,0
            </coordinates>
          </LineString>
          <LineString>
            <tessellate>1</tessellate>
            <coordinates>
              -93.248613,44.934114,0
              -93.249726,44.934123,0
              -93.249873,44.934125,0
            </coordinates>
          </LineString>
          <LineString>
            <tessellate>1</tessellate>
            <coordinates>
              -93.249873,44.934125,0
              -93.251129,44.934126,0
            </coordinates>
          </LineString>
          <LineString>
            <tessellate>1</tessellate>
            <coordinates>
              -93.251129,44.934126,0
              -93.252195,44.934128,0
              -93.252401,44.934128,0
            </coordinates>
          </LineString>
          <LineString>
            <tessellate>1</tessellate>
            <coordinates>
              -93.252401,44.934128,0
              -93.25365,44.934127,0
            </coordinates>
          </LineString>
          <LineString>
            <tessellate>1</tessellate>
            <coordinates>
              -93.254922,44.934133,0
              -93.256028,44.934139,0
              -93.256174,44.93414,0
            </coordinates>
          </LineString>
          <LineString>
            <tessellate>1</tessellate>
            <coordinates>
              -93.256174,44.93414,0
              -93.257439,44.934137,0
            </coordinates>
          </LineString>
          <LineString>
            <tessellate>1</tessellate>
            <coordinates>
              -93.258709,44.934148,0
              -93.259773,44.934144,0
              -93.259963,44.934144,0
            </coordinates>
          </LineString>
          <LineString>
            <tessellate>1</tessellate>
            <coordinates>
              -93.259963,44.934144,0
              -93.261225,44.934143,0
            </coordinates>
          </LineString>
          <LineString>
            <tessellate>1</tessellate>
            <coordinates>
              -93.263756,44.934147,0
              -93.264806,44.934154,0
              -93.265023,44.934155,0
            </coordinates>
          </LineString>
          <LineString>
            <tessellate>1</tessellate>
            <coordinates>
              -93.266272,44.934162,0
              -93.26734,44.934159,0
              -93.267539,44.934159,0
            </coordinates>
          </LineString>
          <LineString>
            <tessellate>1</tessellate>
            <coordinates>
              -93.267539,44.934159,0
              -93.268836,44.934153,0
            </coordinates>
          </LineString>
          <LineString>
            <tessellate>1</tessellate>
            <coordinates>
              -93.270123,44.934152,0
              -93.270581,44.93415,0
            </coordinates>
          </LineString>
          <LineString>
            <tessellate>1</tessellate>
            <coordinates>
              -93.270581,44.93415,0
              -93.270732,44.93415,0
              -93.271434,44.934149,0
            </coordinates>
          </LineString>
          <LineString>
            <tessellate>1</tessellate>
            <coordinates>
              -93.271434,44.934149,0
              -93.272557,44.934144,0
              -93.272729,44.934144,0
            </coordinates>
          </LineString>
          <LineString>
            <tessellate>1</tessellate>
            <coordinates>
              -93.272729,44.934144,0
              -93.274027,44.934135,0
            </coordinates>
          </LineString>
          <LineString>
            <tessellate>1</tessellate>
            <coordinates>
              -93.276622,44.934123,0
              -93.277717,44.934121,0
              -93.277905,44.934121,0
            </coordinates>
          </LineString>
          <LineString>
            <tessellate>1</tessellate>
            <coordinates>
              -93.277905,44.934121,0
              -93.279754,44.934113,0
            </coordinates>
          </LineString>
          <LineString>
            <tessellate>1</tessellate>
            <coordinates>
              -93.279754,44.934113,0
              -93.281411,44.934102,0
            </coordinates>
          </LineString>
          <LineString>
            <tessellate>1</tessellate>
            <coordinates>
              -93.281411,44.934102,0
              -93.281585,44.934102,0
              -93.28308,44.934099,0
            </coordinates>
          </LineString>
          <LineString>
            <tessellate>1</tessellate>
            <coordinates>
              -93.28308,44.934099,0
              -93.284228,44.934094,0
              -93.284366,44.934094,0
            </coordinates>
          </LineString>
          <LineString>
            <tessellate>1</tessellate>
            <coordinates>
              -93.284366,44.934094,0
              -93.285652,44.934084,0
            </coordinates>
          </LineString>
          <LineString>
            <tessellate>1</tessellate>
            <coordinates>
              -93.286949,44.934078,0
              -93.288057,44.934073,0
              -93.28824,44.934072,0
            </coordinates>
          </LineString>
          <LineString>
            <tessellate>1</tessellate>
            <coordinates>
              -93.28824,44.934072,0
              -93.288196,44.934438,0
              -93.288198,44.934653,0
              -93.288194,44.935053,0
              -93.288192,44.935454,0
              -93.288186,44.935716,0
              -93.288182,44.935877,0
              -93.288182,44.936209,0
              -93.288179,44.936708,0
              -93.288173,44.937211,0
              -93.288169,44.937405,0
              -93.288165,44.937686,0
              -93.288162,44.93806,0
              -93.288164,44.938542,0
              -93.28816,44.939041,0
              -93.288149,44.939416,0
              -93.288147,44.9395,0
              -93.288151,44.939993,0
              -93.288145,44.940868,0
              -93.288131,44.941311,0
              -93.288132,44.941621,0
              -93.288131,44.942017,0
              -93.288128,44.942502,0
              -93.288119,44.942742,0
              -93.288112,44.942913,0
              -93.288116,44.943453,0
              -93.288109,44.944311,0
              -93.288096,44.944733,0
              -93.288095,44.94509,0
              -93.288095,44.945526,0
              -93.288086,44.946054,0
              -93.288082,44.94634,0
              -93.288112,44.946608,0
            </coordinates>
          </LineString>
          <LineString>
            <tessellate>1</tessellate>
            <coordinates>
              -93.288112,44.946608,0
              -93.288109,44.946832,0
              -93.288093,44.948365,0
            </coordinates>
          </LineString>
          <LineString>
            <tessellate>1</tessellate>
            <coordinates>
              -93.288093,44.948365,0
              -93.288266,44.948365,0
              -93.289379,44.948367,0
            </coordinates>
          </LineString>
          <LineString>
            <tessellate>1</tessellate>
            <coordinates>
              -93.289379,44.948367,0
              -93.290449,44.948364,0
              -93.290654,44.948363,0
            </coordinates>
          </LineString>
          <LineString>
            <tessellate>1</tessellate>
            <coordinates>
              -93.290654,44.948363,0
              -93.291917,44.948359,0
            </coordinates>
          </LineString>
          <LineString>
            <tessellate>1</tessellate>
            <coordinates>
              -93.293193,44.948363,0
              -93.293249,44.948507,0
              -93.293349,44.948687,0
              -93.293518,44.948825,0
              -93.293703,44.948922,0
              -93.293981,44.94902,0
              -93.294299,44.949115,0
              -93.294456,44.949162,0
              -93.294788,44.949205,0
              -93.295732,44.949254,0
              -93.297002,44.949254,0
              -93.298282,44.949257,0
              -93.29851,44.949258,0
              -93.299556,44.94926,0
              -93.300819,44.949263,0
              -93.300993,44.949263,0
              -93.302095,44.949259,0
              -93.303357,44.949259,0
              -93.304974,44.949256,0
              -93.305139,44.949234,0
              -93.305191,44.949225,0
              -93.305303,44.949206,0
              -93.305464,44.949172,0
              -93.305568,44.949147,0
              -93.305674,44.949128,0
              -93.305782,44.949115,0
              -93.305891,44.949108,0
              -93.306001,44.949107,0
              -93.30611,44.949112,0
              -93.306218,44.949124,0
              -93.306325,44.949141,0
              -93.30643,44.949164,0
              -93.306532,44.949192,0
              -93.30663,44.949226,0
              -93.306725,44.949266,0
              -93.306742,44.949274,0
              -93.307817,44.949703,0
              -93.308093,44.949818,0
              -93.308504,44.950006,0
              -93.309016,44.95022,0
              -93.309166,44.95028,0
              -93.309351,44.950349,0
              -93.30944,44.95038,0
              -93.309544,44.950414,0
              -93.309731,44.950468,0
              -93.309858,44.950502,0
              -93.310019,44.950535,0
              -93.310115,44.95055,0
              -93.310221,44.950565,0
              -93.310339,44.950578,0
              -93.310469,44.950591,0
              -93.310602,44.950598,0
              -93.310735,44.950602,0
              -93.310885,44.9506,0
              -93.311017,44.950597,0
              -93.311134,44.950587,0
              -93.311258,44.950575,0
              -93.311494,44.950542,0
              -93.311608,44.95052,0
              -93.311732,44.950493,0
              -93.311998,44.950424,0
              -93.312465,44.950282,0
              -93.313705,44.949882,0
              -93.313715,44.949879,0
              -93.313868,44.949837,0
              -93.315393,44.949353,0
              -93.315502,44.949319,0
              -93.316524,44.948991,0
              -93.317311,44.948696,0
              -93.317657,44.948571,0
              -93.318307,44.948336,0
              -93.318615,44.948236,0
              -93.320394,44.947627,0
              -93.320438,44.947612,0
              -93.320596,44.947475,0
            </coordinates>
          </LineString>
          <LineString>
            <tessellate>1</tessellate>
            <coordinates>
              -93.320777,44.947397,0
              -93.32109,44.947221,0
            </coordinates>
          </LineString>
          <LineString>
            <tessellate>1</tessellate>
            <coordinates>
              -93.321257,44.947045,0
              -93.321705,44.946608,0
              -93.322473,44.945858,0
            </coordinates>
          </LineString>
          <LineString>
            <tessellate>1</tessellate>
            <coordinates>
              -93.322831,44.945508,0
              -93.323309,44.945081,0
              -93.323395,44.945004,0
            </coordinates>
          </LineString>
          <LineString>
            <tessellate>1</tessellate>
            <coordinates>
              -93.327012,44.94215,0
              -93.327383,44.941923,0
              -93.327593,44.941755,0
              -93.327935,44.941488,0
              -93.328279,44.94122,0
              -93.32908,44.940597,0
              -93.329313,44.940413,0
              -93.32948,44.940281,0
              -93.329659,44.94014,0
              -93.33034,44.939594,0
              -93.330758,44.939262,0
              -93.330857,44.939183,0
              -93.332033,44.938248,0
              -93.332137,44.938165,0
              -93.332491,44.937885,0
              -93.333407,44.937155,0
              -93.333807,44.936838,0
              -93.33385,44.936804,0
              -93.333988,44.936695,0
              -93.334387,44.936378,0
              -93.334583,44.936222,0
              -93.33493,44.935944,0
              -93.335267,44.935676,0
              -93.335627,44.935392,0
              -93.336041,44.935062,0
              -93.336371,44.934829,0
              -93.33666,44.934645,0
              -93.336724,44.934609,0
              -93.336936,44.934487,0
              -93.337191,44.934356,0
              -93.337459,44.934232,0
              -93.337744,44.934105,0
              -93.33797,44.934018,0
              -93.338214,44.933933,0
              -93.338675,44.933789,0
              -93.339066,44.93367,0
              -93.339898,44.933415,0
              -93.340107,44.933353,0
              -93.340589,44.933205,0
              -93.341601,44.932893,0
              -93.342101,44.932741,0
              -93.342597,44.932589,0
              -93.343041,44.932453,0
              -93.343281,44.93238,0
              -93.343502,44.932315,0
              -93.344186,44.932118,0
              -93.344752,44.931952,0
              -93.34547,44.931738,0
              -93.345643,44.931684,0
              -93.346074,44.93155,0
              -93.346291,44.931488,0
              -93.346572,44.931404,0
              -93.346929,44.931294,0
              -93.347266,44.931187,0
              -93.347463,44.931124,0
              -93.347908,44.93098,0
              -93.347914,44.930979,0
              -93.348329,44.930852,0
              -93.348443,44.93081,0
              -93.348767,44.930708,0
              -93.349151,44.930585,0
              -93.349503,44.930463,0
              -93.349875,44.930354,0
              -93.35005,44.930303,0
              -93.350295,44.930223,0
              -93.350394,44.930191,0
              -93.350774,44.93007,0
              -93.351297,44.929903,0
              -93.351554,44.929825,0
              -93.351705,44.929778,0
              -93.35242,44.929557,0
              -93.352592,44.9295,0
              -93.352756,44.929446,0
              -93.353071,44.929348,0
              -93.353155,44.92932,0
              -93.353319,44.92927,0
              -93.353451,44.929229,0
              -93.353669,44.92916,0
              -93.354069,44.929036,0
              -93.35427,44.928971,0
              -93.354746,44.928808,0
              -93.355184,44.928663,0
              -93.355537,44.928552,0
              -93.355786,44.928474,0
              -93.356148,44.928336,0
              -93.356486,44.928213,0
              -93.356818,44.928098,0
              -93.357182,44.92799,0
              -93.357545,44.927883,0
              -93.357728,44.927831,0
              -93.357968,44.927763,0
              -93.358479,44.927622,0
              -93.358834,44.927525,0
              -93.359166,44.927437,0
              -93.359319,44.927399,0
              -93.359751,44.9273,0
              -93.359905,44.92726,0
              -93.360088,44.927207,0
              -93.360336,44.927138,0
              -93.36048,44.927101,0
              -93.360671,44.927061,0
              -93.360844,44.927036,0
              -93.361046,44.927014,0
              -93.361153,44.927009,0
              -93.361289,44.927005,0
              -93.361391,44.927003,0
              -93.361493,44.927004,0
              -93.361722,44.927018,0
              -93.362121,44.927045,0
              -93.362309,44.927058,0
              -93.362513,44.927069,0
              -93.362716,44.927076,0
              -93.362896,44.927081,0
              -93.363084,44.927088,0
              -93.364234,44.927128,0
              -93.364948,44.927155,0
              -93.365128,44.927162,0
              -93.365361,44.927176,0
              -93.365592,44.927194,0
              -93.365875,44.927221,0
              -93.366055,44.927239,0
              -93.366135,44.927247,0
              -93.366738,44.927316,0
              -93.367133,44.927358,0
              -93.367509,44.9274,0
              -93.367913,44.927445,0
              -93.368301,44.927488,0
              -93.368908,44.927557,0
              -93.36915,44.927581,0
              -93.369277,44.92759,0
              -93.369428,44.927597,0
              -93.369636,44.927599,0
              -93.369788,44.927594,0
              -93.369805,44.927593,0
              -93.370014,44.927578,0
              -93.370185,44.927556,0
              -93.370305,44.92754,0
              -93.370371,44.927529,0
              -93.370433,44.927518,0
              -93.370555,44.927493,0
              -93.370683,44.927465,0
              -93.37089,44.92741,0
              -93.371144,44.927338,0
              -93.372545,44.926939,0
              -93.373171,44.926761,0
              -93.373645,44.926625,0
              -93.37412,44.926496,0
              -93.374367,44.926442,0
              -93.374479,44.92642,0
              -93.374617,44.926396,0
              -93.374849,44.926362,0
              -93.374999,44.926345,0
              -93.375124,44.926334,0
              -93.375273,44.926323,0
              -93.37572,44.9263,0
              -93.376203,44.926268,0
              -93.376289,44.926262,0
              -93.376671,44.926232,0
              -93.376955,44.926156,0
            </coordinates>
          </LineString>
          <LineString>
            <tessellate>1</tessellate>
            <coordinates>
              -93.379148,44.926023,0
              -93.380464,44.925956,0
            </coordinates>
          </LineString>
          <LineString>
            <tessellate>1</tessellate>
            <coordinates>
              -93.380464,44.925956,0
              -93.380625,44.925948,0
              -93.380714,44.925944,0
            </coordinates>
          </LineString>
          <LineString>
            <tessellate>1</tessellate>
            <coordinates>
              -93.382526,44.925852,0
              -93.382725,44.92588,0
              -93.382877,44.925874,0
              -93.383007,44.925868,0
              -93.383139,44.925864,0
              -93.383528,44.925857,0
              -93.383907,44.925845,0
              -93.384553,44.925845,0
              -93.38468,44.92584,0
              -93.384942,44.925831,0
              -93.38533,44.925812,0
              -93.38564,44.925797,0
              -93.385827,44.925779,0
              -93.385969,44.925766,0
              -93.386103,44.925749,0
              -93.386234,44.925727,0
              -93.386598,44.925656,0
              -93.386628,44.92565,0
              -93.386913,44.925592,0
              -93.387253,44.925521,0
              -93.387509,44.925472,0
              -93.387757,44.925421,0
              -93.388294,44.925314,0
              -93.3886,44.925251,0
              -93.388973,44.925177,0
              -93.389233,44.925124,0
              -93.389529,44.925065,0
              -93.389946,44.924981,0
              -93.39016,44.924937,0
              -93.390403,44.924889,0
              -93.390535,44.924863,0
              -93.390833,44.924813,0
              -93.391058,44.92478,0
              -93.391336,44.924746,0
              -93.391577,44.92472,0
              -93.391704,44.924708,0
              -93.391936,44.924689,0
              -93.39208,44.92468,0
              -93.392283,44.924669,0
              -93.392518,44.924661,0
              -93.392925,44.924657,0
              -93.393329,44.924658,0
              -93.393688,44.92466,0
              -93.394201,44.924664,0
              -93.394584,44.924666,0
              -93.394705,44.924666,0
              -93.395623,44.92467,0
              -93.396057,44.924672,0
              -93.396188,44.924672,0
              -93.396248,44.924673,0
              -93.396353,44.924674,0
              -93.396511,44.924673,0
              -93.396701,44.92467,0
              -93.39695,44.924657,0
              -93.397017,44.924651,0
              -93.397207,44.924635,0
              -93.397434,44.924609,0
              -93.397629,44.924582,0
              -93.397848,44.924547,0
              -93.39786,44.924545,0
              -93.398005,44.924518,0
              -93.398177,44.924483,0
              -93.398412,44.924428,0
              -93.398657,44.924362,0
              -93.398923,44.924286,0
              -93.398986,44.924268,0
              -93.399106,44.924226,0
              -93.39925,44.924176,0
              -93.399326,44.924149,0
              -93.399498,44.924092,0
              -93.399727,44.924009,0
              -93.399927,44.923928,0
              -93.400109,44.92385,0
              -93.400416,44.923717,0
              -93.400656,44.923613,0
              -93.400843,44.923539,0
              -93.401071,44.923453,0
              -93.401307,44.92337,0
              -93.401485,44.923312,0
              -93.40157,44.923284,0
              -93.401703,44.923241,0
              -93.401787,44.923217,0
              -93.401899,44.923185,0
              -93.401919,44.92318,0
              -93.402108,44.923128,0
              -93.402341,44.923069,0
              -93.402604,44.923007,0
              -93.402898,44.92294,0
              -93.402936,44.922931,0
              -93.403084,44.922896,0
              -93.403223,44.922862,0
              -93.403593,44.922775,0
              -93.403729,44.92274,0
              -93.403812,44.922719,0
              -93.403955,44.922682,0
              -93.404214,44.922619,0
              -93.404649,44.922505,0
              -93.404982,44.922422,0
              -93.405463,44.9223,0
              -93.4055,44.922291,0
              -93.405878,44.922201,0
              -93.406284,44.922106,0
              -93.406373,44.922085,0
            </coordinates>
          </LineString>
          <LineString>
            <tessellate>1</tessellate>
            <coordinates>
              -93.406321,44.922719,0
              -93.40628,44.923204,0
              -93.406178,44.924419,0
            </coordinates>
          </LineString>
          <LineString>
            <tessellate>1</tessellate>
            <coordinates>
              -93.406178,44.924419,0
              -93.407308,44.924413,0
              -93.407489,44.924412,0
            </coordinates>
          </LineString>
          <LineString>
            <tessellate>1</tessellate>
            <coordinates>
              -93.407489,44.924412,0
              -93.408802,44.924405,0
            </coordinates>
          </LineString>
          <LineString>
            <tessellate>1</tessellate>
            <coordinates>
              -93.410117,44.924398,0
              -93.411226,44.924397,0
              -93.411431,44.924397,0
            </coordinates>
          </LineString>
          <LineString>
            <tessellate>1</tessellate>
            <coordinates>
              -93.411431,44.924397,0
              -93.412701,44.924391,0
            </coordinates>
          </LineString>
          <LineString>
            <tessellate>1</tessellate>
            <coordinates>
              -93.413972,44.924381,0
              -93.414263,44.924379,0
              -93.415243,44.924375,0
            </coordinates>
          </LineString>
          <LineString>
            <tessellate>1</tessellate>
            <coordinates>
              -93.41649,44.924371,0
              -93.417207,44.924368,0
            </coordinates>
          </LineString>
          <LineString>
            <tessellate>1</tessellate>
            <coordinates>
              -93.417207,44.924368,0
              -93.417628,44.924366,0
              -93.417803,44.924365,0
            </coordinates>
          </LineString>
          <LineString>
            <tessellate>1</tessellate>
            <coordinates>
              -93.420328,44.924352,0
              -93.421266,44.92435,0
            </coordinates>
          </LineString>
          <LineString>
            <tessellate>1</tessellate>
            <coordinates>
              -93.421596,44.924348,0
              -93.421895,44.924346,0
              -93.422173,44.924344,0
            </coordinates>
          </LineString>
          <LineString>
            <tessellate>1</tessellate>
            <coordinates>
              -93.424179,44.924327,0
              -93.425313,44.924319,0
              -93.425513,44.924318,0
            </coordinates>
          </LineString>
          <LineString>
            <tessellate>1</tessellate>
            <coordinates>
              -93.427066,44.922557,0
              -93.427068,44.922459,0
              -93.427086,44.921767,0
            </coordinates>
          </LineString>
          <LineString>
            <tessellate>1</tessellate>
            <coordinates>
              -93.427086,44.921767,0
              -93.427099,44.921234,0
            </coordinates>
          </LineString>
          <LineString>
            <tessellate>1</tessellate>
            <coordinates>
              -93.427099,44.921234,0
              -93.427107,44.920891,0
              -93.427109,44.920766,0
              -93.426412,44.92077,0
              -93.425899,44.920774,0
              -93.42581,44.920774,0
              -93.425107,44.920776,0
              -93.424467,44.920781,0
              -93.424067,44.920783,0
              -93.422809,44.92079,0
              -93.422673,44.92079,0
              -93.422298,44.920793,0
              -93.421987,44.920796,0
              -93.421645,44.920795,0
              -93.421311,44.920795,0
              -93.421251,44.920795,0
              -93.420903,44.920796,0
              -93.420507,44.920797,0
              -93.419484,44.920796,0
              -93.418872,44.920797,0
              -93.418367,44.920797,0
              -93.417844,44.920796,0
              -93.417478,44.920796,0
              -93.416328,44.920775,0
              -93.415827,44.920767,0
              -93.415491,44.920765,0
              -93.415271,44.920765,0
              -93.4152,44.920765,0
              -93.414676,44.920766,0
              -93.414156,44.920766,0
            </coordinates>
          </LineString>
          <LineString>
            <tessellate>1</tessellate>
            <coordinates>
              -93.41417,44.920285,0
              -93.41419,44.919565,0
              -93.414191,44.919526,0
            </coordinates>
          </LineString>
          <LineString>
            <tessellate>1</tessellate>
            <coordinates>
              -93.414191,44.919526,0
              -93.414254,44.918583,0
            </coordinates>
          </LineString>
          <LineString>
            <tessellate>1</tessellate>
            <coordinates>
              -93.414254,44.918583,0
              -93.414275,44.917918,0
              -93.414302,44.917088,0
            </coordinates>
          </LineString>
          <LineString>
            <tessellate>1</tessellate>
            <coordinates>
              -93.414302,44.917088,0
              -93.414282,44.916668,0
            </coordinates>
          </LineString>
          <LineString>
            <tessellate>1</tessellate>
            <coordinates>
              -93.414278,44.916011,0
              -93.414281,44.915729,0
              -93.414285,44.915293,0
            </coordinates>
          </LineString>
          <LineString>
            <tessellate>1</tessellate>
            <coordinates>
              -93.414285,44.915293,0
              -93.414298,44.914367,0
            </coordinates>
          </LineString>
          <LineString>
            <tessellate>1</tessellate>
            <coordinates>
              -93.414298,44.914367,0
              -93.4143,44.91361,0
              -93.414301,44.913476,0
            </coordinates>
          </LineString>
          <LineString>
            <tessellate>1</tessellate>
            <coordinates>
              -93.414301,44.913476,0
              -93.414297,44.912797,0
            </coordinates>
          </LineString>
          <LineString>
            <tessellate>1</tessellate>
            <coordinates>
              -93.414297,44.912797,0
              -93.414292,44.912133,0
              -93.414292,44.912128,0
            </coordinates>
          </LineString>
          <LineString>
            <tessellate>1</tessellate>
            <coordinates>
              -93.414282,44.911245,0
              -93.414278,44.910681,0
            </coordinates>
          </LineString>
          <LineString>
            <tessellate>1</tessellate>
            <coordinates>
              -93.414278,44.910681,0
              -93.414277,44.910583,0
              -93.414277,44.910558,0
            </coordinates>
          </LineString>
          <LineString>
            <tessellate>1</tessellate>
            <coordinates>
              -93.414254,44.90861,0
              -93.414245,44.907628,0
              -93.414244,44.907513,0
            </coordinates>
          </LineString>
          <LineString>
            <tessellate>1</tessellate>
            <coordinates>
              -93.414244,44.907513,0
              -93.414231,44.906216,0
            </coordinates>
          </LineString>
          <LineString>
            <tessellate>1</tessellate>
            <coordinates>
              -93.413887,44.906207,0
              -93.413573,44.906204,0
            </coordinates>
          </LineString>
          <LineString>
            <tessellate>1</tessellate>
            <coordinates>
              -93.413573,44.906204,0
              -93.4135,44.906203,0
              -93.413142,44.9062,0
            </coordinates>
          </LineString>
          <LineString>
            <tessellate>1</tessellate>
            <coordinates>
              -93.413142,44.9062,0
              -93.41178,44.906177,0
              -93.411623,44.906175,0
            </coordinates>
          </LineString>
          <LineString>
            <tessellate>1</tessellate>
            <coordinates>
              -93.411623,44.906175,0
              -93.41084,44.906168,0
            </coordinates>
          </LineString>
          <LineString>
            <tessellate>1</tessellate>
            <coordinates>
              -93.409484,44.906161,0
              -93.408113,44.906155,0
              -93.407934,44.906154,0
            </coordinates>
          </LineString>
          <LineString>
            <tessellate>1</tessellate>
            <coordinates>
              -93.407934,44.906154,0
              -93.406546,44.906148,0
            </coordinates>
          </LineString>
          <LineString>
            <tessellate>1</tessellate>
            <coordinates>
              -93.406385,44.906155,0
              -93.406268,44.906168,0
              -93.406153,44.906189,0
              -93.40605,44.906208,0
              -93.405946,44.906222,0
              -93.40584,44.906232,0
              -93.405734,44.906236,0
              -93.405402,44.906235,0
              -93.404632,44.906232,0
              -93.404524,44.90623,0
              -93.404417,44.906221,0
              -93.404311,44.906204,0
              -93.404208,44.906181,0
              -93.404109,44.906151,0
              -93.404017,44.906116,0
              -93.403929,44.906076,0
              -93.403847,44.906029,0
              -93.403772,44.905978,0
              -93.403703,44.905922,0
              -93.403641,44.905862,0
              -93.403588,44.905798,0
              -93.403543,44.905731,0
              -93.403507,44.905664,0
              -93.40348,44.905595,0
              -93.403461,44.905524,0
              -93.403452,44.905452,0
              -93.403451,44.90538,0
              -93.403459,44.905309,0
              -93.403475,44.905238,0
              -93.403501,44.905168,0
              -93.403534,44.9051,0
              -93.403577,44.905035,0
              -93.403626,44.904972,0
              -93.403684,44.904913,0
              -93.403751,44.90485,0
              -93.403811,44.904783,0
              -93.403863,44.904713,0
              -93.403905,44.90464,0
              -93.403939,44.904565,0
              -93.403964,44.904487,0
              -93.403979,44.904409,0
              -93.403985,44.90433,0
              -93.404007,44.903215,0
              -93.40402,44.902536,0
            </coordinates>
          </LineString>
          <LineString>
            <tessellate>1</tessellate>
            <coordinates>
              -93.404073,44.899725,0
              -93.404073,44.899693,0
              -93.404084,44.898967,0
            </coordinates>
          </LineString>
          <LineString>
            <tessellate>1</tessellate>
            <coordinates>
              -93.204734,44.914129,0
              -93.204815,44.914107,0
              -93.204857,44.914096,0
            </coordinates>
          </LineString>
          <LineString>
            <tessellate>1</tessellate>
            <coordinates>
              -93.204857,44.914096,0
              -93.204958,44.914081,0
            </coordinates>
          </LineString>
          <LineString>
            <tessellate>1</tessellate>
            <coordinates>
              -93.207596,44.918493,0
              -93.207603,44.918512,0
              -93.207656,44.918642,0
            </coordinates>
          </LineString>
          <LineString>
            <tessellate>1</tessellate>
            <coordinates>
              -93.207656,44.918642,0
              -93.207657,44.919645,0
            </coordinates>
          </LineString>
          <LineString>
            <tessellate>1</tessellate>
            <coordinates>
              -93.207657,44.91977,0
              -93.207654,44.920088,0
              -93.207638,44.921602,0
            </coordinates>
          </LineString>
          <LineString>
            <tessellate>1</tessellate>
            <coordinates>
              -93.207638,44.921602,0
              -93.207642,44.923322,0
              -93.207642,44.923414,0
            </coordinates>
          </LineString>
          <LineString>
            <tessellate>1</tessellate>
            <coordinates>
              -93.207642,44.923414,0
              -93.207641,44.924767,0
            </coordinates>
          </LineString>
          <LineString>
            <tessellate>1</tessellate>
            <coordinates>
              -93.207641,44.925248,0
              -93.207642,44.925439,0
            </coordinates>
          </LineString>
          <LineString>
            <tessellate>1</tessellate>
            <coordinates>
              -93.207642,44.925439,0
              -93.207643,44.925514,0
              -93.207645,44.925983,0
            </coordinates>
          </LineString>
          <LineString>
            <tessellate>1</tessellate>
            <coordinates>
              -93.207645,44.925983,0
              -93.207649,44.926925,0
              -93.20765,44.927048,0
            </coordinates>
          </LineString>
          <LineString>
            <tessellate>1</tessellate>
            <coordinates>
              -93.20765,44.927048,0
              -93.207652,44.927827,0
            </coordinates>
          </LineString>
          <LineString>
            <tessellate>1</tessellate>
            <coordinates>
              -93.207656,44.929903,0
              -93.20765,44.930591,0
              -93.207649,44.930682,0
            </coordinates>
          </LineString>
          <LineString>
            <tessellate>1</tessellate>
            <coordinates>
              -93.207649,44.930682,0
              -93.207656,44.932491,0
            </coordinates>
          </LineString>
          <LineString>
            <tessellate>1</tessellate>
            <coordinates>
              -93.207648,44.933336,0
              -93.207663,44.934208,0
              -93.207664,44.934308,0
            </coordinates>
          </LineString>
          <LineString>
            <tessellate>1</tessellate>
            <coordinates>
              -93.207664,44.934308,0
              -93.208941,44.934297,0
            </coordinates>
          </LineString>
          <LineString>
            <tessellate>1</tessellate>
            <coordinates>
              -93.210209,44.934285,0
              -93.211488,44.934271,0
            </coordinates>
          </LineString>
          <LineString>
            <tessellate>1</tessellate>
            <coordinates>
              -93.212769,44.934271,0
              -93.214044,44.93425,0
            </coordinates>
          </LineString>
          <LineString>
            <tessellate>1</tessellate>
            <coordinates>
              -93.214044,44.93425,0
              -93.215186,44.934244,0
              -93.215322,44.934243,0
            </coordinates>
          </LineString>
          <LineString>
            <tessellate>1</tessellate>
            <coordinates>
              -93.216595,44.934235,0
              -93.217736,44.934225,0
              -93.217876,44.934224,0
            </coordinates>
          </LineString>
          <LineString>
            <tessellate>1</tessellate>
            <coordinates>
              -93.217876,44.934224,0
              -93.21915,44.934212,0
            </coordinates>
          </LineString>
          <LineString>
            <tessellate>1</tessellate>
            <coordinates>
              -93.21915,44.934212,0
              -93.220261,44.934194,0
              -93.220409,44.934191,0
            </coordinates>
          </LineString>
          <LineString>
            <tessellate>1</tessellate>
            <coordinates>
              -93.220409,44.934191,0
              -93.221674,44.934181,0
            </coordinates>
          </LineString>
          <LineString>
            <tessellate>1</tessellate>
            <coordinates>
              -93.222941,44.934165,0
              -93.223761,44.934163,0
              -93.223912,44.934163,0
            </coordinates>
          </LineString>
          <LineString>
            <tessellate>1</tessellate>
            <coordinates>
              -93.223912,44.934163,0
              -93.225006,44.934152,0
            </coordinates>
          </LineString>
          <LineString>
            <tessellate>1</tessellate>
            <coordinates>
              -93.225006,44.934152,0
              -93.225552,44.934146,0
              -93.225661,44.934145,0
            </coordinates>
          </LineString>
          <LineString>
            <tessellate>1</tessellate>
            <coordinates>
              -93.225661,44.934145,0
              -93.226615,44.934142,0
            </coordinates>
          </LineString>
          <LineString>
            <tessellate>1</tessellate>
            <coordinates>
              -93.207657,44.919645,0
              -93.207564,44.919626,0
              -93.207467,44.919599,0
              -93.207395,44.919575,0
              -93.207329,44.91955,0
              -93.207254,44.919517,0
              -93.207181,44.91948,0
              -93.207081,44.91942,0
              -93.207009,44.919376,0
              -93.206951,44.919337,0
              -93.206843,44.919237,0
              -93.206736,44.919117,0
              -93.20654,44.918931,0
            </coordinates>
          </LineString>
          <LineString>
            <tessellate>1</tessellate>
            <coordinates>
              -93.20654,44.918931,0
              -93.206445,44.918793,0
              -93.206374,44.918697,0
              -93.206293,44.918605,0
              -93.206205,44.918517,0
              -93.206109,44.918433,0
              -93.206005,44.918353,0
              -93.205894,44.918279,0
              -93.205777,44.91821,0
              -93.205653,44.918146,0
              -93.205525,44.918088,0
              -93.20539,44.918037,0
              -93.205252,44.917991,0
              -93.20511,44.917952,0
              -93.204964,44.91792,0
              -93.204816,44.917894,0
              -93.204666,44.917876,0
              -93.204515,44.917864,0
              -93.204362,44.91786,0
              -93.201495,44.917875,0
              -93.198822,44.917882,0
              -93.198456,44.917883,0
            </coordinates>
          </LineString>
          <LineString>
            <tessellate>1</tessellate>
            <coordinates>
              -93.198456,44.917883,0
              -93.198023,44.91785,0
              -93.197637,44.917843,0
              -93.196955,44.917839,0
              -93.19593,44.917851,0
              -93.195493,44.917856,0
              -93.192684,44.917861,0
              -93.192476,44.917861,0
              -93.189908,44.917874,0
              -93.188937,44.917875,0
              -93.187379,44.917876,0
              -93.187442,44.917745,0
              -93.187444,44.917063,0
              -93.187315,44.917063,0
              -93.184834,44.917064,0
              -93.184832,44.917642,0
              -93.184831,44.917874,0
              -93.184831,44.917963,0
              -93.187138,44.917966,0
              -93.187379,44.917967,0
              -93.189912,44.917963,0
              -93.190381,44.917962,0
              -93.192302,44.917955,0
              -93.192476,44.917954,0
              -93.195399,44.917942,0
              -93.195585,44.917942,0
              -93.19677,44.917942,0
              -93.196954,44.917942,0
              -93.198053,44.91793,0
              -93.198456,44.917883,0
            </coordinates>
          </LineString>
          <LineString>
            <tessellate>1</tessellate>
            <coordinates>
              -93.20654,44.918931,0
              -93.206644,44.91914,0
              -93.20676,44.919295,0
              -93.206815,44.91936,0
              -93.206864,44.919414,0
              -93.206932,44.919469,0
              -93.207015,44.919532,0
              -93.20708,44.919572,0
              -93.207154,44.919614,0
              -93.207224,44.919646,0
              -93.207299,44.919677,0
              -93.207423,44.919719,0
              -93.207479,44.919736,0
              -93.207546,44.919753,0
              -93.207657,44.91977,0
            </coordinates>
          </LineString>
          <LineString>
            <tessellate>1</tessellate>
            <coordinates>
              -93.208941,44.934297,0
              -93.210081,44.934286,0
              -93.210209,44.934285,0
            </coordinates>
          </LineString>
        </MultiGeometry>
      </Placemark>
      <Placemark>
        <name>63</name>
        <description><![CDATA[description: <br>OBJECTID: 90<br>route: 63<br>routesort: 63<br>RouteDescription: Raymond Sta - Grand Av - Sunray<br>RouteOperator: M<br>EffectiveDate: 2026/03/14 00:00:00+00<br>payleavedirectionid: 0<br>routepayleave: 0<br>RouteClass: CoreLoc<br>IsPublic: 1<br>wk_ftrip: 04:28:00<br>wk_ltrip: 01:44:00<br>wk_span: 21:16:00<br>wk_trip_freq: 138<br>sat_ftrip: 04:34:00<br>sat_ltrip: 01:44:00<br>sat_span: 21:10:00<br>sat_trip_freq: 119<br>sun_ftrip: 04:34:00<br>sun_ltrip: 01:43:00<br>sun_span: 21:09:00<br>sun_trip_freq: 96<br>Shape__Length: 36730.4009292651]]></description>
        <styleUrl>#line-E65100-1200</styleUrl>
        <ExtendedData>
          <Data name="description">
            <value/>
          </Data>
          <Data name="OBJECTID">
            <value>90</value>
          </Data>
          <Data name="route">
            <value>63</value>
          </Data>
          <Data name="routesort">
            <value>63</value>
          </Data>
          <Data name="RouteDescription">
            <value>Raymond Sta - Grand Av - Sunray</value>
          </Data>
          <Data name="RouteOperator">
            <value>M</value>
          </Data>
          <Data name="EffectiveDate">
            <value>2026/03/14 00:00:00+00</value>
          </Data>
          <Data name="payleavedirectionid">
            <value>0</value>
          </Data>
          <Data name="routepayleave">
            <value>0</value>
          </Data>
          <Data name="RouteClass">
            <value>CoreLoc</value>
          </Data>
          <Data name="IsPublic">
            <value>1</value>
          </Data>
          <Data name="wk_ftrip">
            <value>04:28:00</value>
          </Data>
          <Data name="wk_ltrip">
            <value>01:44:00</value>
          </Data>
          <Data name="wk_span">
            <value>21:16:00</value>
          </Data>
          <Data name="wk_trip_freq">
            <value>138</value>
          </Data>
          <Data name="sat_ftrip">
            <value>04:34:00</value>
          </Data>
          <Data name="sat_ltrip">
            <value>01:44:00</value>
          </Data>
          <Data name="sat_span">
            <value>21:10:00</value>
          </Data>
          <Data name="sat_trip_freq">
            <value>119</value>
          </Data>
          <Data name="sun_ftrip">
            <value>04:34:00</value>
          </Data>
          <Data name="sun_ltrip">
            <value>01:43:00</value>
          </Data>
          <Data name="sun_span">
            <value>21:09:00</value>
          </Data>
          <Data name="sun_trip_freq">
            <value>96</value>
          </Data>
          <Data name="Shape__Length">
            <value>36730.4009292651</value>
          </Data>
        </ExtendedData>
        <MultiGeometry>
          <LineString>
            <tessellate>1</tessellate>
            <coordinates>
              -93.189703,44.960715,0
              -93.189664,44.960764,0
              -93.18962,44.960819,0
              -93.189772,44.960879,0
              -93.190404,44.96113,0
              -93.191255,44.961468,0
              -93.192752,44.962068,0
              -93.192863,44.962113,0
              -93.194472,44.962751,0
              -93.195821,44.963293,0
              -93.195977,44.963355,0
              -93.196086,44.963399,0
              -93.197411,44.963938,0
              -93.197557,44.963998,0
              -93.197551,44.965173,0
              -93.197549,44.965507,0
              -93.197687,44.965554,0
              -93.197822,44.965606,0
              -93.197954,44.965661,0
              -93.198083,44.96572,0
              -93.199591,44.966378,0
              -93.2014,44.967201,0
              -93.20184,44.967388,0
              -93.201999,44.967455,0
              -93.202192,44.967537,0
              -93.202634,44.967725,0
              -93.204496,44.968607,0
              -93.205076,44.968882,0
              -93.205455,44.969061,0
              -93.206421,44.969288,0
              -93.20643,44.968482,0
              -93.206451,44.967811,0
              -93.206459,44.967575,0
              -93.20646,44.967537,0
              -93.20646,44.967516,0
              -93.20646,44.967442,0
              -93.206459,44.96737,0
              -93.205168,44.966857,0
              -93.202852,44.965952,0
              -93.202647,44.965872,0
              -93.202193,44.965688,0
              -93.201823,44.965539,0
              -93.201371,44.965357,0
              -93.200094,44.964853,0
              -93.199467,44.964615,0
              -93.198023,44.964038,0
              -93.197558,44.963852,0
              -93.196333,44.963373,0
              -93.196164,44.963306,0
              -93.196058,44.963263,0
              -93.194562,44.96265,0
              -93.193058,44.962054,0
              -93.192947,44.96201,0
              -93.191338,44.961366,0
              -93.190487,44.961027,0
              -93.189903,44.960795,0
              -93.189703,44.960715,0
            </coordinates>
          </LineString>
          <LineString>
            <tessellate>1</tessellate>
            <coordinates>
              -93.189703,44.960715,0
              -93.190435,44.959797,0
            </coordinates>
          </LineString>
          <LineString>
            <tessellate>1</tessellate>
            <coordinates>
              -93.190435,44.959797,0
              -93.191248,44.958779,0
            </coordinates>
          </LineString>
          <LineString>
            <tessellate>1</tessellate>
            <coordinates>
              -93.191248,44.958779,0
              -93.19145,44.958524,0
              -93.192258,44.957502,0
            </coordinates>
          </LineString>
          <LineString>
            <tessellate>1</tessellate>
            <coordinates>
              -93.192258,44.957502,0
              -93.192388,44.957352,0
              -93.192486,44.957117,0
              -93.192514,44.956742,0
              -93.192514,44.956737,0
              -93.19251,44.956292,0
              -93.192507,44.956047,0
              -93.192502,44.955523,0
              -93.192499,44.955424,0
              -93.192496,44.955326,0
              -93.1925,44.954303,0
              -93.192454,44.954236,0
            </coordinates>
          </LineString>
          <LineString>
            <tessellate>1</tessellate>
            <coordinates>
              -93.192454,44.954236,0
              -93.192454,44.95411,0
            </coordinates>
          </LineString>
          <LineString>
            <tessellate>1</tessellate>
            <coordinates>
              -93.192454,44.95411,0
              -93.192453,44.953262,0
            </coordinates>
          </LineString>
          <LineString>
            <tessellate>1</tessellate>
            <coordinates>
              -93.192453,44.953262,0
              -93.192449,44.95204,0
              -93.192449,44.951988,0
            </coordinates>
          </LineString>
          <LineString>
            <tessellate>1</tessellate>
            <coordinates>
              -93.192449,44.951988,0
              -93.192443,44.950832,0
            </coordinates>
          </LineString>
          <LineString>
            <tessellate>1</tessellate>
            <coordinates>
              -93.192443,44.950832,0
              -93.192442,44.949629,0
              -93.192427,44.948367,0
            </coordinates>
          </LineString>
          <LineString>
            <tessellate>1</tessellate>
            <coordinates>
              -93.192427,44.948367,0
              -93.192429,44.948047,0
            </coordinates>
          </LineString>
          <LineString>
            <tessellate>1</tessellate>
            <coordinates>
              -93.192429,44.948047,0
              -93.192429,44.947952,0
              -93.192431,44.947255,0
            </coordinates>
          </LineString>
          <LineString>
            <tessellate>1</tessellate>
            <coordinates>
              -93.192431,44.947255,0
              -93.192434,44.946352,0
              -93.192434,44.946197,0
            </coordinates>
          </LineString>
          <LineString>
            <tessellate>1</tessellate>
            <coordinates>
              -93.192434,44.946197,0
              -93.192438,44.945132,0
            </coordinates>
          </LineString>
          <LineString>
            <tessellate>1</tessellate>
            <coordinates>
              -93.192438,44.945132,0
              -93.192444,44.94313,0
            </coordinates>
          </LineString>
          <LineString>
            <tessellate>1</tessellate>
            <coordinates>
              -93.192444,44.94313,0
              -93.192448,44.941932,0
              -93.192449,44.941643,0
            </coordinates>
          </LineString>
          <LineString>
            <tessellate>1</tessellate>
            <coordinates>
              -93.192449,44.941643,0
              -93.192446,44.941495,0
              -93.192453,44.941352,0
              -93.192453,44.941335,0
              -93.192471,44.940108,0
            </coordinates>
          </LineString>
          <LineString>
            <tessellate>1</tessellate>
            <coordinates>
              -93.192471,44.940108,0
              -93.19207,44.940109,0
              -93.189939,44.940115,0
            </coordinates>
          </LineString>
          <LineString>
            <tessellate>1</tessellate>
            <coordinates>
              -93.189939,44.940115,0
              -93.187383,44.940108,0
            </coordinates>
          </LineString>
          <LineString>
            <tessellate>1</tessellate>
            <coordinates>
              -93.187383,44.940108,0
              -93.187209,44.940108,0
              -93.18527,44.940107,0
            </coordinates>
          </LineString>
          <LineString>
            <tessellate>1</tessellate>
            <coordinates>
              -93.18527,44.940107,0
              -93.182562,44.940105,0
              -93.182319,44.940105,0
            </coordinates>
          </LineString>
          <LineString>
            <tessellate>1</tessellate>
            <coordinates>
              -93.182319,44.940105,0
              -93.179766,44.9401,0
            </coordinates>
          </LineString>
          <LineString>
            <tessellate>1</tessellate>
            <coordinates>
              -93.179766,44.9401,0
              -93.177192,44.940095,0
            </coordinates>
          </LineString>
          <LineString>
            <tessellate>1</tessellate>
            <coordinates>
              -93.177192,44.940095,0
              -93.177018,44.940095,0
              -93.174235,44.940091,0
            </coordinates>
          </LineString>
          <LineString>
            <tessellate>1</tessellate>
            <coordinates>
              -93.174235,44.940091,0
              -93.17162,44.940082,0
              -93.171494,44.940082,0
            </coordinates>
          </LineString>
          <LineString>
            <tessellate>1</tessellate>
            <coordinates>
              -93.171494,44.940082,0
              -93.171358,44.940082,0
              -93.169566,44.940082,0
            </coordinates>
          </LineString>
          <LineString>
            <tessellate>1</tessellate>
            <coordinates>
              -93.169566,44.940082,0
              -93.167238,44.94008,0
              -93.167013,44.94008,0
            </coordinates>
          </LineString>
          <LineString>
            <tessellate>1</tessellate>
            <coordinates>
              -93.167013,44.94008,0
              -93.164443,44.94007,0
            </coordinates>
          </LineString>
          <LineString>
            <tessellate>1</tessellate>
            <coordinates>
              -93.164443,44.94007,0
              -93.162043,44.940061,0
              -93.161899,44.94006,0
            </coordinates>
          </LineString>
          <LineString>
            <tessellate>1</tessellate>
            <coordinates>
              -93.161899,44.94006,0
              -93.159342,44.940053,0
            </coordinates>
          </LineString>
          <LineString>
            <tessellate>1</tessellate>
            <coordinates>
              -93.159342,44.940053,0
              -93.156826,44.940035,0
              -93.156661,44.940035,0
            </coordinates>
          </LineString>
          <LineString>
            <tessellate>1</tessellate>
            <coordinates>
              -93.156661,44.940035,0
              -93.156652,44.940035,0
              -93.154408,44.940026,0
              -93.154263,44.940025,0
            </coordinates>
          </LineString>
          <LineString>
            <tessellate>1</tessellate>
            <coordinates>
              -93.154263,44.940025,0
              -93.15289,44.94002,0
            </coordinates>
          </LineString>
          <LineString>
            <tessellate>1</tessellate>
            <coordinates>
              -93.15289,44.94002,0
              -93.152393,44.940018,0
              -93.152232,44.940017,0
            </coordinates>
          </LineString>
          <LineString>
            <tessellate>1</tessellate>
            <coordinates>
              -93.152232,44.940017,0
              -93.149296,44.940007,0
              -93.149152,44.940006,0
            </coordinates>
          </LineString>
          <LineString>
            <tessellate>1</tessellate>
            <coordinates>
              -93.149152,44.940006,0
              -93.146795,44.939999,0
              -93.146605,44.939998,0
            </coordinates>
          </LineString>
          <LineString>
            <tessellate>1</tessellate>
            <coordinates>
              -93.146605,44.939998,0
              -93.144051,44.939989,0
            </coordinates>
          </LineString>
          <LineString>
            <tessellate>1</tessellate>
            <coordinates>
              -93.144051,44.939989,0
              -93.141657,44.939974,0
              -93.14151,44.939973,0
            </coordinates>
          </LineString>
          <LineString>
            <tessellate>1</tessellate>
            <coordinates>
              -93.14151,44.939973,0
              -93.138971,44.939969,0
            </coordinates>
          </LineString>
          <LineString>
            <tessellate>1</tessellate>
            <coordinates>
              -93.138971,44.939969,0
              -93.136555,44.939959,0
              -93.13642,44.939959,0
            </coordinates>
          </LineString>
          <LineString>
            <tessellate>1</tessellate>
            <coordinates>
              -93.13642,44.939959,0
              -93.133864,44.939949,0
            </coordinates>
          </LineString>
          <LineString>
            <tessellate>1</tessellate>
            <coordinates>
              -93.133864,44.939949,0
              -93.131454,44.93994,0
              -93.131311,44.93994,0
            </coordinates>
          </LineString>
          <LineString>
            <tessellate>1</tessellate>
            <coordinates>
              -93.131311,44.93994,0
              -93.128755,44.939928,0
            </coordinates>
          </LineString>
          <LineString>
            <tessellate>1</tessellate>
            <coordinates>
              -93.128755,44.939928,0
              -93.126332,44.939919,0
              -93.126199,44.939918,0
            </coordinates>
          </LineString>
          <LineString>
            <tessellate>1</tessellate>
            <coordinates>
              -93.126199,44.939918,0
              -93.123657,44.939921,0
              -93.123591,44.93991,0
              -93.123528,44.939894,0
              -93.123468,44.939873,0
              -93.123411,44.939848,0
              -93.123359,44.939818,0
              -93.123311,44.939785,0
            </coordinates>
          </LineString>
          <LineString>
            <tessellate>1</tessellate>
            <coordinates>
              -93.123311,44.939785,0
              -93.123075,44.939557,0
              -93.123,44.939485,0
            </coordinates>
          </LineString>
          <LineString>
            <tessellate>1</tessellate>
            <coordinates>
              -93.123,44.939485,0
              -93.122381,44.938883,0
              -93.122276,44.938806,0
              -93.122167,44.938732,0
              -93.122094,44.938684,0
              -93.122015,44.938642,0
              -93.121931,44.938604,0
              -93.121843,44.938573,0
              -93.121751,44.938547,0
              -93.121656,44.938526,0
              -93.121559,44.938513,0
              -93.121416,44.938506,0
              -93.121272,44.938506,0
              -93.121128,44.938512,0
            </coordinates>
          </LineString>
          <LineString>
            <tessellate>1</tessellate>
            <coordinates>
              -93.121128,44.938512,0
              -93.121034,44.938521,0
              -93.120985,44.938525,0
            </coordinates>
          </LineString>
          <LineString>
            <tessellate>1</tessellate>
            <coordinates>
              -93.120985,44.938525,0
              -93.120844,44.938545,0
            </coordinates>
          </LineString>
          <LineString>
            <tessellate>1</tessellate>
            <coordinates>
              -93.120844,44.938545,0
              -93.120704,44.938571,0
              -93.118992,44.939189,0
            </coordinates>
          </LineString>
          <LineString>
            <tessellate>1</tessellate>
            <coordinates>
              -93.118992,44.939189,0
              -93.116938,44.939932,0
              -93.116654,44.940035,0
            </coordinates>
          </LineString>
          <LineString>
            <tessellate>1</tessellate>
            <coordinates>
              -93.116654,44.940035,0
              -93.116535,44.940068,0
              -93.116413,44.940095,0
              -93.116289,44.940116,0
              -93.116162,44.940131,0
              -93.116035,44.940138,0
              -93.115812,44.940133,0
              -93.115419,44.940123,0
              -93.114903,44.940111,0
              -93.114365,44.940097,0
              -93.114242,44.940101,0
              -93.114119,44.94011,0
              -93.113997,44.940125,0
              -93.113876,44.940144,0
              -93.113758,44.94017,0
              -93.113642,44.9402,0
              -93.113528,44.940235,0
              -93.112855,44.940548,0
              -93.112594,44.940647,0
              -93.111745,44.941099,0
              -93.111427,44.941308,0
            </coordinates>
          </LineString>
          <LineString>
            <tessellate>1</tessellate>
            <coordinates>
              -93.111427,44.941308,0
              -93.110464,44.941306,0
              -93.109407,44.941304,0
            </coordinates>
          </LineString>
          <LineString>
            <tessellate>1</tessellate>
            <coordinates>
              -93.109407,44.941304,0
              -93.108999,44.941307,0
            </coordinates>
          </LineString>
          <LineString>
            <tessellate>1</tessellate>
            <coordinates>
              -93.108999,44.941307,0
              -93.108653,44.941581,0
            </coordinates>
          </LineString>
          <LineString>
            <tessellate>1</tessellate>
            <coordinates>
              -93.108653,44.941581,0
              -93.108394,44.941787,0
              -93.107528,44.942474,0
            </coordinates>
          </LineString>
          <LineString>
            <tessellate>1</tessellate>
            <coordinates>
              -93.107528,44.942474,0
              -93.106634,44.94318,0
            </coordinates>
          </LineString>
          <LineString>
            <tessellate>1</tessellate>
            <coordinates>
              -93.106634,44.94318,0
              -93.10652,44.94327,0
              -93.106426,44.943344,0
            </coordinates>
          </LineString>
          <LineString>
            <tessellate>1</tessellate>
            <coordinates>
              -93.106426,44.943344,0
              -93.10545,44.94412,0
              -93.105335,44.944212,0
            </coordinates>
          </LineString>
          <LineString>
            <tessellate>1</tessellate>
            <coordinates>
              -93.105335,44.944212,0
              -93.104418,44.94494,0
            </coordinates>
          </LineString>
          <LineString>
            <tessellate>1</tessellate>
            <coordinates>
              -93.104418,44.94494,0
              -93.104124,44.945174,0
              -93.103917,44.945339,0
            </coordinates>
          </LineString>
          <LineString>
            <tessellate>1</tessellate>
            <coordinates>
              -93.103917,44.945339,0
              -93.103761,44.945446,0
            </coordinates>
          </LineString>
          <LineString>
            <tessellate>1</tessellate>
            <coordinates>
              -93.103761,44.945446,0
              -93.103175,44.945922,0
            </coordinates>
          </LineString>
          <LineString>
            <tessellate>1</tessellate>
            <coordinates>
              -93.103175,44.945922,0
              -93.102985,44.946077,0
            </coordinates>
          </LineString>
          <LineString>
            <tessellate>1</tessellate>
            <coordinates>
              -93.102985,44.946077,0
              -93.102783,44.946241,0
              -93.102483,44.946486,0
            </coordinates>
          </LineString>
          <LineString>
            <tessellate>1</tessellate>
            <coordinates>
              -93.102483,44.946486,0
              -93.101734,44.945973,0
              -93.101551,44.945937,0
              -93.101482,44.945877,0
              -93.101409,44.94582,0
              -93.101313,44.945754,0
              -93.101211,44.945692,0
              -93.101104,44.945636,0
              -93.100995,44.945586,0
              -93.100885,44.945543,0
              -93.100883,44.945542,0
              -93.100767,44.945503,0
              -93.100648,44.945469,0
              -93.100526,44.945441,0
              -93.100401,44.945418,0
              -93.100275,44.945402,0
              -93.097562,44.94512,0
              -93.097006,44.945132,0
              -93.096623,44.94514,0
              -93.095842,44.945162,0
              -93.095637,44.945142,0
              -93.095452,44.945195,0
              -93.094454,44.945691,0
              -93.093202,44.946264,0
              -93.092144,44.946787,0
              -93.092046,44.946835,0
              -93.09082,44.947416,0
              -93.089634,44.94798,0
              -93.089486,44.948049,0
              -93.088124,44.948713,0
              -93.086968,44.94926,0
              -93.087374,44.949689,0
              -93.087734,44.95007,0
            </coordinates>
          </LineString>
          <LineString>
            <tessellate>1</tessellate>
            <coordinates>
              -93.087734,44.95007,0
              -93.088569,44.95091,0
              -93.087523,44.951407,0
              -93.087417,44.951458,0
            </coordinates>
          </LineString>
          <LineString>
            <tessellate>1</tessellate>
            <coordinates>
              -93.087417,44.951458,0
              -93.08702,44.951701,0
              -93.086735,44.951988,0
              -93.086616,44.952107,0
              -93.086339,44.952383,0
              -93.086244,44.952461,0
              -93.086141,44.952534,0
              -93.086031,44.952602,0
              -93.085915,44.952664,0
              -93.085793,44.95272,0
              -93.085666,44.95277,0
              -93.085534,44.952814,0
              -93.085399,44.952852,0
              -93.08526,44.952882,0
              -93.085147,44.952902,0
              -93.084948,44.952926,0
              -93.084751,44.952957,0
              -93.084555,44.952995,0
              -93.084363,44.953039,0
              -93.084174,44.95309,0
              -93.084044,44.953129,0
              -93.083917,44.953171,0
              -93.083791,44.953217,0
              -93.083316,44.953418,0
              -93.083284,44.953435,0
              -93.082436,44.953879,0
              -93.082075,44.954053,0
              -93.081583,44.954291,0
              -93.080735,44.95473,0
              -93.079846,44.955161,0
              -93.07959,44.955285,0
              -93.078327,44.955898,0
              -93.076387,44.956835,0
              -93.075938,44.957036,0
            </coordinates>
          </LineString>
          <LineString>
            <tessellate>1</tessellate>
            <coordinates>
              -93.075938,44.957036,0
              -93.075868,44.956942,0
              -93.07579,44.956851,0
              -93.075705,44.956763,0
              -93.075613,44.956679,0
              -93.074618,44.956014,0
              -93.074589,44.955993,0
              -93.074538,44.955956,0
              -93.072699,44.954818,0
              -93.071959,44.954218,0
              -93.071783,44.954304,0
            </coordinates>
          </LineString>
          <LineString>
            <tessellate>1</tessellate>
            <coordinates>
              -93.071783,44.954304,0
              -93.070535,44.954896,0
              -93.070405,44.954957,0
            </coordinates>
          </LineString>
          <LineString>
            <tessellate>1</tessellate>
            <coordinates>
              -93.070405,44.954957,0
              -93.068799,44.955744,0
            </coordinates>
          </LineString>
          <LineString>
            <tessellate>1</tessellate>
            <coordinates>
              -93.068799,44.955744,0
              -93.066956,44.956617,0
              -93.066738,44.956731,0
            </coordinates>
          </LineString>
          <LineString>
            <tessellate>1</tessellate>
            <coordinates>
              -93.066738,44.956731,0
              -93.06601,44.956725,0
              -93.065866,44.956724,0
            </coordinates>
          </LineString>
          <LineString>
            <tessellate>1</tessellate>
            <coordinates>
              -93.065866,44.956724,0
              -93.063453,44.956733,0
            </coordinates>
          </LineString>
          <LineString>
            <tessellate>1</tessellate>
            <coordinates>
              -93.063453,44.956733,0
              -93.061064,44.956743,0
              -93.060902,44.956744,0
            </coordinates>
          </LineString>
          <LineString>
            <tessellate>1</tessellate>
            <coordinates>
              -93.060902,44.956744,0
              -93.058342,44.95675,0
            </coordinates>
          </LineString>
          <LineString>
            <tessellate>1</tessellate>
            <coordinates>
              -93.058342,44.95675,0
              -93.055999,44.956757,0
              -93.055786,44.956758,0
            </coordinates>
          </LineString>
          <LineString>
            <tessellate>1</tessellate>
            <coordinates>
              -93.055786,44.956758,0
              -93.054374,44.956754,0
            </coordinates>
          </LineString>
          <LineString>
            <tessellate>1</tessellate>
            <coordinates>
              -93.054374,44.956754,0
              -93.050118,44.956766,0
              -93.04998,44.956767,0
            </coordinates>
          </LineString>
          <LineString>
            <tessellate>1</tessellate>
            <coordinates>
              -93.04998,44.956767,0
              -93.047898,44.956772,0
              -93.045994,44.956784,0
            </coordinates>
          </LineString>
          <LineString>
            <tessellate>1</tessellate>
            <coordinates>
              -93.045994,44.956784,0
              -93.04559,44.956779,0
            </coordinates>
          </LineString>
          <LineString>
            <tessellate>1</tessellate>
            <coordinates>
              -93.04559,44.956779,0
              -93.045333,44.956779,0
              -93.043573,44.956783,0
            </coordinates>
          </LineString>
          <LineString>
            <tessellate>1</tessellate>
            <coordinates>
              -93.043573,44.956783,0
              -93.04154,44.956786,0
            </coordinates>
          </LineString>
          <LineString>
            <tessellate>1</tessellate>
            <coordinates>
              -93.04154,44.956786,0
              -93.041121,44.956787,0
              -93.0395,44.95679,0
            </coordinates>
          </LineString>
          <LineString>
            <tessellate>1</tessellate>
            <coordinates>
              -93.0395,44.95679,0
              -93.037627,44.956794,0
              -93.037482,44.956794,0
            </coordinates>
          </LineString>
          <LineString>
            <tessellate>1</tessellate>
            <coordinates>
              -93.037482,44.956794,0
              -93.036219,44.956797,0
            </coordinates>
          </LineString>
          <LineString>
            <tessellate>1</tessellate>
            <coordinates>
              -93.036219,44.956797,0
              -93.035653,44.956798,0
              -93.035433,44.956798,0
            </coordinates>
          </LineString>
          <LineString>
            <tessellate>1</tessellate>
            <coordinates>
              -93.035433,44.956798,0
              -93.032909,44.956777,0
            </coordinates>
          </LineString>
          <LineString>
            <tessellate>1</tessellate>
            <coordinates>
              -93.032909,44.956777,0
              -93.030487,44.956783,0
              -93.03035,44.956783,0
            </coordinates>
          </LineString>
          <LineString>
            <tessellate>1</tessellate>
            <coordinates>
              -93.03035,44.956783,0
              -93.027822,44.956782,0
            </coordinates>
          </LineString>
          <LineString>
            <tessellate>1</tessellate>
            <coordinates>
              -93.027822,44.956782,0
              -93.025959,44.956781,0
              -93.025712,44.956781,0
            </coordinates>
          </LineString>
          <LineString>
            <tessellate>1</tessellate>
            <coordinates>
              -93.025712,44.956781,0
              -93.025267,44.956781,0
              -93.025259,44.955899,0
              -93.025254,44.955009,0
            </coordinates>
          </LineString>
          <LineString>
            <tessellate>1</tessellate>
            <coordinates>
              -93.025254,44.955009,0
              -93.025249,44.954216,0
              -93.025249,44.954116,0
            </coordinates>
          </LineString>
          <LineString>
            <tessellate>1</tessellate>
            <coordinates>
              -93.025249,44.954116,0
              -93.025245,44.953432,0
            </coordinates>
          </LineString>
          <LineString>
            <tessellate>1</tessellate>
            <coordinates>
              -93.025245,44.953432,0
              -93.025241,44.952872,0
              -93.02524,44.95264,0
            </coordinates>
          </LineString>
          <LineString>
            <tessellate>1</tessellate>
            <coordinates>
              -93.02524,44.95264,0
              -93.025236,44.951929,0
            </coordinates>
          </LineString>
          <LineString>
            <tessellate>1</tessellate>
            <coordinates>
              -93.025236,44.951929,0
              -93.025235,44.951847,0
              -93.025232,44.951355,0
              -93.025231,44.951198,0
              -93.025228,44.950631,0
              -93.025222,44.949685,0
            </coordinates>
          </LineString>
          <LineString>
            <tessellate>1</tessellate>
            <coordinates>
              -93.025222,44.949685,0
              -93.024682,44.949683,0
              -93.023117,44.949675,0
            </coordinates>
          </LineString>
          <LineString>
            <tessellate>1</tessellate>
            <coordinates>
              -93.023117,44.949675,0
              -93.021368,44.949667,0
              -93.021158,44.949666,0
            </coordinates>
          </LineString>
          <LineString>
            <tessellate>1</tessellate>
            <coordinates>
              -93.021158,44.949666,0
              -93.020311,44.949657,0
            </coordinates>
          </LineString>
          <LineString>
            <tessellate>1</tessellate>
            <coordinates>
              -93.020311,44.949657,0
              -93.01827,44.949656,0
              -93.017823,44.949656,0
            </coordinates>
          </LineString>
          <LineString>
            <tessellate>1</tessellate>
            <coordinates>
              -93.017823,44.949656,0
              -93.017686,44.949656,0
              -93.017592,44.949656,0
              -93.017498,44.949663,0
              -93.017406,44.949675,0
              -93.017315,44.949692,0
              -93.016535,44.94988,0
              -93.016441,44.949896,0
              -93.016346,44.949906,0
              -93.01625,44.94991,0
            </coordinates>
          </LineString>
          <LineString>
            <tessellate>1</tessellate>
            <coordinates>
              -93.01625,44.94991,0
              -93.016228,44.94991,0
              -93.016153,44.949909,0
            </coordinates>
          </LineString>
          <LineString>
            <tessellate>1</tessellate>
            <coordinates>
              -93.016153,44.949909,0
              -93.015116,44.949907,0
            </coordinates>
          </LineString>
          <LineString>
            <tessellate>1</tessellate>
            <coordinates>
              -93.015116,44.949907,0
              -93.01513,44.950275,0
              -93.015149,44.950783,0
              -93.015153,44.951427,0
              -93.015154,44.951574,0
              -93.015156,44.951886,0
              -93.015152,44.95201,0
            </coordinates>
          </LineString>
          <LineString>
            <tessellate>1</tessellate>
            <coordinates>
              -93.015152,44.95201,0
              -93.01514,44.952379,0
              -93.015133,44.952579,0
            </coordinates>
          </LineString>
          <LineString>
            <tessellate>1</tessellate>
            <coordinates>
              -93.015133,44.952579,0
              -93.015017,44.952573,0
              -93.014903,44.95256,0
              -93.014791,44.952542,0
              -93.01468,44.952518,0
              -93.014572,44.952488,0
              -93.014468,44.952452,0
              -93.014368,44.952411,0
              -93.014272,44.952365,0
              -93.014181,44.952314,0
              -93.014096,44.952258,0
              -93.013697,44.95203,0
              -93.01345,44.951891,0
              -93.013332,44.95184,0
              -93.013202,44.951786,0
              -93.013103,44.951752,0
              -93.012965,44.951711,0
              -93.012843,44.951679,0
              -93.012735,44.951655,0
              -93.012593,44.951628,0
              -93.012602,44.952918,0
              -93.012604,44.953303,0
              -93.012605,44.953394,0
              -93.012606,44.953609,0
              -93.012608,44.953847,0
              -93.012609,44.954064,0
              -93.015138,44.954076,0
              -93.015137,44.953575,0
              -93.015133,44.952579,0
            </coordinates>
          </LineString>
          <LineString>
            <tessellate>1</tessellate>
            <coordinates>
              -93.015133,44.952579,0
              -93.015152,44.95201,0
            </coordinates>
          </LineString>
          <LineString>
            <tessellate>1</tessellate>
            <coordinates>
              -93.015116,44.949907,0
              -93.015991,44.949909,0
              -93.016153,44.949909,0
            </coordinates>
          </LineString>
          <LineString>
            <tessellate>1</tessellate>
            <coordinates>
              -93.016153,44.949909,0
              -93.01625,44.94991,0
            </coordinates>
          </LineString>
          <LineString>
            <tessellate>1</tessellate>
            <coordinates>
              -93.017823,44.949656,0
              -93.020311,44.949657,0
            </coordinates>
          </LineString>
          <LineString>
            <tessellate>1</tessellate>
            <coordinates>
              -93.021158,44.949666,0
              -93.021676,44.949669,0
              -93.023117,44.949675,0
            </coordinates>
          </LineString>
          <LineString>
            <tessellate>1</tessellate>
            <coordinates>
              -93.023117,44.949675,0
              -93.024583,44.949682,0
              -93.025222,44.949685,0
            </coordinates>
          </LineString>
          <LineString>
            <tessellate>1</tessellate>
            <coordinates>
              -93.025236,44.951929,0
              -93.025239,44.952515,0
              -93.02524,44.95264,0
            </coordinates>
          </LineString>
          <LineString>
            <tessellate>1</tessellate>
            <coordinates>
              -93.02524,44.95264,0
              -93.025245,44.953432,0
            </coordinates>
          </LineString>
          <LineString>
            <tessellate>1</tessellate>
            <coordinates>
              -93.025245,44.953432,0
              -93.025248,44.954017,0
              -93.025249,44.954116,0
            </coordinates>
          </LineString>
          <LineString>
            <tessellate>1</tessellate>
            <coordinates>
              -93.025249,44.954116,0
              -93.025254,44.955009,0
            </coordinates>
          </LineString>
          <LineString>
            <tessellate>1</tessellate>
            <coordinates>
              -93.025712,44.956781,0
              -93.027822,44.956782,0
            </coordinates>
          </LineString>
          <LineString>
            <tessellate>1</tessellate>
            <coordinates>
              -93.027822,44.956782,0
              -93.030211,44.956783,0
              -93.03035,44.956783,0
            </coordinates>
          </LineString>
          <LineString>
            <tessellate>1</tessellate>
            <coordinates>
              -93.03035,44.956783,0
              -93.032909,44.956777,0
            </coordinates>
          </LineString>
          <LineString>
            <tessellate>1</tessellate>
            <coordinates>
              -93.032909,44.956777,0
              -93.035258,44.956796,0
              -93.035433,44.956798,0
            </coordinates>
          </LineString>
          <LineString>
            <tessellate>1</tessellate>
            <coordinates>
              -93.035433,44.956798,0
              -93.036219,44.956797,0
            </coordinates>
          </LineString>
          <LineString>
            <tessellate>1</tessellate>
            <coordinates>
              -93.036219,44.956797,0
              -93.037338,44.956795,0
              -93.037482,44.956794,0
            </coordinates>
          </LineString>
          <LineString>
            <tessellate>1</tessellate>
            <coordinates>
              -93.037482,44.956794,0
              -93.0395,44.95679,0
            </coordinates>
          </LineString>
          <LineString>
            <tessellate>1</tessellate>
            <coordinates>
              -93.0395,44.95679,0
              -93.0413,44.956787,0
              -93.04154,44.956786,0
            </coordinates>
          </LineString>
          <LineString>
            <tessellate>1</tessellate>
            <coordinates>
              -93.043573,44.956783,0
              -93.04559,44.956779,0
            </coordinates>
          </LineString>
          <LineString>
            <tessellate>1</tessellate>
            <coordinates>
              -93.04559,44.956779,0
              -93.045787,44.956781,0
              -93.045994,44.956784,0
            </coordinates>
          </LineString>
          <LineString>
            <tessellate>1</tessellate>
            <coordinates>
              -93.04998,44.956767,0
              -93.050154,44.956766,0
              -93.054374,44.956754,0
            </coordinates>
          </LineString>
          <LineString>
            <tessellate>1</tessellate>
            <coordinates>
              -93.054374,44.956754,0
              -93.055646,44.956758,0
              -93.055786,44.956758,0
            </coordinates>
          </LineString>
          <LineString>
            <tessellate>1</tessellate>
            <coordinates>
              -93.055786,44.956758,0
              -93.058342,44.95675,0
            </coordinates>
          </LineString>
          <LineString>
            <tessellate>1</tessellate>
            <coordinates>
              -93.058342,44.95675,0
              -93.060753,44.956744,0
              -93.060902,44.956744,0
            </coordinates>
          </LineString>
          <LineString>
            <tessellate>1</tessellate>
            <coordinates>
              -93.060902,44.956744,0
              -93.063453,44.956733,0
            </coordinates>
          </LineString>
          <LineString>
            <tessellate>1</tessellate>
            <coordinates>
              -93.063453,44.956733,0
              -93.065748,44.956725,0
              -93.065866,44.956724,0
            </coordinates>
          </LineString>
          <LineString>
            <tessellate>1</tessellate>
            <coordinates>
              -93.065866,44.956724,0
              -93.066738,44.956731,0
            </coordinates>
          </LineString>
          <LineString>
            <tessellate>1</tessellate>
            <coordinates>
              -93.068799,44.955744,0
              -93.070284,44.955017,0
              -93.070405,44.954957,0
            </coordinates>
          </LineString>
          <LineString>
            <tessellate>1</tessellate>
            <coordinates>
              -93.070405,44.954957,0
              -93.071783,44.954304,0
            </coordinates>
          </LineString>
          <LineString>
            <tessellate>1</tessellate>
            <coordinates>
              -93.071783,44.954304,0
              -93.072418,44.954799,0
              -93.072424,44.954803,0
              -93.073151,44.95526,0
              -93.074436,44.956067,0
              -93.075485,44.956745,0
              -93.075828,44.957086,0
              -93.075938,44.957036,0
            </coordinates>
          </LineString>
          <LineString>
            <tessellate>1</tessellate>
            <coordinates>
              -93.087417,44.951458,0
              -93.086784,44.950807,0
              -93.086592,44.950611,0
              -93.087734,44.95007,0
            </coordinates>
          </LineString>
          <LineString>
            <tessellate>1</tessellate>
            <coordinates>
              -93.087734,44.95007,0
              -93.088905,44.949515,0
              -93.090252,44.948875,0
              -93.091119,44.948463,0
              -93.09162,44.948224,0
              -93.092824,44.947651,0
              -93.093833,44.94717,0
              -93.093956,44.947111,0
              -93.093976,44.947102,0
              -93.095242,44.946498,0
              -93.096264,44.946011,0
              -93.096495,44.946032,0
              -93.096885,44.946068,0
              -93.097256,44.946101,0
              -93.097418,44.946116,0
              -93.098945,44.946251,0
              -93.099604,44.946308,0
              -93.100361,44.946375,0
              -93.100547,44.946392,0
              -93.100718,44.946407,0
              -93.102327,44.946604,0
              -93.102483,44.946486,0
            </coordinates>
          </LineString>
          <LineString>
            <tessellate>1</tessellate>
            <coordinates>
              -93.102483,44.946486,0
              -93.102985,44.946077,0
            </coordinates>
          </LineString>
          <LineString>
            <tessellate>1</tessellate>
            <coordinates>
              -93.103175,44.945922,0
              -93.103502,44.945656,0
              -93.103761,44.945446,0
            </coordinates>
          </LineString>
          <LineString>
            <tessellate>1</tessellate>
            <coordinates>
              -93.103917,44.945339,0
              -93.104418,44.94494,0
            </coordinates>
          </LineString>
          <LineString>
            <tessellate>1</tessellate>
            <coordinates>
              -93.104418,44.94494,0
              -93.105208,44.944312,0
              -93.105335,44.944212,0
            </coordinates>
          </LineString>
          <LineString>
            <tessellate>1</tessellate>
            <coordinates>
              -93.105335,44.944212,0
              -93.106426,44.943344,0
            </coordinates>
          </LineString>
          <LineString>
            <tessellate>1</tessellate>
            <coordinates>
              -93.106426,44.943344,0
              -93.106634,44.94318,0
            </coordinates>
          </LineString>
          <LineString>
            <tessellate>1</tessellate>
            <coordinates>
              -93.106634,44.94318,0
              -93.107424,44.942557,0
              -93.107528,44.942474,0
            </coordinates>
          </LineString>
          <LineString>
            <tessellate>1</tessellate>
            <coordinates>
              -93.107528,44.942474,0
              -93.108653,44.941581,0
            </coordinates>
          </LineString>
          <LineString>
            <tessellate>1</tessellate>
            <coordinates>
              -93.108653,44.941581,0
              -93.108897,44.941388,0
              -93.108999,44.941307,0
            </coordinates>
          </LineString>
          <LineString>
            <tessellate>1</tessellate>
            <coordinates>
              -93.109407,44.941304,0
              -93.111427,44.941308,0
            </coordinates>
          </LineString>
          <LineString>
            <tessellate>1</tessellate>
            <coordinates>
              -93.111427,44.941308,0
              -93.112013,44.941309,0
              -93.112464,44.94131,0
              -93.113157,44.941311,0
              -93.113637,44.941124,0
              -93.113866,44.941054,0
              -93.115004,44.940703,0
              -93.11605,44.940296,0
              -93.116402,44.940161,0
              -93.11645,44.940142,0
              -93.116654,44.940035,0
            </coordinates>
          </LineString>
          <LineString>
            <tessellate>1</tessellate>
            <coordinates>
              -93.116654,44.940035,0
              -93.118992,44.939189,0
            </coordinates>
          </LineString>
          <LineString>
            <tessellate>1</tessellate>
            <coordinates>
              -93.120844,44.938545,0
              -93.12089,44.938539,0
              -93.120985,44.938525,0
            </coordinates>
          </LineString>
          <LineString>
            <tessellate>1</tessellate>
            <coordinates>
              -93.120985,44.938525,0
              -93.121128,44.938512,0
            </coordinates>
          </LineString>
          <LineString>
            <tessellate>1</tessellate>
            <coordinates>
              -93.123,44.939485,0
              -93.123137,44.939617,0
              -93.123311,44.939785,0
            </coordinates>
          </LineString>
          <LineString>
            <tessellate>1</tessellate>
            <coordinates>
              -93.126199,44.939918,0
              -93.126635,44.93992,0
              -93.128755,44.939928,0
            </coordinates>
          </LineString>
          <LineString>
            <tessellate>1</tessellate>
            <coordinates>
              -93.128755,44.939928,0
              -93.131174,44.939939,0
              -93.131311,44.93994,0
            </coordinates>
          </LineString>
          <LineString>
            <tessellate>1</tessellate>
            <coordinates>
              -93.131311,44.93994,0
              -93.133864,44.939949,0
            </coordinates>
          </LineString>
          <LineString>
            <tessellate>1</tessellate>
            <coordinates>
              -93.133864,44.939949,0
              -93.136271,44.939958,0
              -93.13642,44.939959,0
            </coordinates>
          </LineString>
          <LineString>
            <tessellate>1</tessellate>
            <coordinates>
              -93.13642,44.939959,0
              -93.138971,44.939969,0
            </coordinates>
          </LineString>
          <LineString>
            <tessellate>1</tessellate>
            <coordinates>
              -93.138971,44.939969,0
              -93.141368,44.939973,0
              -93.14151,44.939973,0
            </coordinates>
          </LineString>
          <LineString>
            <tessellate>1</tessellate>
            <coordinates>
              -93.14151,44.939973,0
              -93.144051,44.939989,0
            </coordinates>
          </LineString>
          <LineString>
            <tessellate>1</tessellate>
            <coordinates>
              -93.146605,44.939998,0
              -93.146779,44.939999,0
              -93.149009,44.940006,0
              -93.149152,44.940006,0
            </coordinates>
          </LineString>
          <LineString>
            <tessellate>1</tessellate>
            <coordinates>
              -93.149152,44.940006,0
              -93.152232,44.940017,0
            </coordinates>
          </LineString>
          <LineString>
            <tessellate>1</tessellate>
            <coordinates>
              -93.15289,44.94002,0
              -93.154039,44.940025,0
              -93.154263,44.940025,0
            </coordinates>
          </LineString>
          <LineString>
            <tessellate>1</tessellate>
            <coordinates>
              -93.154263,44.940025,0
              -93.156661,44.940035,0
            </coordinates>
          </LineString>
          <LineString>
            <tessellate>1</tessellate>
            <coordinates>
              -93.159342,44.940053,0
              -93.161762,44.94006,0
              -93.161899,44.94006,0
            </coordinates>
          </LineString>
          <LineString>
            <tessellate>1</tessellate>
            <coordinates>
              -93.161899,44.94006,0
              -93.164443,44.94007,0
            </coordinates>
          </LineString>
          <LineString>
            <tessellate>1</tessellate>
            <coordinates>
              -93.167013,44.94008,0
              -93.167496,44.940081,0
              -93.169566,44.940082,0
            </coordinates>
          </LineString>
          <LineString>
            <tessellate>1</tessellate>
            <coordinates>
              -93.171494,44.940082,0
              -93.174235,44.940091,0
            </coordinates>
          </LineString>
          <LineString>
            <tessellate>1</tessellate>
            <coordinates>
              -93.174235,44.940091,0
              -93.177192,44.940095,0
            </coordinates>
          </LineString>
          <LineString>
            <tessellate>1</tessellate>
            <coordinates>
              -93.177192,44.940095,0
              -93.177365,44.940096,0
              -93.179766,44.9401,0
            </coordinates>
          </LineString>
          <LineString>
            <tessellate>1</tessellate>
            <coordinates>
              -93.179766,44.9401,0
              -93.182074,44.940104,0
              -93.182319,44.940105,0
            </coordinates>
          </LineString>
          <LineString>
            <tessellate>1</tessellate>
            <coordinates>
              -93.182319,44.940105,0
              -93.18527,44.940107,0
            </coordinates>
          </LineString>
          <LineString>
            <tessellate>1</tessellate>
            <coordinates>
              -93.18527,44.940107,0
              -93.187383,44.940108,0
            </coordinates>
          </LineString>
          <LineString>
            <tessellate>1</tessellate>
            <coordinates>
              -93.187383,44.940108,0
              -93.187557,44.940108,0
              -93.189939,44.940115,0
            </coordinates>
          </LineString>
          <LineString>
            <tessellate>1</tessellate>
            <coordinates>
              -93.189939,44.940115,0
              -93.192289,44.940109,0
              -93.192471,44.940108,0
            </coordinates>
          </LineString>
          <LineString>
            <tessellate>1</tessellate>
            <coordinates>
              -93.192449,44.941643,0
              -93.192448,44.942041,0
              -93.192444,44.94313,0
            </coordinates>
          </LineString>
          <LineString>
            <tessellate>1</tessellate>
            <coordinates>
              -93.192438,44.945132,0
              -93.192435,44.946064,0
              -93.192434,44.946197,0
            </coordinates>
          </LineString>
          <LineString>
            <tessellate>1</tessellate>
            <coordinates>
              -93.192434,44.946197,0
              -93.192431,44.947255,0
            </coordinates>
          </LineString>
          <LineString>
            <tessellate>1</tessellate>
            <coordinates>
              -93.192431,44.947255,0
              -93.192429,44.948047,0
            </coordinates>
          </LineString>
          <LineString>
            <tessellate>1</tessellate>
            <coordinates>
              -93.192429,44.948047,0
              -93.192428,44.948222,0
              -93.192427,44.948367,0
            </coordinates>
          </LineString>
          <LineString>
            <tessellate>1</tessellate>
            <coordinates>
              -93.192443,44.950832,0
              -93.192448,44.951836,0
              -93.192449,44.951988,0
            </coordinates>
          </LineString>
          <LineString>
            <tessellate>1</tessellate>
            <coordinates>
              -93.192449,44.951988,0
              -93.192453,44.953262,0
            </coordinates>
          </LineString>
          <LineString>
            <tessellate>1</tessellate>
            <coordinates>
              -93.192453,44.953262,0
              -93.192454,44.954087,0
              -93.192454,44.95411,0
            </coordinates>
          </LineString>
          <LineString>
            <tessellate>1</tessellate>
            <coordinates>
              -93.192454,44.954236,0
              -93.192406,44.954304,0
              -93.192309,44.955308,0
              -93.192316,44.955981,0
              -93.192319,44.956227,0
              -93.192325,44.956693,0
              -93.192304,44.957242,0
              -93.192258,44.957502,0
            </coordinates>
          </LineString>
          <LineString>
            <tessellate>1</tessellate>
            <coordinates>
              -93.192258,44.957502,0
              -93.191248,44.958779,0
            </coordinates>
          </LineString>
          <LineString>
            <tessellate>1</tessellate>
            <coordinates>
              -93.191248,44.958779,0
              -93.19108,44.95899,0
              -93.190435,44.959797,0
            </coordinates>
          </LineString>
        </MultiGeometry>
      </Placemark>
      <Placemark>
        <name>65</name>
        <description><![CDATA[description: <br>OBJECTID: 93<br>route: 65<br>routesort: 65<br>RouteDescription: Dale St - Co Rd B - Rosedale<br>RouteOperator: P<br>EffectiveDate: 2026/03/14 00:00:00+00<br>payleavedirectionid: 0<br>routepayleave: 0<br>RouteClass: SupportLoc<br>IsPublic: 1<br>wk_ftrip: 04:59:00<br>wk_ltrip: 00:44:00<br>wk_span: 19:45:00<br>wk_trip_freq: 65<br>sat_ftrip: 04:40:00<br>sat_ltrip: 00:28:00<br>sat_span: 19:48:00<br>sat_trip_freq: 68<br>sun_ftrip: 04:38:00<br>sun_ltrip: 00:38:00<br>sun_span: 20:00:00<br>sun_trip_freq: 40<br>Shape__Length: 22609.5595709421]]></description>
        <styleUrl>#line-E65100-1200</styleUrl>
        <ExtendedData>
          <Data name="description">
            <value/>
          </Data>
          <Data name="OBJECTID">
            <value>93</value>
          </Data>
          <Data name="route">
            <value>65</value>
          </Data>
          <Data name="routesort">
            <value>65</value>
          </Data>
          <Data name="RouteDescription">
            <value>Dale St - Co Rd B - Rosedale</value>
          </Data>
          <Data name="RouteOperator">
            <value>P</value>
          </Data>
          <Data name="EffectiveDate">
            <value>2026/03/14 00:00:00+00</value>
          </Data>
          <Data name="payleavedirectionid">
            <value>0</value>
          </Data>
          <Data name="routepayleave">
            <value>0</value>
          </Data>
          <Data name="RouteClass">
            <value>SupportLoc</value>
          </Data>
          <Data name="IsPublic">
            <value>1</value>
          </Data>
          <Data name="wk_ftrip">
            <value>04:59:00</value>
          </Data>
          <Data name="wk_ltrip">
            <value>00:44:00</value>
          </Data>
          <Data name="wk_span">
            <value>19:45:00</value>
          </Data>
          <Data name="wk_trip_freq">
            <value>65</value>
          </Data>
          <Data name="sat_ftrip">
            <value>04:40:00</value>
          </Data>
          <Data name="sat_ltrip">
            <value>00:28:00</value>
          </Data>
          <Data name="sat_span">
            <value>19:48:00</value>
          </Data>
          <Data name="sat_trip_freq">
            <value>68</value>
          </Data>
          <Data name="sun_ftrip">
            <value>04:38:00</value>
          </Data>
          <Data name="sun_ltrip">
            <value>00:38:00</value>
          </Data>
          <Data name="sun_span">
            <value>20:00:00</value>
          </Data>
          <Data name="sun_trip_freq">
            <value>40</value>
          </Data>
          <Data name="Shape__Length">
            <value>22609.5595709421</value>
          </Data>
        </ExtendedData>
        <MultiGeometry>
          <LineString>
            <tessellate>1</tessellate>
            <coordinates>
              -93.126202,44.941316,0
              -93.126063,44.941316,0
              -93.12402,44.941317,0
              -93.124014,44.940642,0
              -93.123991,44.940575,0
              -93.123961,44.940509,0
              -93.123924,44.940445,0
              -93.123879,44.940384,0
              -93.123828,44.940325,0
              -93.12377,44.94027,0
              -93.123706,44.940217,0
              -93.123637,44.940169,0
              -93.123657,44.939921,0
              -93.126199,44.939918,0
              -93.1262,44.940171,0
              -93.126202,44.941316,0
            </coordinates>
          </LineString>
          <LineString>
            <tessellate>1</tessellate>
            <coordinates>
              -93.126202,44.941316,0
              -93.126211,44.941804,0
              -93.126219,44.942264,0
            </coordinates>
          </LineString>
          <LineString>
            <tessellate>1</tessellate>
            <coordinates>
              -93.126219,44.942264,0
              -93.12622,44.942367,0
              -93.126232,44.943154,0
              -93.126235,44.943381,0
            </coordinates>
          </LineString>
          <LineString>
            <tessellate>1</tessellate>
            <coordinates>
              -93.126235,44.943381,0
              -93.126241,44.943813,0
              -93.126244,44.944039,0
            </coordinates>
          </LineString>
          <LineString>
            <tessellate>1</tessellate>
            <coordinates>
              -93.126244,44.944039,0
              -93.126249,44.944386,0
            </coordinates>
          </LineString>
          <LineString>
            <tessellate>1</tessellate>
            <coordinates>
              -93.126249,44.944386,0
              -93.126257,44.944933,0
              -93.126264,44.945401,0
              -93.126269,44.94576,0
            </coordinates>
          </LineString>
          <LineString>
            <tessellate>1</tessellate>
            <coordinates>
              -93.126269,44.94576,0
              -93.126279,44.946473,0
              -93.126281,44.94657,0
            </coordinates>
          </LineString>
          <LineString>
            <tessellate>1</tessellate>
            <coordinates>
              -93.126281,44.94657,0
              -93.126293,44.947395,0
            </coordinates>
          </LineString>
          <LineString>
            <tessellate>1</tessellate>
            <coordinates>
              -93.126293,44.947395,0
              -93.126308,44.948423,0
              -93.126309,44.948528,0
            </coordinates>
          </LineString>
          <LineString>
            <tessellate>1</tessellate>
            <coordinates>
              -93.126309,44.948528,0
              -93.126311,44.948859,0
            </coordinates>
          </LineString>
          <LineString>
            <tessellate>1</tessellate>
            <coordinates>
              -93.126311,44.948859,0
              -93.126314,44.949331,0
              -93.126314,44.949432,0
            </coordinates>
          </LineString>
          <LineString>
            <tessellate>1</tessellate>
            <coordinates>
              -93.126314,44.949432,0
              -93.12632,44.950336,0
            </coordinates>
          </LineString>
          <LineString>
            <tessellate>1</tessellate>
            <coordinates>
              -93.12632,44.950336,0
              -93.12627,44.95036,0
              -93.126176,44.951131,0
              -93.126171,44.951176,0
              -93.126171,44.951277,0
              -93.126167,44.951634,0
              -93.126165,44.951809,0
              -93.126162,44.952125,0
              -93.126164,44.952644,0
              -93.126191,44.952877,0
              -93.126183,44.953033,0
              -93.126191,44.953921,0
              -93.126194,44.95421,0
              -93.126199,44.954812,0
              -93.126216,44.955649,0
              -93.126216,44.955725,0
              -93.126216,44.955779,0
              -93.126215,44.956063,0
              -93.126215,44.956225,0
              -93.126305,44.956625,0
            </coordinates>
          </LineString>
          <LineString>
            <tessellate>1</tessellate>
            <coordinates>
              -93.126305,44.956625,0
              -93.126319,44.957418,0
              -93.126321,44.957533,0
            </coordinates>
          </LineString>
          <LineString>
            <tessellate>1</tessellate>
            <coordinates>
              -93.126321,44.957533,0
              -93.126317,44.95843,0
            </coordinates>
          </LineString>
          <LineString>
            <tessellate>1</tessellate>
            <coordinates>
              -93.126317,44.95843,0
              -93.12626,44.958564,0
              -93.126215,44.959203,0
              -93.126205,44.959337,0
              -93.126273,44.960121,0
              -93.12633,44.960249,0
            </coordinates>
          </LineString>
          <LineString>
            <tessellate>1</tessellate>
            <coordinates>
              -93.12633,44.960249,0
              -93.126336,44.961049,0
              -93.126337,44.96115,0
            </coordinates>
          </LineString>
          <LineString>
            <tessellate>1</tessellate>
            <coordinates>
              -93.126337,44.96115,0
              -93.126333,44.962049,0
            </coordinates>
          </LineString>
          <LineString>
            <tessellate>1</tessellate>
            <coordinates>
              -93.126333,44.962049,0
              -93.126289,44.962154,0
              -93.126246,44.962807,0
              -93.126237,44.962955,0
              -93.126251,44.965751,0
              -93.126254,44.966309,0
              -93.12614,44.967465,0
              -93.126172,44.968255,0
              -93.126176,44.968365,0
              -93.126181,44.969943,0
              -93.126278,44.970168,0
            </coordinates>
          </LineString>
          <LineString>
            <tessellate>1</tessellate>
            <coordinates>
              -93.126278,44.970168,0
              -93.126213,44.970306,0
              -93.126228,44.970475,0
              -93.126254,44.970766,0
              -93.12636,44.971017,0
            </coordinates>
          </LineString>
          <LineString>
            <tessellate>1</tessellate>
            <coordinates>
              -93.12636,44.971017,0
              -93.12636,44.971517,0
              -93.12636,44.971723,0
              -93.12636,44.971878,0
              -93.12636,44.971969,0
              -93.126359,44.972663,0
              -93.126358,44.973182,0
              -93.126358,44.97373,0
              -93.126358,44.973765,0
            </coordinates>
          </LineString>
          <LineString>
            <tessellate>1</tessellate>
            <coordinates>
              -93.126358,44.973765,0
              -93.126356,44.975295,0
            </coordinates>
          </LineString>
          <LineString>
            <tessellate>1</tessellate>
            <coordinates>
              -93.126356,44.975295,0
              -93.126356,44.975501,0
              -93.126356,44.975598,0
            </coordinates>
          </LineString>
          <LineString>
            <tessellate>1</tessellate>
            <coordinates>
              -93.126356,44.975598,0
              -93.126355,44.976461,0
            </coordinates>
          </LineString>
          <LineString>
            <tessellate>1</tessellate>
            <coordinates>
              -93.126355,44.976461,0
              -93.126354,44.977253,0
              -93.126354,44.977362,0
            </coordinates>
          </LineString>
          <LineString>
            <tessellate>1</tessellate>
            <coordinates>
              -93.126354,44.977362,0
              -93.126318,44.979062,0
              -93.126316,44.97916,0
            </coordinates>
          </LineString>
          <LineString>
            <tessellate>1</tessellate>
            <coordinates>
              -93.126316,44.97916,0
              -93.126304,44.979845,0
            </coordinates>
          </LineString>
          <LineString>
            <tessellate>1</tessellate>
            <coordinates>
              -93.126304,44.979845,0
              -93.126287,44.980841,0
              -93.126284,44.98097,0
            </coordinates>
          </LineString>
          <LineString>
            <tessellate>1</tessellate>
            <coordinates>
              -93.126284,44.98097,0
              -93.126251,44.982671,0
              -93.12625,44.982742,0
            </coordinates>
          </LineString>
          <LineString>
            <tessellate>1</tessellate>
            <coordinates>
              -93.12625,44.982742,0
              -93.126217,44.984487,0
              -93.126215,44.984577,0
            </coordinates>
          </LineString>
          <LineString>
            <tessellate>1</tessellate>
            <coordinates>
              -93.126215,44.984577,0
              -93.12619,44.986136,0
            </coordinates>
          </LineString>
          <LineString>
            <tessellate>1</tessellate>
            <coordinates>
              -93.12619,44.986136,0
              -93.126187,44.986286,0
            </coordinates>
          </LineString>
          <LineString>
            <tessellate>1</tessellate>
            <coordinates>
              -93.126187,44.986286,0
              -93.126187,44.986299,0
              -93.126186,44.986376,0
            </coordinates>
          </LineString>
          <LineString>
            <tessellate>1</tessellate>
            <coordinates>
              -93.126186,44.986376,0
              -93.126173,44.987177,0
              -93.126165,44.987653,0
            </coordinates>
          </LineString>
          <LineString>
            <tessellate>1</tessellate>
            <coordinates>
              -93.126165,44.987653,0
              -93.126156,44.988216,0
            </coordinates>
          </LineString>
          <LineString>
            <tessellate>1</tessellate>
            <coordinates>
              -93.126156,44.988216,0
              -93.126144,44.989031,0
              -93.126143,44.98908,0
            </coordinates>
          </LineString>
          <LineString>
            <tessellate>1</tessellate>
            <coordinates>
              -93.126143,44.98908,0
              -93.126114,44.990862,0
            </coordinates>
          </LineString>
          <LineString>
            <tessellate>1</tessellate>
            <coordinates>
              -93.126114,44.990862,0
              -93.126102,44.991632,0
              -93.126099,44.991794,0
            </coordinates>
          </LineString>
          <LineString>
            <tessellate>1</tessellate>
            <coordinates>
              -93.126099,44.991794,0
              -93.126097,44.992338,0
            </coordinates>
          </LineString>
          <LineString>
            <tessellate>1</tessellate>
            <coordinates>
              -93.126097,44.992338,0
              -93.12609,44.995374,0
              -93.126079,44.997026,0
              -93.126072,44.998057,0
              -93.126081,44.998955,0
            </coordinates>
          </LineString>
          <LineString>
            <tessellate>1</tessellate>
            <coordinates>
              -93.126081,44.998955,0
              -93.126097,45.000467,0
              -93.126099,45.000576,0
            </coordinates>
          </LineString>
          <LineString>
            <tessellate>1</tessellate>
            <coordinates>
              -93.126099,45.000576,0
              -93.126108,45.001356,0
            </coordinates>
          </LineString>
          <LineString>
            <tessellate>1</tessellate>
            <coordinates>
              -93.126108,45.001356,0
              -93.126111,45.001781,0
              -93.126115,45.002009,0
            </coordinates>
          </LineString>
          <LineString>
            <tessellate>1</tessellate>
            <coordinates>
              -93.126115,45.002009,0
              -93.12612,45.002501,0
              -93.126121,45.002552,0
            </coordinates>
          </LineString>
          <LineString>
            <tessellate>1</tessellate>
            <coordinates>
              -93.126121,45.002552,0
              -93.126122,45.00264,0
              -93.126137,45.003976,0
            </coordinates>
          </LineString>
          <LineString>
            <tessellate>1</tessellate>
            <coordinates>
              -93.126137,45.003976,0
              -93.126146,45.004752,0
              -93.126146,45.004798,0
            </coordinates>
          </LineString>
          <LineString>
            <tessellate>1</tessellate>
            <coordinates>
              -93.126146,45.004798,0
              -93.126161,45.006151,0
            </coordinates>
          </LineString>
          <LineString>
            <tessellate>1</tessellate>
            <coordinates>
              -93.126161,45.006151,0
              -93.126552,45.006156,0
              -93.127402,45.006167,0
            </coordinates>
          </LineString>
          <LineString>
            <tessellate>1</tessellate>
            <coordinates>
              -93.127402,45.006167,0
              -93.128091,45.006176,0
              -93.131019,45.006213,0
              -93.131222,45.006215,0
            </coordinates>
          </LineString>
          <LineString>
            <tessellate>1</tessellate>
            <coordinates>
              -93.131222,45.006215,0
              -93.131878,45.006223,0
            </coordinates>
          </LineString>
          <LineString>
            <tessellate>1</tessellate>
            <coordinates>
              -93.131878,45.006223,0
              -93.136122,45.006277,0
            </coordinates>
          </LineString>
          <LineString>
            <tessellate>1</tessellate>
            <coordinates>
              -93.136122,45.006277,0
              -93.136281,45.006279,0
            </coordinates>
          </LineString>
          <LineString>
            <tessellate>1</tessellate>
            <coordinates>
              -93.136281,45.006279,0
              -93.142903,45.006372,0
              -93.143015,45.006373,0
            </coordinates>
          </LineString>
          <LineString>
            <tessellate>1</tessellate>
            <coordinates>
              -93.143015,45.006373,0
              -93.14616,45.006417,0
              -93.146414,45.006421,0
            </coordinates>
          </LineString>
          <LineString>
            <tessellate>1</tessellate>
            <coordinates>
              -93.146414,45.006421,0
              -93.151376,45.00635,0
              -93.151508,45.006348,0
            </coordinates>
          </LineString>
          <LineString>
            <tessellate>1</tessellate>
            <coordinates>
              -93.151508,45.006348,0
              -93.152777,45.00633,0
            </coordinates>
          </LineString>
          <LineString>
            <tessellate>1</tessellate>
            <coordinates>
              -93.152777,45.00633,0
              -93.153889,45.006314,0
              -93.154053,45.006311,0
            </coordinates>
          </LineString>
          <LineString>
            <tessellate>1</tessellate>
            <coordinates>
              -93.154053,45.006311,0
              -93.156314,45.006279,0
              -93.156599,45.006275,0
            </coordinates>
          </LineString>
          <LineString>
            <tessellate>1</tessellate>
            <coordinates>
              -93.156599,45.006275,0
              -93.159261,45.006249,0
            </coordinates>
          </LineString>
          <LineString>
            <tessellate>1</tessellate>
            <coordinates>
              -93.159261,45.006249,0
              -93.159457,45.006247,0
            </coordinates>
          </LineString>
          <LineString>
            <tessellate>1</tessellate>
            <coordinates>
              -93.159457,45.006247,0
              -93.159728,45.006245,0
              -93.16046,45.006237,0
            </coordinates>
          </LineString>
          <LineString>
            <tessellate>1</tessellate>
            <coordinates>
              -93.16046,45.006237,0
              -93.161691,45.006225,0
            </coordinates>
          </LineString>
          <LineString>
            <tessellate>1</tessellate>
            <coordinates>
              -93.161691,45.006225,0
              -93.162941,45.006213,0
              -93.163106,45.006211,0
            </coordinates>
          </LineString>
          <LineString>
            <tessellate>1</tessellate>
            <coordinates>
              -93.163106,45.006211,0
              -93.164481,45.006198,0
            </coordinates>
          </LineString>
          <LineString>
            <tessellate>1</tessellate>
            <coordinates>
              -93.164481,45.006198,0
              -93.165966,45.006183,0
              -93.166159,45.006181,0
            </coordinates>
          </LineString>
          <LineString>
            <tessellate>1</tessellate>
            <coordinates>
              -93.166159,45.006181,0
              -93.16637,45.006177,0
            </coordinates>
          </LineString>
          <LineString>
            <tessellate>1</tessellate>
            <coordinates>
              -93.16637,45.006177,0
              -93.166348,45.007815,0
              -93.166365,45.00981,0
              -93.166363,45.010056,0
              -93.166362,45.01036,0
              -93.166361,45.010659,0
              -93.16637,45.010841,0
              -93.166389,45.011023,0
              -93.166416,45.011204,0
              -93.166452,45.011384,0
              -93.166497,45.011564,0
              -93.166552,45.011742,0
              -93.166629,45.011977,0
              -93.166696,45.012214,0
              -93.166754,45.012452,0
              -93.166801,45.012692,0
              -93.166839,45.012932,0
              -93.16686,45.013118,0
              -93.166875,45.013341,0
              -93.166886,45.013492,0
            </coordinates>
          </LineString>
          <LineString>
            <tessellate>1</tessellate>
            <coordinates>
              -93.166886,45.013492,0
              -93.166995,45.013532,0
              -93.167087,45.013573,0
            </coordinates>
          </LineString>
          <LineString>
            <tessellate>1</tessellate>
            <coordinates>
              -93.167087,45.013573,0
              -93.167391,45.013712,0
              -93.168105,45.014106,0
              -93.168394,45.014265,0
            </coordinates>
          </LineString>
          <LineString>
            <tessellate>1</tessellate>
            <coordinates>
              -93.168394,45.014265,0
              -93.168493,45.014315,0
              -93.168598,45.014236,0
              -93.169135,45.013751,0
              -93.16908,45.013689,0
              -93.169017,45.013631,0
              -93.168946,45.013577,0
              -93.16887,45.013528,0
              -93.168168,45.013129,0
              -93.168112,45.013084,0
              -93.168062,45.013036,0
              -93.168019,45.012984,0
              -93.167981,45.012931,0
              -93.168477,45.012517,0
              -93.168572,45.012438,0
              -93.168381,45.012357,0
              -93.16808,45.012225,0
              -93.167945,45.012164,0
              -93.167892,45.012219,0
              -93.167847,45.012278,0
              -93.167811,45.012339,0
              -93.167785,45.012403,0
              -93.167768,45.012469,0
              -93.167762,45.012536,0
              -93.167765,45.012602,0
              -93.167778,45.012668,0
              -93.167838,45.012826,0
              -93.167894,45.012973,0
              -93.167904,45.012991,0
              -93.16794,45.01305,0
              -93.167984,45.013105,0
              -93.168034,45.013158,0
              -93.168091,45.013207,0
              -93.168154,45.013253,0
              -93.168222,45.013294,0
              -93.16857,45.013468,0
              -93.168851,45.013683,0
              -93.168887,45.013769,0
              -93.168855,45.013843,0
              -93.168752,45.013934,0
              -93.16849,45.014182,0
              -93.168394,45.014265,0
            </coordinates>
          </LineString>
          <LineString>
            <tessellate>1</tessellate>
            <coordinates>
              -93.166886,45.013492,0
              -93.166919,45.013974,0
              -93.166918,45.014027,0
              -93.166907,45.014079,0
              -93.166888,45.014131,0
              -93.166859,45.01418,0
              -93.166823,45.014226,0
              -93.166778,45.014269,0
              -93.166727,45.014307,0
              -93.166669,45.014341,0
              -93.166605,45.014369,0
              -93.166537,45.014391,0
              -93.166466,45.014408,0
              -93.166393,45.014418,0
              -93.166318,45.014421,0
              -93.16625,45.014418,0
              -93.166183,45.014408,0
              -93.166118,45.014393,0
              -93.166056,45.014372,0
              -93.165999,45.014345,0
              -93.165948,45.014313,0
              -93.165902,45.014277,0
              -93.165864,45.014237,0
              -93.165833,45.014194,0
              -93.16581,45.014148,0
              -93.165796,45.014101,0
              -93.165791,45.014052,0
              -93.165794,45.014004,0
              -93.165973,45.013604,0
              -93.166006,45.013533,0
              -93.166144,45.013232,0
              -93.166258,45.013313,0
              -93.16662,45.013413,0
              -93.166886,45.013492,0
            </coordinates>
          </LineString>
          <LineString>
            <tessellate>1</tessellate>
            <coordinates>
              -93.168394,45.014265,0
              -93.168097,45.014504,0
              -93.168042,45.014543,0
              -93.167981,45.014578,0
              -93.167915,45.014606,0
              -93.167843,45.014628,0
              -93.167769,45.014644,0
              -93.167692,45.014653,0
              -93.167628,45.014653,0
              -93.167565,45.014646,0
              -93.167504,45.014632,0
              -93.167447,45.014613,0
              -93.167393,45.014588,0
              -93.167346,45.014558,0
              -93.167305,45.014523,0
              -93.167271,45.014484,0
              -93.167246,45.014443,0
              -93.167229,45.014399,0
              -93.16722,45.014354,0
              -93.167093,45.01377,0
              -93.167087,45.013573,0
            </coordinates>
          </LineString>
          <LineString>
            <tessellate>1</tessellate>
            <coordinates>
              -93.167087,45.013573,0
              -93.167076,45.013423,0
              -93.167055,45.013228,0
              -93.167025,45.013035,0
              -93.166986,45.012842,0
              -93.16694,45.01265,0
              -93.16687,45.012456,0
              -93.166808,45.01226,0
              -93.166755,45.012064,0
              -93.16671,45.011866,0
              -93.166674,45.011667,0
              -93.166647,45.011467,0
              -93.166628,45.011267,0
              -93.166618,45.011067,0
              -93.166617,45.010867,0
              -93.166624,45.010666,0
              -93.166619,45.01036,0
              -93.166613,45.010054,0
              -93.166608,45.009768,0
              -93.166604,45.007661,0
              -93.166592,45.006175,0
              -93.16637,45.006177,0
            </coordinates>
          </LineString>
          <LineString>
            <tessellate>1</tessellate>
            <coordinates>
              -93.166159,45.006181,0
              -93.164481,45.006198,0
            </coordinates>
          </LineString>
          <LineString>
            <tessellate>1</tessellate>
            <coordinates>
              -93.164481,45.006198,0
              -93.163438,45.006208,0
              -93.163106,45.006211,0
            </coordinates>
          </LineString>
          <LineString>
            <tessellate>1</tessellate>
            <coordinates>
              -93.163106,45.006211,0
              -93.161691,45.006225,0
            </coordinates>
          </LineString>
          <LineString>
            <tessellate>1</tessellate>
            <coordinates>
              -93.16046,45.006237,0
              -93.159457,45.006247,0
            </coordinates>
          </LineString>
          <LineString>
            <tessellate>1</tessellate>
            <coordinates>
              -93.159457,45.006247,0
              -93.159391,45.006248,0
              -93.159261,45.006249,0
            </coordinates>
          </LineString>
          <LineString>
            <tessellate>1</tessellate>
            <coordinates>
              -93.159261,45.006249,0
              -93.156866,45.006272,0
              -93.156599,45.006275,0
            </coordinates>
          </LineString>
          <LineString>
            <tessellate>1</tessellate>
            <coordinates>
              -93.156599,45.006275,0
              -93.154173,45.00631,0
              -93.154053,45.006311,0
            </coordinates>
          </LineString>
          <LineString>
            <tessellate>1</tessellate>
            <coordinates>
              -93.154053,45.006311,0
              -93.152777,45.00633,0
            </coordinates>
          </LineString>
          <LineString>
            <tessellate>1</tessellate>
            <coordinates>
              -93.152777,45.00633,0
              -93.151666,45.006346,0
              -93.151508,45.006348,0
            </coordinates>
          </LineString>
          <LineString>
            <tessellate>1</tessellate>
            <coordinates>
              -93.151508,45.006348,0
              -93.146754,45.006416,0
              -93.146414,45.006421,0
            </coordinates>
          </LineString>
          <LineString>
            <tessellate>1</tessellate>
            <coordinates>
              -93.146414,45.006421,0
              -93.143122,45.006375,0
              -93.143015,45.006373,0
            </coordinates>
          </LineString>
          <LineString>
            <tessellate>1</tessellate>
            <coordinates>
              -93.143015,45.006373,0
              -93.136454,45.006281,0
              -93.136281,45.006279,0
            </coordinates>
          </LineString>
          <LineString>
            <tessellate>1</tessellate>
            <coordinates>
              -93.136122,45.006277,0
              -93.131976,45.006225,0
              -93.131878,45.006223,0
            </coordinates>
          </LineString>
          <LineString>
            <tessellate>1</tessellate>
            <coordinates>
              -93.131222,45.006215,0
              -93.128206,45.006177,0
              -93.127402,45.006167,0
            </coordinates>
          </LineString>
          <LineString>
            <tessellate>1</tessellate>
            <coordinates>
              -93.127402,45.006167,0
              -93.126429,45.006155,0
              -93.126161,45.006151,0
            </coordinates>
          </LineString>
          <LineString>
            <tessellate>1</tessellate>
            <coordinates>
              -93.126161,45.006151,0
              -93.126148,45.004919,0
              -93.126146,45.004798,0
            </coordinates>
          </LineString>
          <LineString>
            <tessellate>1</tessellate>
            <coordinates>
              -93.126146,45.004798,0
              -93.126137,45.003976,0
            </coordinates>
          </LineString>
          <LineString>
            <tessellate>1</tessellate>
            <coordinates>
              -93.126121,45.002552,0
              -93.126115,45.002009,0
            </coordinates>
          </LineString>
          <LineString>
            <tessellate>1</tessellate>
            <coordinates>
              -93.126108,45.001356,0
              -93.126099,45.000629,0
              -93.126099,45.000576,0
            </coordinates>
          </LineString>
          <LineString>
            <tessellate>1</tessellate>
            <coordinates>
              -93.126099,45.000576,0
              -93.126081,44.998955,0
            </coordinates>
          </LineString>
          <LineString>
            <tessellate>1</tessellate>
            <coordinates>
              -93.126097,44.992338,0
              -93.126098,44.991931,0
              -93.126099,44.991794,0
            </coordinates>
          </LineString>
          <LineString>
            <tessellate>1</tessellate>
            <coordinates>
              -93.126099,44.991794,0
              -93.126114,44.990862,0
            </coordinates>
          </LineString>
          <LineString>
            <tessellate>1</tessellate>
            <coordinates>
              -93.126114,44.990862,0
              -93.126141,44.989174,0
              -93.126143,44.98908,0
            </coordinates>
          </LineString>
          <LineString>
            <tessellate>1</tessellate>
            <coordinates>
              -93.126143,44.98908,0
              -93.126156,44.988216,0
            </coordinates>
          </LineString>
          <LineString>
            <tessellate>1</tessellate>
            <coordinates>
              -93.126156,44.988216,0
              -93.126164,44.987728,0
              -93.126165,44.987653,0
            </coordinates>
          </LineString>
          <LineString>
            <tessellate>1</tessellate>
            <coordinates>
              -93.126165,44.987653,0
              -93.126186,44.986376,0
            </coordinates>
          </LineString>
          <LineString>
            <tessellate>1</tessellate>
            <coordinates>
              -93.126186,44.986376,0
              -93.126187,44.986286,0
            </coordinates>
          </LineString>
          <LineString>
            <tessellate>1</tessellate>
            <coordinates>
              -93.126187,44.986286,0
              -93.126188,44.986231,0
              -93.12619,44.986136,0
            </coordinates>
          </LineString>
          <LineString>
            <tessellate>1</tessellate>
            <coordinates>
              -93.12619,44.986136,0
              -93.126213,44.984693,0
              -93.126215,44.984577,0
            </coordinates>
          </LineString>
          <LineString>
            <tessellate>1</tessellate>
            <coordinates>
              -93.126215,44.984577,0
              -93.126248,44.982825,0
              -93.12625,44.982742,0
            </coordinates>
          </LineString>
          <LineString>
            <tessellate>1</tessellate>
            <coordinates>
              -93.12625,44.982742,0
              -93.126282,44.98111,0
              -93.126284,44.98097,0
            </coordinates>
          </LineString>
          <LineString>
            <tessellate>1</tessellate>
            <coordinates>
              -93.126284,44.98097,0
              -93.126304,44.979845,0
            </coordinates>
          </LineString>
          <LineString>
            <tessellate>1</tessellate>
            <coordinates>
              -93.126304,44.979845,0
              -93.126315,44.979242,0
              -93.126316,44.97916,0
            </coordinates>
          </LineString>
          <LineString>
            <tessellate>1</tessellate>
            <coordinates>
              -93.126316,44.97916,0
              -93.126352,44.97747,0
              -93.126354,44.977362,0
            </coordinates>
          </LineString>
          <LineString>
            <tessellate>1</tessellate>
            <coordinates>
              -93.126354,44.977362,0
              -93.126355,44.976461,0
            </coordinates>
          </LineString>
          <LineString>
            <tessellate>1</tessellate>
            <coordinates>
              -93.126355,44.976461,0
              -93.126356,44.975696,0
              -93.126356,44.975598,0
            </coordinates>
          </LineString>
          <LineString>
            <tessellate>1</tessellate>
            <coordinates>
              -93.126356,44.975295,0
              -93.126358,44.973892,0
              -93.126358,44.973765,0
            </coordinates>
          </LineString>
          <LineString>
            <tessellate>1</tessellate>
            <coordinates>
              -93.12636,44.971017,0
              -93.126361,44.970454,0
              -93.126361,44.970392,0
              -93.126278,44.970168,0
            </coordinates>
          </LineString>
          <LineString>
            <tessellate>1</tessellate>
            <coordinates>
              -93.126278,44.970168,0
              -93.126362,44.970015,0
              -93.126368,44.96852,0
              -93.126368,44.968364,0
              -93.126372,44.967465,0
              -93.126415,44.966288,0
              -93.126411,44.965759,0
              -93.12639,44.962954,0
              -93.126389,44.962754,0
              -93.126386,44.962152,0
              -93.126333,44.962049,0
            </coordinates>
          </LineString>
          <LineString>
            <tessellate>1</tessellate>
            <coordinates>
              -93.126333,44.962049,0
              -93.126337,44.961277,0
              -93.126337,44.96115,0
            </coordinates>
          </LineString>
          <LineString>
            <tessellate>1</tessellate>
            <coordinates>
              -93.126337,44.96115,0
              -93.12633,44.960249,0
            </coordinates>
          </LineString>
          <LineString>
            <tessellate>1</tessellate>
            <coordinates>
              -93.12633,44.960249,0
              -93.12637,44.960135,0
              -93.126371,44.959462,0
              -93.126371,44.959336,0
              -93.126367,44.958565,0
              -93.126317,44.95843,0
            </coordinates>
          </LineString>
          <LineString>
            <tessellate>1</tessellate>
            <coordinates>
              -93.126317,44.95843,0
              -93.12632,44.957742,0
              -93.126321,44.957533,0
            </coordinates>
          </LineString>
          <LineString>
            <tessellate>1</tessellate>
            <coordinates>
              -93.126321,44.957533,0
              -93.126305,44.956625,0
            </coordinates>
          </LineString>
          <LineString>
            <tessellate>1</tessellate>
            <coordinates>
              -93.126305,44.956625,0
              -93.126381,44.955922,0
              -93.126396,44.955778,0
              -93.126394,44.955725,0
              -93.126391,44.955649,0
              -93.126388,44.954812,0
              -93.126374,44.954044,0
              -93.126372,44.953922,0
              -93.126367,44.953289,0
              -93.126366,44.953032,0
              -93.126351,44.952688,0
              -93.12633,44.952123,0
              -93.126328,44.951807,0
              -93.126327,44.951632,0
              -93.126325,44.951276,0
              -93.126344,44.951179,0
              -93.126364,44.95047,0
              -93.126368,44.950358,0
              -93.12632,44.950336,0
            </coordinates>
          </LineString>
          <LineString>
            <tessellate>1</tessellate>
            <coordinates>
              -93.12632,44.950336,0
              -93.126315,44.949572,0
              -93.126314,44.949432,0
            </coordinates>
          </LineString>
          <LineString>
            <tessellate>1</tessellate>
            <coordinates>
              -93.126314,44.949432,0
              -93.126311,44.948859,0
            </coordinates>
          </LineString>
          <LineString>
            <tessellate>1</tessellate>
            <coordinates>
              -93.126311,44.948859,0
              -93.12631,44.948652,0
              -93.126309,44.948528,0
            </coordinates>
          </LineString>
          <LineString>
            <tessellate>1</tessellate>
            <coordinates>
              -93.126309,44.948528,0
              -93.126293,44.947395,0
            </coordinates>
          </LineString>
          <LineString>
            <tessellate>1</tessellate>
            <coordinates>
              -93.126281,44.94657,0
              -93.126277,44.946305,0
              -93.126269,44.94576,0
            </coordinates>
          </LineString>
          <LineString>
            <tessellate>1</tessellate>
            <coordinates>
              -93.126249,44.944386,0
              -93.126246,44.944172,0
              -93.126244,44.944039,0
            </coordinates>
          </LineString>
          <LineString>
            <tessellate>1</tessellate>
            <coordinates>
              -93.126244,44.944039,0
              -93.126235,44.943381,0
            </coordinates>
          </LineString>
          <LineString>
            <tessellate>1</tessellate>
            <coordinates>
              -93.126219,44.942264,0
              -93.126202,44.941316,0
            </coordinates>
          </LineString>
        </MultiGeometry>
      </Placemark>
      <Placemark>
        <name>72</name>
        <description><![CDATA[description: <br>OBJECTID: 106<br>route: 72<br>routesort: 72<br>RouteDescription: Midway-Selby Av-Burns Av-Sunray<br>RouteOperator: P<br>EffectiveDate: 2026/03/14 00:00:00+00<br>payleavedirectionid: 0<br>routepayleave: 0<br>RouteClass: CoreLoc<br>IsPublic: 1<br>wk_ftrip: 04:34:00<br>wk_ltrip: 22:37:00<br>wk_span: 18:03:00<br>wk_trip_freq: 68<br>sat_ftrip: 06:54:00<br>sat_ltrip: 22:06:00<br>sat_span: 15:12:00<br>sat_trip_freq: 57<br>sun_ftrip: 06:56:00<br>sun_ltrip: 22:05:00<br>sun_span: 15:09:00<br>sun_trip_freq: 57<br>Shape__Length: 29802.3831172746]]></description>
        <styleUrl>#line-E65100-1200</styleUrl>
        <ExtendedData>
          <Data name="description">
            <value/>
          </Data>
          <Data name="OBJECTID">
            <value>106</value>
          </Data>
          <Data name="route">
            <value>72</value>
          </Data>
          <Data name="routesort">
            <value>72</value>
          </Data>
          <Data name="RouteDescription">
            <value>Midway-Selby Av-Burns Av-Sunray</value>
          </Data>
          <Data name="RouteOperator">
            <value>P</value>
          </Data>
          <Data name="EffectiveDate">
            <value>2026/03/14 00:00:00+00</value>
          </Data>
          <Data name="payleavedirectionid">
            <value>0</value>
          </Data>
          <Data name="routepayleave">
            <value>0</value>
          </Data>
          <Data name="RouteClass">
            <value>CoreLoc</value>
          </Data>
          <Data name="IsPublic">
            <value>1</value>
          </Data>
          <Data name="wk_ftrip">
            <value>04:34:00</value>
          </Data>
          <Data name="wk_ltrip">
            <value>22:37:00</value>
          </Data>
          <Data name="wk_span">
            <value>18:03:00</value>
          </Data>
          <Data name="wk_trip_freq">
            <value>68</value>
          </Data>
          <Data name="sat_ftrip">
            <value>06:54:00</value>
          </Data>
          <Data name="sat_ltrip">
            <value>22:06:00</value>
          </Data>
          <Data name="sat_span">
            <value>15:12:00</value>
          </Data>
          <Data name="sat_trip_freq">
            <value>57</value>
          </Data>
          <Data name="sun_ftrip">
            <value>06:56:00</value>
          </Data>
          <Data name="sun_ltrip">
            <value>22:05:00</value>
          </Data>
          <Data name="sun_span">
            <value>15:09:00</value>
          </Data>
          <Data name="sun_trip_freq">
            <value>57</value>
          </Data>
          <Data name="Shape__Length">
            <value>29802.3831172746</value>
          </Data>
        </ExtendedData>
        <MultiGeometry>
          <LineString>
            <tessellate>1</tessellate>
            <coordinates>
              -93.156812,44.952197,0
              -93.15681,44.951853,0
              -93.15681,44.951656,0
              -93.156809,44.95132,0
            </coordinates>
          </LineString>
          <LineString>
            <tessellate>1</tessellate>
            <coordinates>
              -93.156809,44.95132,0
              -93.156808,44.951019,0
              -93.156801,44.948674,0
            </coordinates>
          </LineString>
          <LineString>
            <tessellate>1</tessellate>
            <coordinates>
              -93.156801,44.948674,0
              -93.156801,44.94852,0
              -93.156804,44.947464,0
              -93.156808,44.946651,0
            </coordinates>
          </LineString>
          <LineString>
            <tessellate>1</tessellate>
            <coordinates>
              -93.156808,44.946651,0
              -93.15662,44.946649,0
            </coordinates>
          </LineString>
          <LineString>
            <tessellate>1</tessellate>
            <coordinates>
              -93.15662,44.946649,0
              -93.156227,44.946646,0
              -93.154275,44.94663,0
            </coordinates>
          </LineString>
          <LineString>
            <tessellate>1</tessellate>
            <coordinates>
              -93.154275,44.94663,0
              -93.151893,44.946626,0
              -93.151719,44.946626,0
            </coordinates>
          </LineString>
          <LineString>
            <tessellate>1</tessellate>
            <coordinates>
              -93.151719,44.946626,0
              -93.150892,44.946625,0
            </coordinates>
          </LineString>
          <LineString>
            <tessellate>1</tessellate>
            <coordinates>
              -93.150892,44.946625,0
              -93.149356,44.946623,0
              -93.149186,44.946622,0
            </coordinates>
          </LineString>
          <LineString>
            <tessellate>1</tessellate>
            <coordinates>
              -93.149186,44.946622,0
              -93.146711,44.946619,0
            </coordinates>
          </LineString>
          <LineString>
            <tessellate>1</tessellate>
            <coordinates>
              -93.146711,44.946619,0
              -93.146556,44.946618,0
              -93.146428,44.946618,0
            </coordinates>
          </LineString>
          <LineString>
            <tessellate>1</tessellate>
            <coordinates>
              -93.146428,44.946618,0
              -93.144086,44.946613,0
            </coordinates>
          </LineString>
          <LineString>
            <tessellate>1</tessellate>
            <coordinates>
              -93.144086,44.946613,0
              -93.141715,44.946606,0
              -93.141542,44.946606,0
            </coordinates>
          </LineString>
          <LineString>
            <tessellate>1</tessellate>
            <coordinates>
              -93.141542,44.946606,0
              -93.139005,44.946599,0
            </coordinates>
          </LineString>
          <LineString>
            <tessellate>1</tessellate>
            <coordinates>
              -93.139005,44.946599,0
              -93.136581,44.946604,0
              -93.136454,44.946604,0
            </coordinates>
          </LineString>
          <LineString>
            <tessellate>1</tessellate>
            <coordinates>
              -93.136454,44.946604,0
              -93.13481,44.946592,0
            </coordinates>
          </LineString>
          <LineString>
            <tessellate>1</tessellate>
            <coordinates>
              -93.13481,44.946592,0
              -93.133383,44.946586,0
              -93.133187,44.946586,0
            </coordinates>
          </LineString>
          <LineString>
            <tessellate>1</tessellate>
            <coordinates>
              -93.133187,44.946586,0
              -93.132653,44.946584,0
            </coordinates>
          </LineString>
          <LineString>
            <tessellate>1</tessellate>
            <coordinates>
              -93.132653,44.946584,0
              -93.131741,44.94658,0
              -93.131367,44.946579,0
            </coordinates>
          </LineString>
          <LineString>
            <tessellate>1</tessellate>
            <coordinates>
              -93.131367,44.946579,0
              -93.129859,44.946579,0
              -93.128823,44.946579,0
            </coordinates>
          </LineString>
          <LineString>
            <tessellate>1</tessellate>
            <coordinates>
              -93.128823,44.946579,0
              -93.126716,44.946572,0
              -93.126281,44.94657,0
            </coordinates>
          </LineString>
          <LineString>
            <tessellate>1</tessellate>
            <coordinates>
              -93.126281,44.94657,0
              -93.123742,44.94657,0
              -93.121283,44.94657,0
              -93.121058,44.94657,0
            </coordinates>
          </LineString>
          <LineString>
            <tessellate>1</tessellate>
            <coordinates>
              -93.121058,44.94657,0
              -93.120512,44.94657,0
              -93.118679,44.946569,0
            </coordinates>
          </LineString>
          <LineString>
            <tessellate>1</tessellate>
            <coordinates>
              -93.118679,44.946569,0
              -93.118156,44.946566,0
              -93.1171,44.94656,0
            </coordinates>
          </LineString>
          <LineString>
            <tessellate>1</tessellate>
            <coordinates>
              -93.1171,44.94656,0
              -93.116358,44.946556,0
              -93.116107,44.946554,0
            </coordinates>
          </LineString>
          <LineString>
            <tessellate>1</tessellate>
            <coordinates>
              -93.116107,44.946554,0
              -93.114766,44.946552,0
            </coordinates>
          </LineString>
          <LineString>
            <tessellate>1</tessellate>
            <coordinates>
              -93.114766,44.946552,0
              -93.113576,44.946551,0
              -93.113405,44.946551,0
            </coordinates>
          </LineString>
          <LineString>
            <tessellate>1</tessellate>
            <coordinates>
              -93.113405,44.946551,0
              -93.112158,44.946548,0
              -93.11195,44.946548,0
            </coordinates>
          </LineString>
          <LineString>
            <tessellate>1</tessellate>
            <coordinates>
              -93.11195,44.946548,0
              -93.111941,44.946548,0
              -93.109568,44.946544,0
              -93.108705,44.946544,0
            </coordinates>
          </LineString>
          <LineString>
            <tessellate>1</tessellate>
            <coordinates>
              -93.108705,44.946544,0
              -93.108537,44.946544,0
              -93.108101,44.946543,0
            </coordinates>
          </LineString>
          <LineString>
            <tessellate>1</tessellate>
            <coordinates>
              -93.108101,44.946543,0
              -93.10805,44.946612,0
              -93.108007,44.946682,0
              -93.107974,44.946756,0
              -93.107949,44.946831,0
              -93.107934,44.946907,0
              -93.107867,44.94757,0
              -93.107852,44.947685,0
              -93.107822,44.947853,0
              -93.107785,44.948019,0
              -93.107775,44.948054,0
              -93.107739,44.948184,0
              -93.107661,44.948316,0
              -93.107574,44.948445,0
              -93.10748,44.948571,0
              -93.107173,44.948962,0
              -93.106212,44.948456,0
              -93.10574,44.948218,0
              -93.105562,44.948128,0
              -93.105417,44.948058,0
              -93.105278,44.947983,0
              -93.105144,44.947903,0
              -93.105017,44.947818,0
              -93.104896,44.947727,0
              -93.104782,44.947633,0
              -93.104714,44.947553,0
              -93.104652,44.947469,0
              -93.104598,44.947383,0
              -93.104553,44.947294,0
              -93.104515,44.947204,0
              -93.104485,44.947113,0
              -93.104404,44.946858,0
              -93.104355,44.946704,0
              -93.104343,44.946669,0
              -93.104152,44.946073,0
              -93.103917,44.945339,0
              -93.103761,44.945446,0
            </coordinates>
          </LineString>
          <LineString>
            <tessellate>1</tessellate>
            <coordinates>
              -93.103761,44.945446,0
              -93.103175,44.945922,0
            </coordinates>
          </LineString>
          <LineString>
            <tessellate>1</tessellate>
            <coordinates>
              -93.103175,44.945922,0
              -93.102985,44.946077,0
            </coordinates>
          </LineString>
          <LineString>
            <tessellate>1</tessellate>
            <coordinates>
              -93.102985,44.946077,0
              -93.102783,44.946241,0
              -93.102483,44.946486,0
            </coordinates>
          </LineString>
          <LineString>
            <tessellate>1</tessellate>
            <coordinates>
              -93.102483,44.946486,0
              -93.101734,44.945973,0
              -93.101551,44.945937,0
              -93.101482,44.945877,0
              -93.101409,44.94582,0
              -93.101313,44.945754,0
              -93.101211,44.945692,0
              -93.101104,44.945636,0
              -93.100995,44.945586,0
              -93.100885,44.945543,0
              -93.100883,44.945542,0
              -93.100767,44.945503,0
              -93.100648,44.945469,0
              -93.100526,44.945441,0
              -93.100401,44.945418,0
              -93.100275,44.945402,0
              -93.097562,44.94512,0
              -93.097006,44.945132,0
              -93.096623,44.94514,0
              -93.095842,44.945162,0
              -93.095637,44.945142,0
              -93.095452,44.945195,0
              -93.094454,44.945691,0
              -93.093202,44.946264,0
              -93.092144,44.946787,0
              -93.092046,44.946835,0
              -93.09082,44.947416,0
              -93.089634,44.94798,0
              -93.089486,44.948049,0
              -93.088124,44.948713,0
              -93.086968,44.94926,0
              -93.087374,44.949689,0
              -93.087734,44.95007,0
            </coordinates>
          </LineString>
          <LineString>
            <tessellate>1</tessellate>
            <coordinates>
              -93.087734,44.95007,0
              -93.088569,44.95091,0
              -93.087523,44.951407,0
              -93.087417,44.951458,0
            </coordinates>
          </LineString>
          <LineString>
            <tessellate>1</tessellate>
            <coordinates>
              -93.087417,44.951458,0
              -93.08702,44.951701,0
              -93.086735,44.951988,0
              -93.086616,44.952107,0
              -93.086339,44.952383,0
              -93.086244,44.952461,0
              -93.086141,44.952534,0
              -93.086031,44.952602,0
              -93.085915,44.952664,0
              -93.085793,44.95272,0
              -93.085666,44.95277,0
              -93.085534,44.952814,0
              -93.085399,44.952852,0
              -93.08526,44.952882,0
              -93.085147,44.952902,0
              -93.084948,44.952926,0
              -93.084751,44.952957,0
              -93.084555,44.952995,0
              -93.084363,44.953039,0
              -93.084174,44.95309,0
              -93.084044,44.953129,0
              -93.083917,44.953171,0
              -93.083791,44.953217,0
              -93.083316,44.953418,0
              -93.083284,44.953435,0
              -93.082436,44.953879,0
              -93.082075,44.954053,0
              -93.081583,44.954291,0
              -93.080735,44.95473,0
              -93.079846,44.955161,0
              -93.07959,44.955285,0
              -93.078327,44.955898,0
              -93.076387,44.956835,0
              -93.075938,44.957036,0
            </coordinates>
          </LineString>
          <LineString>
            <tessellate>1</tessellate>
            <coordinates>
              -93.075938,44.957036,0
              -93.075868,44.956942,0
              -93.07579,44.956851,0
              -93.075705,44.956763,0
              -93.075613,44.956679,0
              -93.074618,44.956014,0
              -93.074589,44.955993,0
              -93.074538,44.955956,0
              -93.072699,44.954818,0
              -93.071959,44.954218,0
              -93.071627,44.953968,0
              -93.071301,44.953714,0
              -93.070983,44.953455,0
              -93.070832,44.953346,0
              -93.070688,44.953231,0
              -93.070552,44.953112,0
              -93.070423,44.952989,0
              -93.070302,44.952862,0
              -93.07019,44.952731,0
              -93.069974,44.952455,0
              -93.069774,44.952201,0
              -93.069571,44.951941,0
              -93.069485,44.951835,0
              -93.069385,44.951746,0
              -93.069231,44.95165,0
              -93.069156,44.95157,0
              -93.069071,44.951461,0
              -93.06902,44.951368,0
              -93.068978,44.951244,0
              -93.068942,44.951178,0
              -93.068899,44.951126,0
            </coordinates>
          </LineString>
          <LineString>
            <tessellate>1</tessellate>
            <coordinates>
              -93.068899,44.951126,0
              -93.068883,44.951072,0
              -93.068827,44.950981,0
              -93.068763,44.950892,0
              -93.068692,44.950807,0
              -93.068613,44.950725,0
              -93.068527,44.950646,0
              -93.068435,44.950571,0
            </coordinates>
          </LineString>
          <LineString>
            <tessellate>1</tessellate>
            <coordinates>
              -93.068435,44.950571,0
              -93.068223,44.950689,0
              -93.066693,44.95154,0
            </coordinates>
          </LineString>
          <LineString>
            <tessellate>1</tessellate>
            <coordinates>
              -93.066693,44.95154,0
              -93.066586,44.951598,0
              -93.064749,44.951553,0
            </coordinates>
          </LineString>
          <LineString>
            <tessellate>1</tessellate>
            <coordinates>
              -93.064749,44.951553,0
              -93.063146,44.951514,0
              -93.062987,44.95151,0
            </coordinates>
          </LineString>
          <LineString>
            <tessellate>1</tessellate>
            <coordinates>
              -93.062987,44.95151,0
              -93.062231,44.951437,0
              -93.061908,44.951405,0
              -93.060829,44.951301,0
              -93.058554,44.951301,0
              -93.058408,44.951301,0
              -93.058275,44.951301,0
            </coordinates>
          </LineString>
          <LineString>
            <tessellate>1</tessellate>
            <coordinates>
              -93.058275,44.951301,0
              -93.055884,44.951303,0
              -93.055731,44.951303,0
            </coordinates>
          </LineString>
          <LineString>
            <tessellate>1</tessellate>
            <coordinates>
              -93.055731,44.951303,0
              -93.055722,44.950381,0
            </coordinates>
          </LineString>
          <LineString>
            <tessellate>1</tessellate>
            <coordinates>
              -93.055722,44.950381,0
              -93.055746,44.949713,0
              -93.055749,44.949617,0
            </coordinates>
          </LineString>
          <LineString>
            <tessellate>1</tessellate>
            <coordinates>
              -93.055749,44.949617,0
              -93.055759,44.948694,0
            </coordinates>
          </LineString>
          <LineString>
            <tessellate>1</tessellate>
            <coordinates>
              -93.055759,44.948694,0
              -93.054699,44.948698,0
            </coordinates>
          </LineString>
          <LineString>
            <tessellate>1</tessellate>
            <coordinates>
              -93.054699,44.948698,0
              -93.053962,44.9487,0
              -93.053819,44.9487,0
            </coordinates>
          </LineString>
          <LineString>
            <tessellate>1</tessellate>
            <coordinates>
              -93.053819,44.9487,0
              -93.053169,44.948702,0
            </coordinates>
          </LineString>
          <LineString>
            <tessellate>1</tessellate>
            <coordinates>
              -93.053169,44.948702,0
              -93.051618,44.948707,0
            </coordinates>
          </LineString>
          <LineString>
            <tessellate>1</tessellate>
            <coordinates>
              -93.051618,44.948707,0
              -93.050102,44.948712,0
            </coordinates>
          </LineString>
          <LineString>
            <tessellate>1</tessellate>
            <coordinates>
              -93.050102,44.948712,0
              -93.048872,44.948716,0
              -93.047666,44.94872,0
            </coordinates>
          </LineString>
          <LineString>
            <tessellate>1</tessellate>
            <coordinates>
              -93.047666,44.94872,0
              -93.047268,44.948721,0
              -93.046664,44.948723,0
              -93.045507,44.948726,0
              -93.04415,44.948733,0
            </coordinates>
          </LineString>
          <LineString>
            <tessellate>1</tessellate>
            <coordinates>
              -93.04415,44.948733,0
              -93.04303,44.948738,0
              -93.041428,44.948746,0
            </coordinates>
          </LineString>
          <LineString>
            <tessellate>1</tessellate>
            <coordinates>
              -93.041428,44.948746,0
              -93.040821,44.948749,0
              -93.040535,44.94875,0
              -93.040076,44.948752,0
              -93.039668,44.948754,0
            </coordinates>
          </LineString>
          <LineString>
            <tessellate>1</tessellate>
            <coordinates>
              -93.039668,44.948754,0
              -93.039392,44.948756,0
            </coordinates>
          </LineString>
          <LineString>
            <tessellate>1</tessellate>
            <coordinates>
              -93.039392,44.948756,0
              -93.039157,44.948757,0
              -93.034635,44.948777,0
            </coordinates>
          </LineString>
          <LineString>
            <tessellate>1</tessellate>
            <coordinates>
              -93.034635,44.948777,0
              -93.034611,44.948777,0
              -93.031381,44.948788,0
            </coordinates>
          </LineString>
          <LineString>
            <tessellate>1</tessellate>
            <coordinates>
              -93.031381,44.948788,0
              -93.03041,44.948791,0
              -93.030354,44.948791,0
            </coordinates>
          </LineString>
          <LineString>
            <tessellate>1</tessellate>
            <coordinates>
              -93.030354,44.948791,0
              -93.029217,44.948711,0
            </coordinates>
          </LineString>
          <LineString>
            <tessellate>1</tessellate>
            <coordinates>
              -93.029217,44.948711,0
              -93.027854,44.948716,0
              -93.02772,44.948717,0
            </coordinates>
          </LineString>
          <LineString>
            <tessellate>1</tessellate>
            <coordinates>
              -93.02772,44.948717,0
              -93.025383,44.948725,0
              -93.025217,44.948725,0
            </coordinates>
          </LineString>
          <LineString>
            <tessellate>1</tessellate>
            <coordinates>
              -93.025217,44.948725,0
              -93.025201,44.947593,0
            </coordinates>
          </LineString>
          <LineString>
            <tessellate>1</tessellate>
            <coordinates>
              -93.025201,44.947593,0
              -93.025187,44.946567,0
              -93.025185,44.946443,0
            </coordinates>
          </LineString>
          <LineString>
            <tessellate>1</tessellate>
            <coordinates>
              -93.025185,44.946443,0
              -93.02517,44.945383,0
            </coordinates>
          </LineString>
          <LineString>
            <tessellate>1</tessellate>
            <coordinates>
              -93.02517,44.945383,0
              -93.025162,44.944771,0
              -93.025146,44.943586,0
              -93.024968,44.943586,0
              -93.024945,44.943586,0
              -93.024744,44.94358,0
              -93.024545,44.943568,0
              -93.024346,44.94355,0
              -93.024148,44.943526,0
            </coordinates>
          </LineString>
          <LineString>
            <tessellate>1</tessellate>
            <coordinates>
              -93.024148,44.943526,0
              -93.024105,44.943519,0
              -93.023952,44.943495,0
            </coordinates>
          </LineString>
          <LineString>
            <tessellate>1</tessellate>
            <coordinates>
              -93.023952,44.943495,0
              -93.023797,44.943469,0
              -93.023645,44.943439,0
              -93.023494,44.943404,0
              -93.023345,44.943365,0
              -93.023158,44.943306,0
              -93.022974,44.943242,0
              -93.022794,44.943174,0
              -93.021486,44.942642,0
            </coordinates>
          </LineString>
          <LineString>
            <tessellate>1</tessellate>
            <coordinates>
              -93.021486,44.942642,0
              -93.020677,44.942343,0
              -93.020507,44.942281,0
            </coordinates>
          </LineString>
          <LineString>
            <tessellate>1</tessellate>
            <coordinates>
              -93.020507,44.942281,0
              -93.018901,44.941706,0
            </coordinates>
          </LineString>
          <LineString>
            <tessellate>1</tessellate>
            <coordinates>
              -93.018901,44.941706,0
              -93.017593,44.941244,0
              -93.017445,44.9412,0
              -93.017295,44.941161,0
              -93.017142,44.941127,0
              -93.016986,44.941099,0
              -93.016849,44.941081,0
              -93.01671,44.941067,0
              -93.016571,44.94106,0
              -93.016431,44.941058,0
              -93.016291,44.941061,0
            </coordinates>
          </LineString>
          <LineString>
            <tessellate>1</tessellate>
            <coordinates>
              -93.016291,44.941061,0
              -93.015182,44.94106,0
              -93.015018,44.94106,0
            </coordinates>
          </LineString>
          <LineString>
            <tessellate>1</tessellate>
            <coordinates>
              -93.015018,44.94106,0
              -93.015034,44.942418,0
              -93.015034,44.942434,0
            </coordinates>
          </LineString>
          <LineString>
            <tessellate>1</tessellate>
            <coordinates>
              -93.015034,44.942434,0
              -93.015036,44.942519,0
            </coordinates>
          </LineString>
          <LineString>
            <tessellate>1</tessellate>
            <coordinates>
              -93.015036,44.942519,0
              -93.015039,44.944175,0
              -93.015039,44.944264,0
            </coordinates>
          </LineString>
          <LineString>
            <tessellate>1</tessellate>
            <coordinates>
              -93.015039,44.944264,0
              -93.015065,44.94504,0
              -93.015067,44.94511,0
            </coordinates>
          </LineString>
          <LineString>
            <tessellate>1</tessellate>
            <coordinates>
              -93.015067,44.94511,0
              -93.015072,44.945553,0
            </coordinates>
          </LineString>
          <LineString>
            <tessellate>1</tessellate>
            <coordinates>
              -93.015072,44.945553,0
              -93.015078,44.945985,0
              -93.015093,44.947228,0
              -93.015094,44.947379,0
            </coordinates>
          </LineString>
          <LineString>
            <tessellate>1</tessellate>
            <coordinates>
              -93.015094,44.947379,0
              -93.015108,44.948512,0
              -93.01511,44.948642,0
            </coordinates>
          </LineString>
          <LineString>
            <tessellate>1</tessellate>
            <coordinates>
              -93.01511,44.948642,0
              -93.015114,44.949415,0
              -93.015115,44.949526,0
            </coordinates>
          </LineString>
          <LineString>
            <tessellate>1</tessellate>
            <coordinates>
              -93.015115,44.949526,0
              -93.015116,44.949907,0
              -93.01513,44.950275,0
              -93.015149,44.950783,0
              -93.015153,44.951427,0
              -93.015154,44.951574,0
              -93.015156,44.951886,0
              -93.015152,44.95201,0
            </coordinates>
          </LineString>
          <LineString>
            <tessellate>1</tessellate>
            <coordinates>
              -93.015152,44.95201,0
              -93.01514,44.952379,0
              -93.015133,44.952579,0
            </coordinates>
          </LineString>
          <LineString>
            <tessellate>1</tessellate>
            <coordinates>
              -93.015133,44.952579,0
              -93.015017,44.952573,0
              -93.014903,44.95256,0
              -93.014791,44.952542,0
              -93.01468,44.952518,0
              -93.014572,44.952488,0
              -93.014468,44.952452,0
              -93.014368,44.952411,0
              -93.014272,44.952365,0
              -93.014181,44.952314,0
              -93.014096,44.952258,0
              -93.013697,44.95203,0
              -93.01345,44.951891,0
              -93.013332,44.95184,0
              -93.013202,44.951786,0
              -93.013103,44.951752,0
              -93.012965,44.951711,0
              -93.012843,44.951679,0
              -93.012735,44.951655,0
              -93.012593,44.951628,0
              -93.012601,44.95279,0
              -93.012602,44.952918,0
              -93.012605,44.953394,0
              -93.012606,44.953609,0
              -93.012608,44.953847,0
              -93.012609,44.954064,0
              -93.015138,44.954076,0
              -93.015137,44.953575,0
              -93.015133,44.952579,0
            </coordinates>
          </LineString>
          <LineString>
            <tessellate>1</tessellate>
            <coordinates>
              -93.156812,44.952197,0
              -93.161901,44.952166,0
              -93.161901,44.95307,0
              -93.161902,44.953136,0
              -93.161903,44.955612,0
              -93.161286,44.955615,0
              -93.157077,44.955636,0
              -93.156821,44.955637,0
            </coordinates>
          </LineString>
          <LineString>
            <tessellate>1</tessellate>
            <coordinates>
              -93.156821,44.955637,0
              -93.156816,44.953892,0
            </coordinates>
          </LineString>
          <LineString>
            <tessellate>1</tessellate>
            <coordinates>
              -93.156816,44.953892,0
              -93.156814,44.952885,0
            </coordinates>
          </LineString>
          <LineString>
            <tessellate>1</tessellate>
            <coordinates>
              -93.156814,44.952885,0
              -93.156812,44.95233,0
              -93.156812,44.952197,0
            </coordinates>
          </LineString>
          <LineString>
            <tessellate>1</tessellate>
            <coordinates>
              -93.156821,44.955637,0
              -93.154278,44.955643,0
              -93.154278,44.953467,0
              -93.154274,44.952808,0
              -93.154271,44.95226,0
              -93.154589,44.952262,0
              -93.156184,44.952182,0
              -93.156393,44.95219,0
              -93.156602,44.952195,0
              -93.156812,44.952197,0
            </coordinates>
          </LineString>
          <LineString>
            <tessellate>1</tessellate>
            <coordinates>
              -93.015133,44.952579,0
              -93.015152,44.95201,0
            </coordinates>
          </LineString>
          <LineString>
            <tessellate>1</tessellate>
            <coordinates>
              -93.015115,44.949526,0
              -93.015115,44.949503,0
              -93.01511,44.948642,0
            </coordinates>
          </LineString>
          <LineString>
            <tessellate>1</tessellate>
            <coordinates>
              -93.01511,44.948642,0
              -93.015106,44.948304,0
              -93.015094,44.947379,0
            </coordinates>
          </LineString>
          <LineString>
            <tessellate>1</tessellate>
            <coordinates>
              -93.015072,44.945553,0
              -93.015069,44.945296,0
              -93.015067,44.94511,0
            </coordinates>
          </LineString>
          <LineString>
            <tessellate>1</tessellate>
            <coordinates>
              -93.015067,44.94511,0
              -93.015039,44.944264,0
            </coordinates>
          </LineString>
          <LineString>
            <tessellate>1</tessellate>
            <coordinates>
              -93.015039,44.944264,0
              -93.015038,44.943993,0
              -93.015036,44.942519,0
            </coordinates>
          </LineString>
          <LineString>
            <tessellate>1</tessellate>
            <coordinates>
              -93.015036,44.942519,0
              -93.015035,44.942492,0
              -93.015034,44.942434,0
            </coordinates>
          </LineString>
          <LineString>
            <tessellate>1</tessellate>
            <coordinates>
              -93.015034,44.942434,0
              -93.01502,44.941213,0
              -93.015018,44.94106,0
            </coordinates>
          </LineString>
          <LineString>
            <tessellate>1</tessellate>
            <coordinates>
              -93.015018,44.94106,0
              -93.016291,44.941061,0
            </coordinates>
          </LineString>
          <LineString>
            <tessellate>1</tessellate>
            <coordinates>
              -93.018901,44.941706,0
              -93.020438,44.942256,0
              -93.020507,44.942281,0
            </coordinates>
          </LineString>
          <LineString>
            <tessellate>1</tessellate>
            <coordinates>
              -93.020507,44.942281,0
              -93.021486,44.942642,0
            </coordinates>
          </LineString>
          <LineString>
            <tessellate>1</tessellate>
            <coordinates>
              -93.023952,44.943495,0
              -93.024148,44.943526,0
            </coordinates>
          </LineString>
          <LineString>
            <tessellate>1</tessellate>
            <coordinates>
              -93.02517,44.945383,0
              -93.025185,44.94642,0
              -93.025185,44.946443,0
            </coordinates>
          </LineString>
          <LineString>
            <tessellate>1</tessellate>
            <coordinates>
              -93.025185,44.946443,0
              -93.025201,44.947593,0
            </coordinates>
          </LineString>
          <LineString>
            <tessellate>1</tessellate>
            <coordinates>
              -93.025201,44.947593,0
              -93.025211,44.948339,0
              -93.025217,44.948725,0
            </coordinates>
          </LineString>
          <LineString>
            <tessellate>1</tessellate>
            <coordinates>
              -93.025217,44.948725,0
              -93.027543,44.948717,0
              -93.02772,44.948717,0
            </coordinates>
          </LineString>
          <LineString>
            <tessellate>1</tessellate>
            <coordinates>
              -93.02772,44.948717,0
              -93.029217,44.948711,0
            </coordinates>
          </LineString>
          <LineString>
            <tessellate>1</tessellate>
            <coordinates>
              -93.029217,44.948711,0
              -93.03022,44.948782,0
              -93.030354,44.948791,0
            </coordinates>
          </LineString>
          <LineString>
            <tessellate>1</tessellate>
            <coordinates>
              -93.030354,44.948791,0
              -93.031381,44.948788,0
            </coordinates>
          </LineString>
          <LineString>
            <tessellate>1</tessellate>
            <coordinates>
              -93.031381,44.948788,0
              -93.03448,44.948778,0
              -93.034635,44.948777,0
            </coordinates>
          </LineString>
          <LineString>
            <tessellate>1</tessellate>
            <coordinates>
              -93.034635,44.948777,0
              -93.039392,44.948756,0
            </coordinates>
          </LineString>
          <LineString>
            <tessellate>1</tessellate>
            <coordinates>
              -93.039392,44.948756,0
              -93.03953,44.948755,0
              -93.039668,44.948754,0
            </coordinates>
          </LineString>
          <LineString>
            <tessellate>1</tessellate>
            <coordinates>
              -93.041428,44.948746,0
              -93.043945,44.948734,0
              -93.04415,44.948733,0
            </coordinates>
          </LineString>
          <LineString>
            <tessellate>1</tessellate>
            <coordinates>
              -93.047666,44.94872,0
              -93.047881,44.948719,0
              -93.050102,44.948712,0
            </coordinates>
          </LineString>
          <LineString>
            <tessellate>1</tessellate>
            <coordinates>
              -93.051618,44.948707,0
              -93.053026,44.948703,0
              -93.053169,44.948702,0
            </coordinates>
          </LineString>
          <LineString>
            <tessellate>1</tessellate>
            <coordinates>
              -93.053819,44.9487,0
              -93.054699,44.948698,0
            </coordinates>
          </LineString>
          <LineString>
            <tessellate>1</tessellate>
            <coordinates>
              -93.054699,44.948698,0
              -93.055607,44.948695,0
              -93.055759,44.948694,0
            </coordinates>
          </LineString>
          <LineString>
            <tessellate>1</tessellate>
            <coordinates>
              -93.055749,44.949617,0
              -93.055722,44.950381,0
            </coordinates>
          </LineString>
          <LineString>
            <tessellate>1</tessellate>
            <coordinates>
              -93.055722,44.950381,0
              -93.05573,44.951207,0
              -93.055731,44.951303,0
            </coordinates>
          </LineString>
          <LineString>
            <tessellate>1</tessellate>
            <coordinates>
              -93.055731,44.951303,0
              -93.058275,44.951301,0
            </coordinates>
          </LineString>
          <LineString>
            <tessellate>1</tessellate>
            <coordinates>
              -93.062987,44.95151,0
              -93.063042,44.951511,0
              -93.064749,44.951553,0
            </coordinates>
          </LineString>
          <LineString>
            <tessellate>1</tessellate>
            <coordinates>
              -93.066693,44.95154,0
              -93.068301,44.950646,0
              -93.068435,44.950571,0
            </coordinates>
          </LineString>
          <LineString>
            <tessellate>1</tessellate>
            <coordinates>
              -93.068899,44.951126,0
              -93.068893,44.95121,0
              -93.068906,44.951342,0
              -93.068925,44.951454,0
              -93.068963,44.951558,0
              -93.069001,44.95165,0
              -93.069065,44.951687,0
              -93.069122,44.95171,0
              -93.069178,44.951733,0
              -93.069269,44.95179,0
              -93.069342,44.951846,0
              -93.069425,44.951901,0
              -93.069618,44.952158,0
              -93.0698,44.952399,0
              -93.070014,44.952679,0
              -93.070118,44.952819,0
              -93.070339,44.953032,0
              -93.070565,44.953242,0
              -93.070796,44.95345,0
              -93.071032,44.953655,0
              -93.071211,44.953822,0
              -93.071397,44.953986,0
              -93.071587,44.954147,0
              -93.071783,44.954304,0
              -93.072418,44.954799,0
              -93.072424,44.954803,0
              -93.073151,44.95526,0
              -93.074436,44.956067,0
              -93.075485,44.956745,0
              -93.075828,44.957086,0
              -93.075938,44.957036,0
            </coordinates>
          </LineString>
          <LineString>
            <tessellate>1</tessellate>
            <coordinates>
              -93.087417,44.951458,0
              -93.086784,44.950807,0
              -93.086592,44.950611,0
              -93.087734,44.95007,0
            </coordinates>
          </LineString>
          <LineString>
            <tessellate>1</tessellate>
            <coordinates>
              -93.087734,44.95007,0
              -93.088905,44.949515,0
              -93.090252,44.948875,0
              -93.091119,44.948463,0
              -93.09162,44.948224,0
              -93.092824,44.947651,0
              -93.093833,44.94717,0
              -93.093956,44.947111,0
              -93.093976,44.947102,0
              -93.095242,44.946498,0
              -93.096264,44.946011,0
              -93.096495,44.946032,0
              -93.096885,44.946068,0
              -93.097256,44.946101,0
              -93.097418,44.946116,0
              -93.098945,44.946251,0
              -93.099604,44.946308,0
              -93.100361,44.946375,0
              -93.100547,44.946392,0
              -93.100718,44.946407,0
              -93.102327,44.946604,0
              -93.102483,44.946486,0
            </coordinates>
          </LineString>
          <LineString>
            <tessellate>1</tessellate>
            <coordinates>
              -93.102483,44.946486,0
              -93.102985,44.946077,0
            </coordinates>
          </LineString>
          <LineString>
            <tessellate>1</tessellate>
            <coordinates>
              -93.103175,44.945922,0
              -93.103502,44.945656,0
              -93.103761,44.945446,0
            </coordinates>
          </LineString>
          <LineString>
            <tessellate>1</tessellate>
            <coordinates>
              -93.103761,44.945446,0
              -93.104009,44.946234,0
              -93.104178,44.946769,0
              -93.104196,44.946828,0
              -93.104247,44.94699,0
              -93.104314,44.947201,0
              -93.104352,44.947295,0
              -93.104399,44.947388,0
              -93.104454,44.947479,0
              -93.104517,44.947567,0
              -93.104589,44.947652,0
              -93.104667,44.947733,0
              -93.104753,44.947811,0
              -93.104846,44.947884,0
              -93.104946,44.947953,0
              -93.105243,44.948114,0
              -93.105451,44.948226,0
              -93.107085,44.949072,0
              -93.107277,44.949181,0
              -93.107369,44.949073,0
              -93.107672,44.948726,0
              -93.107753,44.948623,0
              -93.107827,44.948518,0
              -93.107893,44.94841,0
              -93.107951,44.9483,0
              -93.107966,44.948266,0
              -93.108001,44.948188,0
              -93.108039,44.948087,0
              -93.108069,44.947985,0
              -93.10809,44.947881,0
              -93.108103,44.947777,0
              -93.108107,44.947672,0
              -93.108103,44.947568,0
              -93.10809,44.947463,0
              -93.108069,44.94736,0
              -93.108046,44.947244,0
              -93.108033,44.947127,0
              -93.108028,44.947009,0
              -93.108033,44.946892,0
              -93.108046,44.946775,0
              -93.108069,44.946659,0
              -93.108101,44.946543,0
            </coordinates>
          </LineString>
          <LineString>
            <tessellate>1</tessellate>
            <coordinates>
              -93.108101,44.946543,0
              -93.108705,44.946544,0
            </coordinates>
          </LineString>
          <LineString>
            <tessellate>1</tessellate>
            <coordinates>
              -93.11195,44.946548,0
              -93.113245,44.946551,0
              -93.113405,44.946551,0
            </coordinates>
          </LineString>
          <LineString>
            <tessellate>1</tessellate>
            <coordinates>
              -93.113405,44.946551,0
              -93.114766,44.946552,0
            </coordinates>
          </LineString>
          <LineString>
            <tessellate>1</tessellate>
            <coordinates>
              -93.114766,44.946552,0
              -93.115933,44.946554,0
              -93.116107,44.946554,0
            </coordinates>
          </LineString>
          <LineString>
            <tessellate>1</tessellate>
            <coordinates>
              -93.116107,44.946554,0
              -93.1171,44.94656,0
            </coordinates>
          </LineString>
          <LineString>
            <tessellate>1</tessellate>
            <coordinates>
              -93.1171,44.94656,0
              -93.118376,44.946568,0
              -93.118679,44.946569,0
            </coordinates>
          </LineString>
          <LineString>
            <tessellate>1</tessellate>
            <coordinates>
              -93.118679,44.946569,0
              -93.121058,44.94657,0
            </coordinates>
          </LineString>
          <LineString>
            <tessellate>1</tessellate>
            <coordinates>
              -93.126281,44.94657,0
              -93.126532,44.946571,0
              -93.128823,44.946579,0
            </coordinates>
          </LineString>
          <LineString>
            <tessellate>1</tessellate>
            <coordinates>
              -93.131367,44.946579,0
              -93.132653,44.946584,0
            </coordinates>
          </LineString>
          <LineString>
            <tessellate>1</tessellate>
            <coordinates>
              -93.132653,44.946584,0
              -93.132711,44.946584,0
              -93.133187,44.946586,0
            </coordinates>
          </LineString>
          <LineString>
            <tessellate>1</tessellate>
            <coordinates>
              -93.133187,44.946586,0
              -93.13481,44.946592,0
            </coordinates>
          </LineString>
          <LineString>
            <tessellate>1</tessellate>
            <coordinates>
              -93.136454,44.946604,0
              -93.136713,44.946603,0
              -93.139005,44.946599,0
            </coordinates>
          </LineString>
          <LineString>
            <tessellate>1</tessellate>
            <coordinates>
              -93.139005,44.946599,0
              -93.141422,44.946605,0
              -93.141542,44.946606,0
            </coordinates>
          </LineString>
          <LineString>
            <tessellate>1</tessellate>
            <coordinates>
              -93.141542,44.946606,0
              -93.144086,44.946613,0
            </coordinates>
          </LineString>
          <LineString>
            <tessellate>1</tessellate>
            <coordinates>
              -93.144086,44.946613,0
              -93.146406,44.946618,0
              -93.146428,44.946618,0
            </coordinates>
          </LineString>
          <LineString>
            <tessellate>1</tessellate>
            <coordinates>
              -93.146711,44.946619,0
              -93.149045,44.946622,0
              -93.149186,44.946622,0
            </coordinates>
          </LineString>
          <LineString>
            <tessellate>1</tessellate>
            <coordinates>
              -93.149186,44.946622,0
              -93.150892,44.946625,0
            </coordinates>
          </LineString>
          <LineString>
            <tessellate>1</tessellate>
            <coordinates>
              -93.150892,44.946625,0
              -93.151499,44.946626,0
              -93.151719,44.946626,0
            </coordinates>
          </LineString>
          <LineString>
            <tessellate>1</tessellate>
            <coordinates>
              -93.151719,44.946626,0
              -93.154275,44.94663,0
            </coordinates>
          </LineString>
          <LineString>
            <tessellate>1</tessellate>
            <coordinates>
              -93.154275,44.94663,0
              -93.15662,44.946649,0
            </coordinates>
          </LineString>
          <LineString>
            <tessellate>1</tessellate>
            <coordinates>
              -93.15662,44.946649,0
              -93.156642,44.94665,0
              -93.156808,44.946651,0
            </coordinates>
          </LineString>
          <LineString>
            <tessellate>1</tessellate>
            <coordinates>
              -93.156801,44.948674,0
              -93.156801,44.948727,0
              -93.156807,44.95075,0
              -93.156809,44.95132,0
            </coordinates>
          </LineString>
          <LineString>
            <tessellate>1</tessellate>
            <coordinates>
              -93.156812,44.952197,0
              -93.156814,44.952885,0
            </coordinates>
          </LineString>
          <LineString>
            <tessellate>1</tessellate>
            <coordinates>
              -93.156814,44.952885,0
              -93.156814,44.953108,0
              -93.156816,44.953892,0
            </coordinates>
          </LineString>
          <LineString>
            <tessellate>1</tessellate>
            <coordinates>
              -93.156816,44.953892,0
              -93.156821,44.955546,0
              -93.156821,44.955637,0
            </coordinates>
          </LineString>
        </MultiGeometry>
      </Placemark>
      <Placemark>
        <name>74</name>
        <description><![CDATA[description: <br>OBJECTID: 112<br>route: 74<br>routesort: 74<br>RouteDescription: 46th St - Randolph - W 7th St - E 7th St - Sunray<br>RouteOperator: M<br>EffectiveDate: 2026/03/14 00:00:00+00<br>payleavedirectionid: 0<br>routepayleave: 0<br>RouteClass: CoreLoc<br>IsPublic: 1<br>wk_ftrip: 03:25:00<br>wk_ltrip: 01:43:00<br>wk_span: 22:18:00<br>wk_trip_freq: 112<br>sat_ftrip: 03:31:00<br>sat_ltrip: 01:38:00<br>sat_span: 22:07:00<br>sat_trip_freq: 75<br>sun_ftrip: 03:31:00<br>sun_ltrip: 01:38:00<br>sun_span: 22:07:00<br>sun_trip_freq: 75<br>Shape__Length: 55130.0283013023]]></description>
        <styleUrl>#line-E65100-1200</styleUrl>
        <ExtendedData>
          <Data name="description">
            <value/>
          </Data>
          <Data name="OBJECTID">
            <value>112</value>
          </Data>
          <Data name="route">
            <value>74</value>
          </Data>
          <Data name="routesort">
            <value>74</value>
          </Data>
          <Data name="RouteDescription">
            <value>46th St - Randolph - W 7th St - E 7th St - Sunray</value>
          </Data>
          <Data name="RouteOperator">
            <value>M</value>
          </Data>
          <Data name="EffectiveDate">
            <value>2026/03/14 00:00:00+00</value>
          </Data>
          <Data name="payleavedirectionid">
            <value>0</value>
          </Data>
          <Data name="routepayleave">
            <value>0</value>
          </Data>
          <Data name="RouteClass">
            <value>CoreLoc</value>
          </Data>
          <Data name="IsPublic">
            <value>1</value>
          </Data>
          <Data name="wk_ftrip">
            <value>03:25:00</value>
          </Data>
          <Data name="wk_ltrip">
            <value>01:43:00</value>
          </Data>
          <Data name="wk_span">
            <value>22:18:00</value>
          </Data>
          <Data name="wk_trip_freq">
            <value>112</value>
          </Data>
          <Data name="sat_ftrip">
            <value>03:31:00</value>
          </Data>
          <Data name="sat_ltrip">
            <value>01:38:00</value>
          </Data>
          <Data name="sat_span">
            <value>22:07:00</value>
          </Data>
          <Data name="sat_trip_freq">
            <value>75</value>
          </Data>
          <Data name="sun_ftrip">
            <value>03:31:00</value>
          </Data>
          <Data name="sun_ltrip">
            <value>01:38:00</value>
          </Data>
          <Data name="sun_span">
            <value>22:07:00</value>
          </Data>
          <Data name="sun_trip_freq">
            <value>75</value>
          </Data>
          <Data name="Shape__Length">
            <value>55130.0283013023</value>
          </Data>
        </ExtendedData>
        <MultiGeometry>
          <LineString>
            <tessellate>1</tessellate>
            <coordinates>
              -93.220333,44.920011,0
              -93.220229,44.920079,0
              -93.220012,44.920134,0
              -93.219912,44.92016,0
              -93.219845,44.920187,0
              -93.219813,44.920217,0
              -93.219832,44.92027,0
              -93.219837,44.920277,0
              -93.219894,44.920347,0
              -93.220077,44.920622,0
              -93.220215,44.920829,0
              -93.22034,44.921015,0
              -93.220341,44.921017,0
              -93.220496,44.92125,0
              -93.2205,44.921255,0
              -93.220547,44.921291,0
              -93.220635,44.921315,0
              -93.2207,44.921313,0
              -93.220778,44.921288,0
              -93.220815,44.921246,0
              -93.220843,44.921211,0
              -93.220849,44.921149,0
              -93.220857,44.920923,0
              -93.220841,44.920868,0
              -93.220419,44.920254,0
              -93.220356,44.92009,0
              -93.220333,44.920011,0
            </coordinates>
          </LineString>
          <LineString>
            <tessellate>1</tessellate>
            <coordinates>
              -93.220333,44.920011,0
              -93.220363,44.919933,0
              -93.220383,44.919854,0
              -93.220394,44.919773,0
              -93.220394,44.919692,0
              -93.219079,44.919682,0
              -93.218773,44.919675,0
              -93.218558,44.919672,0
              -93.217879,44.919672,0
            </coordinates>
          </LineString>
          <LineString>
            <tessellate>1</tessellate>
            <coordinates>
              -93.217879,44.919672,0
              -93.216622,44.919677,0
              -93.216522,44.919677,0
            </coordinates>
          </LineString>
          <LineString>
            <tessellate>1</tessellate>
            <coordinates>
              -93.216522,44.919677,0
              -93.215727,44.919633,0
              -93.21519,44.919631,0
              -93.215013,44.919633,0
              -93.214784,44.919635,0
              -93.214029,44.919638,0
              -93.212929,44.919651,0
              -93.212755,44.919653,0
              -93.211466,44.91966,0
              -93.210363,44.919668,0
              -93.210196,44.919669,0
              -93.208922,44.91968,0
              -93.208257,44.919685,0
              -93.207978,44.919684,0
              -93.207838,44.91967,0
              -93.20782,44.919668,0
              -93.207657,44.919645,0
              -93.207564,44.919626,0
              -93.207467,44.919599,0
              -93.207395,44.919575,0
              -93.207329,44.91955,0
              -93.207254,44.919517,0
              -93.207181,44.91948,0
              -93.207081,44.91942,0
              -93.207009,44.919376,0
              -93.206951,44.919337,0
              -93.206843,44.919237,0
              -93.206736,44.919117,0
              -93.20654,44.918931,0
            </coordinates>
          </LineString>
          <LineString>
            <tessellate>1</tessellate>
            <coordinates>
              -93.20654,44.918931,0
              -93.206445,44.918793,0
              -93.206374,44.918697,0
              -93.206293,44.918605,0
              -93.206205,44.918517,0
              -93.206109,44.918433,0
              -93.206005,44.918353,0
              -93.205894,44.918279,0
              -93.205777,44.91821,0
              -93.205653,44.918146,0
              -93.205525,44.918088,0
              -93.20539,44.918037,0
              -93.205252,44.917991,0
              -93.20511,44.917952,0
              -93.204964,44.91792,0
              -93.204816,44.917894,0
              -93.204666,44.917876,0
              -93.204515,44.917864,0
              -93.204362,44.91786,0
              -93.201495,44.917875,0
              -93.198822,44.917882,0
              -93.198456,44.917883,0
            </coordinates>
          </LineString>
          <LineString>
            <tessellate>1</tessellate>
            <coordinates>
              -93.198456,44.917883,0
              -93.198023,44.91785,0
              -93.197637,44.917843,0
              -93.196955,44.917839,0
              -93.19593,44.917851,0
              -93.195493,44.917856,0
              -93.192684,44.917861,0
              -93.192476,44.917861,0
              -93.189908,44.917874,0
              -93.188937,44.917875,0
              -93.187379,44.917876,0
              -93.187379,44.917967,0
            </coordinates>
          </LineString>
          <LineString>
            <tessellate>1</tessellate>
            <coordinates>
              -93.187379,44.917967,0
              -93.187372,44.918889,0
            </coordinates>
          </LineString>
          <LineString>
            <tessellate>1</tessellate>
            <coordinates>
              -93.187372,44.918889,0
              -93.187376,44.919171,0
              -93.187386,44.919753,0
            </coordinates>
          </LineString>
          <LineString>
            <tessellate>1</tessellate>
            <coordinates>
              -93.187386,44.919753,0
              -93.187385,44.919844,0
            </coordinates>
          </LineString>
          <LineString>
            <tessellate>1</tessellate>
            <coordinates>
              -93.187385,44.919844,0
              -93.187377,44.92071,0
            </coordinates>
          </LineString>
          <LineString>
            <tessellate>1</tessellate>
            <coordinates>
              -93.187377,44.92071,0
              -93.187371,44.921621,0
              -93.187371,44.921974,0
              -93.187371,44.922089,0
              -93.187371,44.922526,0
              -93.187371,44.922638,0
              -93.187371,44.923344,0
              -93.187371,44.923431,0
            </coordinates>
          </LineString>
          <LineString>
            <tessellate>1</tessellate>
            <coordinates>
              -93.187371,44.923431,0
              -93.187372,44.924342,0
            </coordinates>
          </LineString>
          <LineString>
            <tessellate>1</tessellate>
            <coordinates>
              -93.187372,44.924342,0
              -93.187372,44.925156,0
              -93.187372,44.925251,0
              -93.187372,44.92538,0
              -93.187372,44.926167,0
              -93.187372,44.926708,0
              -93.187372,44.926777,0
              -93.187372,44.927064,0
              -93.184831,44.927055,0
            </coordinates>
          </LineString>
          <LineString>
            <tessellate>1</tessellate>
            <coordinates>
              -93.184831,44.927055,0
              -93.184504,44.927054,0
              -93.184271,44.927053,0
            </coordinates>
          </LineString>
          <LineString>
            <tessellate>1</tessellate>
            <coordinates>
              -93.184271,44.927053,0
              -93.182433,44.927047,0
              -93.182287,44.927046,0
            </coordinates>
          </LineString>
          <LineString>
            <tessellate>1</tessellate>
            <coordinates>
              -93.182287,44.927046,0
              -93.181414,44.927043,0
            </coordinates>
          </LineString>
          <LineString>
            <tessellate>1</tessellate>
            <coordinates>
              -93.181414,44.927043,0
              -93.179864,44.927038,0
              -93.179752,44.927037,0
            </coordinates>
          </LineString>
          <LineString>
            <tessellate>1</tessellate>
            <coordinates>
              -93.179752,44.927037,0
              -93.178191,44.927032,0
            </coordinates>
          </LineString>
          <LineString>
            <tessellate>1</tessellate>
            <coordinates>
              -93.178191,44.927032,0
              -93.177398,44.927029,0
              -93.177202,44.927028,0
            </coordinates>
          </LineString>
          <LineString>
            <tessellate>1</tessellate>
            <coordinates>
              -93.177202,44.927028,0
              -93.175818,44.927023,0
            </coordinates>
          </LineString>
          <LineString>
            <tessellate>1</tessellate>
            <coordinates>
              -93.175818,44.927023,0
              -93.174773,44.927019,0
              -93.174658,44.927018,0
            </coordinates>
          </LineString>
          <LineString>
            <tessellate>1</tessellate>
            <coordinates>
              -93.174658,44.927018,0
              -93.173321,44.927013,0
            </coordinates>
          </LineString>
          <LineString>
            <tessellate>1</tessellate>
            <coordinates>
              -93.173321,44.927013,0
              -93.172233,44.927009,0
              -93.172119,44.927008,0
            </coordinates>
          </LineString>
          <LineString>
            <tessellate>1</tessellate>
            <coordinates>
              -93.172119,44.927008,0
              -93.169699,44.926998,0
              -93.169574,44.926998,0
            </coordinates>
          </LineString>
          <LineString>
            <tessellate>1</tessellate>
            <coordinates>
              -93.169574,44.926998,0
              -93.168386,44.926993,0
            </coordinates>
          </LineString>
          <LineString>
            <tessellate>1</tessellate>
            <coordinates>
              -93.168386,44.926993,0
              -93.167284,44.926989,0
              -93.167025,44.926988,0
            </coordinates>
          </LineString>
          <LineString>
            <tessellate>1</tessellate>
            <coordinates>
              -93.167025,44.926988,0
              -93.165702,44.926971,0
            </coordinates>
          </LineString>
          <LineString>
            <tessellate>1</tessellate>
            <coordinates>
              -93.165702,44.926971,0
              -93.165358,44.926972,0
              -93.164473,44.926974,0
            </coordinates>
          </LineString>
          <LineString>
            <tessellate>1</tessellate>
            <coordinates>
              -93.164473,44.926974,0
              -93.163208,44.92698,0
              -93.161933,44.926972,0
            </coordinates>
          </LineString>
          <LineString>
            <tessellate>1</tessellate>
            <coordinates>
              -93.161933,44.926972,0
              -93.161709,44.926971,0
              -93.159376,44.926967,0
            </coordinates>
          </LineString>
          <LineString>
            <tessellate>1</tessellate>
            <coordinates>
              -93.159376,44.926967,0
              -93.158962,44.926965,0
            </coordinates>
          </LineString>
          <LineString>
            <tessellate>1</tessellate>
            <coordinates>
              -93.158962,44.926965,0
              -93.158859,44.926965,0
              -93.158435,44.926964,0
            </coordinates>
          </LineString>
          <LineString>
            <tessellate>1</tessellate>
            <coordinates>
              -93.158435,44.926964,0
              -93.157021,44.926962,0
              -93.156838,44.926961,0
            </coordinates>
          </LineString>
          <LineString>
            <tessellate>1</tessellate>
            <coordinates>
              -93.156838,44.926961,0
              -93.156235,44.92696,0
            </coordinates>
          </LineString>
          <LineString>
            <tessellate>1</tessellate>
            <coordinates>
              -93.156235,44.92696,0
              -93.15447,44.926958,0
              -93.15427,44.926957,0
            </coordinates>
          </LineString>
          <LineString>
            <tessellate>1</tessellate>
            <coordinates>
              -93.15427,44.926957,0
              -93.15172,44.926951,0
            </coordinates>
          </LineString>
          <LineString>
            <tessellate>1</tessellate>
            <coordinates>
              -93.15172,44.926951,0
              -93.150292,44.926947,0
            </coordinates>
          </LineString>
          <LineString>
            <tessellate>1</tessellate>
            <coordinates>
              -93.150292,44.926947,0
              -93.150061,44.926947,0
            </coordinates>
          </LineString>
          <LineString>
            <tessellate>1</tessellate>
            <coordinates>
              -93.150061,44.926947,0
              -93.149704,44.926946,0
              -93.148668,44.926943,0
            </coordinates>
          </LineString>
          <LineString>
            <tessellate>1</tessellate>
            <coordinates>
              -93.148668,44.926943,0
              -93.146916,44.926938,0
            </coordinates>
          </LineString>
          <LineString>
            <tessellate>1</tessellate>
            <coordinates>
              -93.146916,44.926938,0
              -93.14686,44.926931,0
              -93.146603,44.926899,0
            </coordinates>
          </LineString>
          <LineString>
            <tessellate>1</tessellate>
            <coordinates>
              -93.146603,44.926899,0
              -93.145432,44.926886,0
              -93.144956,44.926882,0
              -93.14475,44.926881,0
              -93.144545,44.926879,0
              -93.144083,44.926875,0
              -93.14395,44.926874,0
              -93.143611,44.926924,0
            </coordinates>
          </LineString>
          <LineString>
            <tessellate>1</tessellate>
            <coordinates>
              -93.143611,44.926924,0
              -93.141699,44.926915,0
              -93.141554,44.926914,0
            </coordinates>
          </LineString>
          <LineString>
            <tessellate>1</tessellate>
            <coordinates>
              -93.141554,44.926914,0
              -93.14047,44.926909,0
            </coordinates>
          </LineString>
          <LineString>
            <tessellate>1</tessellate>
            <coordinates>
              -93.14047,44.926909,0
              -93.13921,44.926904,0
              -93.13899,44.926902,0
            </coordinates>
          </LineString>
          <LineString>
            <tessellate>1</tessellate>
            <coordinates>
              -93.13899,44.926902,0
              -93.136716,44.926892,0
            </coordinates>
          </LineString>
          <LineString>
            <tessellate>1</tessellate>
            <coordinates>
              -93.136716,44.926892,0
              -93.136605,44.926891,0
              -93.136413,44.92689,0
            </coordinates>
          </LineString>
          <LineString>
            <tessellate>1</tessellate>
            <coordinates>
              -93.136413,44.92689,0
              -93.135529,44.926887,0
            </coordinates>
          </LineString>
          <LineString>
            <tessellate>1</tessellate>
            <coordinates>
              -93.135529,44.926887,0
              -93.134334,44.926881,0
            </coordinates>
          </LineString>
          <LineString>
            <tessellate>1</tessellate>
            <coordinates>
              -93.134334,44.926881,0
              -93.133272,44.926876,0
              -93.133102,44.926875,0
            </coordinates>
          </LineString>
          <LineString>
            <tessellate>1</tessellate>
            <coordinates>
              -93.133102,44.926875,0
              -93.130831,44.926865,0
              -93.130672,44.926864,0
            </coordinates>
          </LineString>
          <LineString>
            <tessellate>1</tessellate>
            <coordinates>
              -93.130672,44.926864,0
              -93.128689,44.926855,0
              -93.128215,44.926852,0
            </coordinates>
          </LineString>
          <LineString>
            <tessellate>1</tessellate>
            <coordinates>
              -93.128215,44.926852,0
              -93.127978,44.926851,0
            </coordinates>
          </LineString>
          <LineString>
            <tessellate>1</tessellate>
            <coordinates>
              -93.127978,44.926851,0
              -93.126679,44.927722,0
            </coordinates>
          </LineString>
          <LineString>
            <tessellate>1</tessellate>
            <coordinates>
              -93.126679,44.927722,0
              -93.125969,44.92822,0
              -93.125704,44.928406,0
            </coordinates>
          </LineString>
          <LineString>
            <tessellate>1</tessellate>
            <coordinates>
              -93.125704,44.928406,0
              -93.124682,44.929101,0
              -93.124623,44.929141,0
            </coordinates>
          </LineString>
          <LineString>
            <tessellate>1</tessellate>
            <coordinates>
              -93.124623,44.929141,0
              -93.124417,44.929291,0
            </coordinates>
          </LineString>
          <LineString>
            <tessellate>1</tessellate>
            <coordinates>
              -93.124417,44.929291,0
              -93.123193,44.93012,0
            </coordinates>
          </LineString>
          <LineString>
            <tessellate>1</tessellate>
            <coordinates>
              -93.123193,44.93012,0
              -93.122719,44.930445,0
            </coordinates>
          </LineString>
          <LineString>
            <tessellate>1</tessellate>
            <coordinates>
              -93.122719,44.930445,0
              -93.122587,44.930536,0
              -93.122476,44.930612,0
            </coordinates>
          </LineString>
          <LineString>
            <tessellate>1</tessellate>
            <coordinates>
              -93.122476,44.930612,0
              -93.121997,44.930915,0
              -93.119881,44.932376,0
            </coordinates>
          </LineString>
          <LineString>
            <tessellate>1</tessellate>
            <coordinates>
              -93.119881,44.932376,0
              -93.117411,44.934073,0
              -93.117348,44.934116,0
            </coordinates>
          </LineString>
          <LineString>
            <tessellate>1</tessellate>
            <coordinates>
              -93.117348,44.934116,0
              -93.116833,44.934453,0
            </coordinates>
          </LineString>
          <LineString>
            <tessellate>1</tessellate>
            <coordinates>
              -93.116833,44.934453,0
              -93.116266,44.934823,0
              -93.115987,44.935006,0
            </coordinates>
          </LineString>
          <LineString>
            <tessellate>1</tessellate>
            <coordinates>
              -93.115987,44.935006,0
              -93.115277,44.9355,0
            </coordinates>
          </LineString>
          <LineString>
            <tessellate>1</tessellate>
            <coordinates>
              -93.115277,44.9355,0
              -93.114359,44.936126,0
              -93.114101,44.936302,0
            </coordinates>
          </LineString>
          <LineString>
            <tessellate>1</tessellate>
            <coordinates>
              -93.114101,44.936302,0
              -93.112789,44.937197,0
              -93.112513,44.937385,0
            </coordinates>
          </LineString>
          <LineString>
            <tessellate>1</tessellate>
            <coordinates>
              -93.112513,44.937385,0
              -93.111857,44.937833,0
            </coordinates>
          </LineString>
          <LineString>
            <tessellate>1</tessellate>
            <coordinates>
              -93.111857,44.937833,0
              -93.111038,44.938393,0
              -93.110199,44.93896,0
            </coordinates>
          </LineString>
          <LineString>
            <tessellate>1</tessellate>
            <coordinates>
              -93.110199,44.93896,0
              -93.1096,44.939364,0
              -93.109361,44.939524,0
            </coordinates>
          </LineString>
          <LineString>
            <tessellate>1</tessellate>
            <coordinates>
              -93.109361,44.939524,0
              -93.108489,44.940123,0
            </coordinates>
          </LineString>
          <LineString>
            <tessellate>1</tessellate>
            <coordinates>
              -93.108489,44.940123,0
              -93.107712,44.940645,0
              -93.106761,44.94131,0
              -93.10668,44.941368,0
              -93.106279,44.941655,0
            </coordinates>
          </LineString>
          <LineString>
            <tessellate>1</tessellate>
            <coordinates>
              -93.106279,44.941655,0
              -93.106195,44.941722,0
              -93.105183,44.942533,0
            </coordinates>
          </LineString>
          <LineString>
            <tessellate>1</tessellate>
            <coordinates>
              -93.105183,44.942533,0
              -93.104235,44.943292,0
              -93.104089,44.943409,0
            </coordinates>
          </LineString>
          <LineString>
            <tessellate>1</tessellate>
            <coordinates>
              -93.104089,44.943409,0
              -93.10326,44.944067,0
            </coordinates>
          </LineString>
          <LineString>
            <tessellate>1</tessellate>
            <coordinates>
              -93.10326,44.944067,0
              -93.10275,44.94455,0
              -93.102667,44.944638,0
              -93.102191,44.945167,0
              -93.102049,44.945301,0
              -93.1019,44.945431,0
              -93.101748,44.945559,0
              -93.101675,44.945588,0
              -93.101598,44.945611,0
              -93.101518,44.94563,0
              -93.101436,44.945642,0
              -93.101353,44.945649,0
              -93.10127,44.94565,0
              -93.101186,44.945646,0
              -93.101104,44.945636,0
              -93.100995,44.945586,0
              -93.100885,44.945543,0
              -93.100883,44.945542,0
              -93.100767,44.945503,0
              -93.100648,44.945469,0
              -93.100526,44.945441,0
              -93.100401,44.945418,0
              -93.100275,44.945402,0
              -93.097562,44.94512,0
              -93.097006,44.945132,0
              -93.096623,44.94514,0
              -93.095842,44.945162,0
              -93.095637,44.945142,0
              -93.095452,44.945195,0
              -93.094454,44.945691,0
              -93.093202,44.946264,0
              -93.092144,44.946787,0
              -93.092046,44.946835,0
              -93.09082,44.947416,0
              -93.089634,44.94798,0
              -93.089486,44.948049,0
              -93.088124,44.948713,0
              -93.086968,44.94926,0
              -93.087374,44.949689,0
              -93.087734,44.95007,0
            </coordinates>
          </LineString>
          <LineString>
            <tessellate>1</tessellate>
            <coordinates>
              -93.087734,44.95007,0
              -93.088569,44.95091,0
              -93.087523,44.951407,0
              -93.087417,44.951458,0
            </coordinates>
          </LineString>
          <LineString>
            <tessellate>1</tessellate>
            <coordinates>
              -93.087417,44.951458,0
              -93.08702,44.951701,0
              -93.086735,44.951988,0
              -93.086616,44.952107,0
              -93.086339,44.952383,0
              -93.086244,44.952461,0
              -93.086141,44.952534,0
              -93.086031,44.952602,0
              -93.085915,44.952664,0
              -93.085793,44.95272,0
              -93.085666,44.95277,0
            </coordinates>
          </LineString>
          <LineString>
            <tessellate>1</tessellate>
            <coordinates>
              -93.085666,44.95277,0
              -93.085534,44.952814,0
            </coordinates>
          </LineString>
          <LineString>
            <tessellate>1</tessellate>
            <coordinates>
              -93.085534,44.952814,0
              -93.085399,44.952852,0
              -93.08526,44.952882,0
              -93.085147,44.952902,0
              -93.084948,44.952926,0
              -93.084751,44.952957,0
              -93.084555,44.952995,0
              -93.084363,44.953039,0
              -93.084174,44.95309,0
              -93.084044,44.953129,0
              -93.083917,44.953171,0
              -93.083791,44.953217,0
              -93.083316,44.953418,0
              -93.083284,44.953435,0
            </coordinates>
          </LineString>
          <LineString>
            <tessellate>1</tessellate>
            <coordinates>
              -93.083284,44.953435,0
              -93.082798,44.953689,0
              -93.082436,44.953879,0
            </coordinates>
          </LineString>
          <LineString>
            <tessellate>1</tessellate>
            <coordinates>
              -93.082436,44.953879,0
              -93.082075,44.954053,0
            </coordinates>
          </LineString>
          <LineString>
            <tessellate>1</tessellate>
            <coordinates>
              -93.082075,44.954053,0
              -93.081583,44.954291,0
            </coordinates>
          </LineString>
          <LineString>
            <tessellate>1</tessellate>
            <coordinates>
              -93.081583,44.954291,0
              -93.080877,44.954656,0
              -93.080735,44.95473,0
            </coordinates>
          </LineString>
          <LineString>
            <tessellate>1</tessellate>
            <coordinates>
              -93.080735,44.95473,0
              -93.079846,44.955161,0
            </coordinates>
          </LineString>
          <LineString>
            <tessellate>1</tessellate>
            <coordinates>
              -93.079846,44.955161,0
              -93.07959,44.955285,0
              -93.078327,44.955898,0
            </coordinates>
          </LineString>
          <LineString>
            <tessellate>1</tessellate>
            <coordinates>
              -93.078327,44.955898,0
              -93.077866,44.95612,0
              -93.076387,44.956835,0
            </coordinates>
          </LineString>
          <LineString>
            <tessellate>1</tessellate>
            <coordinates>
              -93.076387,44.956835,0
              -93.075938,44.957036,0
              -93.075828,44.957086,0
            </coordinates>
          </LineString>
          <LineString>
            <tessellate>1</tessellate>
            <coordinates>
              -93.075828,44.957086,0
              -93.073907,44.958019,0
              -93.073781,44.95808,0
            </coordinates>
          </LineString>
          <LineString>
            <tessellate>1</tessellate>
            <coordinates>
              -93.073781,44.95808,0
              -93.072313,44.958793,0
              -93.072193,44.958851,0
            </coordinates>
          </LineString>
          <LineString>
            <tessellate>1</tessellate>
            <coordinates>
              -93.072193,44.958851,0
              -93.071306,44.959283,0
            </coordinates>
          </LineString>
          <LineString>
            <tessellate>1</tessellate>
            <coordinates>
              -93.071306,44.959283,0
              -93.071037,44.959415,0
              -93.07035,44.959746,0
              -93.069709,44.960057,0
              -93.069706,44.960058,0
            </coordinates>
          </LineString>
          <LineString>
            <tessellate>1</tessellate>
            <coordinates>
              -93.069706,44.960058,0
              -93.069507,44.960155,0
              -93.069405,44.960204,0
            </coordinates>
          </LineString>
          <LineString>
            <tessellate>1</tessellate>
            <coordinates>
              -93.069405,44.960204,0
              -93.068349,44.960717,0
              -93.06823,44.960775,0
            </coordinates>
          </LineString>
          <LineString>
            <tessellate>1</tessellate>
            <coordinates>
              -93.06823,44.960775,0
              -93.067408,44.961174,0
            </coordinates>
          </LineString>
          <LineString>
            <tessellate>1</tessellate>
            <coordinates>
              -93.067408,44.961174,0
              -93.067274,44.961239,0
            </coordinates>
          </LineString>
          <LineString>
            <tessellate>1</tessellate>
            <coordinates>
              -93.067274,44.961239,0
              -93.066154,44.961796,0
              -93.065891,44.961926,0
            </coordinates>
          </LineString>
          <LineString>
            <tessellate>1</tessellate>
            <coordinates>
              -93.065891,44.961926,0
              -93.065425,44.962139,0
            </coordinates>
          </LineString>
          <LineString>
            <tessellate>1</tessellate>
            <coordinates>
              -93.065425,44.962139,0
              -93.064903,44.962392,0
            </coordinates>
          </LineString>
          <LineString>
            <tessellate>1</tessellate>
            <coordinates>
              -93.064903,44.962392,0
              -93.064505,44.962586,0
              -93.063528,44.96306,0
            </coordinates>
          </LineString>
          <LineString>
            <tessellate>1</tessellate>
            <coordinates>
              -93.063528,44.96306,0
              -93.061132,44.963048,0
              -93.060975,44.963048,0
            </coordinates>
          </LineString>
          <LineString>
            <tessellate>1</tessellate>
            <coordinates>
              -93.060975,44.963048,0
              -93.058546,44.963042,0
              -93.058429,44.963041,0
            </coordinates>
          </LineString>
          <LineString>
            <tessellate>1</tessellate>
            <coordinates>
              -93.058429,44.963041,0
              -93.057435,44.963039,0
            </coordinates>
          </LineString>
          <LineString>
            <tessellate>1</tessellate>
            <coordinates>
              -93.057435,44.963039,0
              -93.056049,44.963036,0
              -93.055871,44.963035,0
            </coordinates>
          </LineString>
          <LineString>
            <tessellate>1</tessellate>
            <coordinates>
              -93.055871,44.963035,0
              -93.055667,44.963036,0
            </coordinates>
          </LineString>
          <LineString>
            <tessellate>1</tessellate>
            <coordinates>
              -93.055667,44.963036,0
              -93.05348,44.963052,0
              -93.053329,44.963054,0
            </coordinates>
          </LineString>
          <LineString>
            <tessellate>1</tessellate>
            <coordinates>
              -93.053329,44.963054,0
              -93.051915,44.963064,0
            </coordinates>
          </LineString>
          <LineString>
            <tessellate>1</tessellate>
            <coordinates>
              -93.050787,44.963072,0
              -93.050926,44.963071,0
              -93.051915,44.963064,0
            </coordinates>
          </LineString>
          <LineString>
            <tessellate>1</tessellate>
            <coordinates>
              -93.050787,44.963072,0
              -93.048249,44.96309,0
            </coordinates>
          </LineString>
          <LineString>
            <tessellate>1</tessellate>
            <coordinates>
              -93.048249,44.96309,0
              -93.048248,44.963232,0
            </coordinates>
          </LineString>
          <LineString>
            <tessellate>1</tessellate>
            <coordinates>
              -93.048248,44.963232,0
              -93.048247,44.963282,0
              -93.048236,44.964023,0
            </coordinates>
          </LineString>
          <LineString>
            <tessellate>1</tessellate>
            <coordinates>
              -93.048236,44.964023,0
              -93.048233,44.964808,0
              -93.048233,44.964919,0
            </coordinates>
          </LineString>
          <LineString>
            <tessellate>1</tessellate>
            <coordinates>
              -93.048233,44.964919,0
              -93.04824,44.965563,0
            </coordinates>
          </LineString>
          <LineString>
            <tessellate>1</tessellate>
            <coordinates>
              -93.048242,44.965838,0
              -93.04824,44.965563,0
            </coordinates>
          </LineString>
          <LineString>
            <tessellate>1</tessellate>
            <coordinates>
              -93.048242,44.965838,0
              -93.048247,44.966551,0
              -93.048248,44.966706,0
            </coordinates>
          </LineString>
          <LineString>
            <tessellate>1</tessellate>
            <coordinates>
              -93.048248,44.966706,0
              -93.047087,44.966711,0
              -93.046973,44.966711,0
            </coordinates>
          </LineString>
          <LineString>
            <tessellate>1</tessellate>
            <coordinates>
              -93.046973,44.966711,0
              -93.045481,44.96671,0
            </coordinates>
          </LineString>
          <LineString>
            <tessellate>1</tessellate>
            <coordinates>
              -93.045481,44.96671,0
              -93.045194,44.966712,0
              -93.045003,44.966713,0
            </coordinates>
          </LineString>
          <LineString>
            <tessellate>1</tessellate>
            <coordinates>
              -93.042653,44.966713,0
              -93.043671,44.966713,0
              -93.04381,44.966713,0
              -93.044834,44.966713,0
              -93.045003,44.966713,0
            </coordinates>
          </LineString>
          <LineString>
            <tessellate>1</tessellate>
            <coordinates>
              -93.042653,44.966713,0
              -93.040596,44.966712,0
            </coordinates>
          </LineString>
          <LineString>
            <tessellate>1</tessellate>
            <coordinates>
              -93.040451,44.966712,0
              -93.040596,44.966712,0
            </coordinates>
          </LineString>
          <LineString>
            <tessellate>1</tessellate>
            <coordinates>
              -93.040451,44.966712,0
              -93.040182,44.966712,0
              -93.037911,44.966711,0
            </coordinates>
          </LineString>
          <LineString>
            <tessellate>1</tessellate>
            <coordinates>
              -93.035524,44.966711,0
              -93.035665,44.966711,0
              -93.037911,44.966711,0
            </coordinates>
          </LineString>
          <LineString>
            <tessellate>1</tessellate>
            <coordinates>
              -93.035524,44.966711,0
              -93.033089,44.966705,0
              -93.032947,44.966705,0
            </coordinates>
          </LineString>
          <LineString>
            <tessellate>1</tessellate>
            <coordinates>
              -93.032947,44.966705,0
              -93.03222,44.966703,0
            </coordinates>
          </LineString>
          <LineString>
            <tessellate>1</tessellate>
            <coordinates>
              -93.03222,44.966703,0
              -93.030558,44.9667,0
              -93.030398,44.966699,0
            </coordinates>
          </LineString>
          <LineString>
            <tessellate>1</tessellate>
            <coordinates>
              -93.030398,44.966699,0
              -93.027982,44.966694,0
              -93.027853,44.966694,0
            </coordinates>
          </LineString>
          <LineString>
            <tessellate>1</tessellate>
            <coordinates>
              -93.027853,44.966694,0
              -93.025503,44.966688,0
              -93.025301,44.966688,0
            </coordinates>
          </LineString>
          <LineString>
            <tessellate>1</tessellate>
            <coordinates>
              -93.025301,44.966688,0
              -93.02479,44.966688,0
            </coordinates>
          </LineString>
          <LineString>
            <tessellate>1</tessellate>
            <coordinates>
              -93.02479,44.966688,0
              -93.022916,44.966686,0
              -93.022761,44.966685,0
            </coordinates>
          </LineString>
          <LineString>
            <tessellate>1</tessellate>
            <coordinates>
              -93.022761,44.966685,0
              -93.022266,44.966685,0
            </coordinates>
          </LineString>
          <LineString>
            <tessellate>1</tessellate>
            <coordinates>
              -93.022266,44.966685,0
              -93.020378,44.966683,0
            </coordinates>
          </LineString>
          <LineString>
            <tessellate>1</tessellate>
            <coordinates>
              -93.020241,44.966683,0
              -93.020378,44.966683,0
            </coordinates>
          </LineString>
          <LineString>
            <tessellate>1</tessellate>
            <coordinates>
              -93.020253,44.963074,0
              -93.02025,44.963976,0
              -93.020247,44.964872,0
              -93.020241,44.966683,0
            </coordinates>
          </LineString>
          <LineString>
            <tessellate>1</tessellate>
            <coordinates>
              -93.020253,44.963074,0
              -93.019921,44.963073,0
              -93.019273,44.963072,0
            </coordinates>
          </LineString>
          <LineString>
            <tessellate>1</tessellate>
            <coordinates>
              -93.015187,44.963065,0
              -93.019273,44.963072,0
            </coordinates>
          </LineString>
          <LineString>
            <tessellate>1</tessellate>
            <coordinates>
              -93.015187,44.963065,0
              -93.015186,44.962865,0
              -93.015184,44.962474,0
            </coordinates>
          </LineString>
          <LineString>
            <tessellate>1</tessellate>
            <coordinates>
              -93.015184,44.962474,0
              -93.01518,44.96141,0
              -93.01518,44.961274,0
            </coordinates>
          </LineString>
          <LineString>
            <tessellate>1</tessellate>
            <coordinates>
              -93.01518,44.961274,0
              -93.015177,44.960859,0
            </coordinates>
          </LineString>
          <LineString>
            <tessellate>1</tessellate>
            <coordinates>
              -93.015177,44.960859,0
              -93.015168,44.959589,0
              -93.015167,44.959467,0
            </coordinates>
          </LineString>
          <LineString>
            <tessellate>1</tessellate>
            <coordinates>
              -93.015167,44.959467,0
              -93.015162,44.95856,0
            </coordinates>
          </LineString>
          <LineString>
            <tessellate>1</tessellate>
            <coordinates>
              -93.015162,44.95856,0
              -93.015158,44.957764,0
              -93.015157,44.957635,0
            </coordinates>
          </LineString>
          <LineString>
            <tessellate>1</tessellate>
            <coordinates>
              -93.015157,44.957635,0
              -93.015152,44.956736,0
            </coordinates>
          </LineString>
          <LineString>
            <tessellate>1</tessellate>
            <coordinates>
              -93.015152,44.956736,0
              -93.015148,44.955986,0
              -93.015148,44.95587,0
            </coordinates>
          </LineString>
          <LineString>
            <tessellate>1</tessellate>
            <coordinates>
              -93.015148,44.95587,0
              -93.015138,44.954076,0
            </coordinates>
          </LineString>
          <LineString>
            <tessellate>1</tessellate>
            <coordinates>
              -93.015138,44.954076,0
              -93.015133,44.952579,0
            </coordinates>
          </LineString>
          <LineString>
            <tessellate>1</tessellate>
            <coordinates>
              -93.015133,44.952579,0
              -93.015017,44.952573,0
              -93.014903,44.95256,0
              -93.014791,44.952542,0
              -93.01468,44.952518,0
              -93.014572,44.952488,0
              -93.014468,44.952452,0
              -93.014368,44.952411,0
              -93.014272,44.952365,0
              -93.014181,44.952314,0
              -93.014096,44.952258,0
              -93.013697,44.95203,0
              -93.01345,44.951891,0
              -93.013332,44.95184,0
              -93.013202,44.951786,0
              -93.013103,44.951752,0
              -93.012965,44.951711,0
              -93.012843,44.951679,0
              -93.012735,44.951655,0
              -93.012593,44.951628,0
              -93.012601,44.95279,0
              -93.012602,44.952918,0
              -93.012605,44.953394,0
              -93.012606,44.953609,0
              -93.012608,44.953847,0
              -93.012609,44.954064,0
              -93.014959,44.954075,0
              -93.015138,44.954076,0
            </coordinates>
          </LineString>
          <LineString>
            <tessellate>1</tessellate>
            <coordinates>
              -93.015138,44.954076,0
              -93.015147,44.955702,0
              -93.015148,44.95587,0
            </coordinates>
          </LineString>
          <LineString>
            <tessellate>1</tessellate>
            <coordinates>
              -93.015148,44.95587,0
              -93.015152,44.956736,0
            </coordinates>
          </LineString>
          <LineString>
            <tessellate>1</tessellate>
            <coordinates>
              -93.015152,44.956736,0
              -93.015156,44.957509,0
              -93.015157,44.957635,0
            </coordinates>
          </LineString>
          <LineString>
            <tessellate>1</tessellate>
            <coordinates>
              -93.015157,44.957635,0
              -93.015162,44.95856,0
            </coordinates>
          </LineString>
          <LineString>
            <tessellate>1</tessellate>
            <coordinates>
              -93.015162,44.95856,0
              -93.015166,44.959353,0
              -93.015167,44.959467,0
            </coordinates>
          </LineString>
          <LineString>
            <tessellate>1</tessellate>
            <coordinates>
              -93.015167,44.959467,0
              -93.015177,44.960859,0
            </coordinates>
          </LineString>
          <LineString>
            <tessellate>1</tessellate>
            <coordinates>
              -93.015177,44.960859,0
              -93.015179,44.96113,0
              -93.01518,44.961274,0
            </coordinates>
          </LineString>
          <LineString>
            <tessellate>1</tessellate>
            <coordinates>
              -93.01518,44.961274,0
              -93.015184,44.962474,0
            </coordinates>
          </LineString>
          <LineString>
            <tessellate>1</tessellate>
            <coordinates>
              -93.015184,44.962474,0
              -93.015186,44.962915,0
              -93.015187,44.963065,0
            </coordinates>
          </LineString>
          <LineString>
            <tessellate>1</tessellate>
            <coordinates>
              -93.019273,44.963072,0
              -93.020072,44.963074,0
              -93.020253,44.963074,0
            </coordinates>
          </LineString>
          <LineString>
            <tessellate>1</tessellate>
            <coordinates>
              -93.020378,44.966683,0
              -93.020885,44.966683,0
              -93.022266,44.966685,0
            </coordinates>
          </LineString>
          <LineString>
            <tessellate>1</tessellate>
            <coordinates>
              -93.022266,44.966685,0
              -93.02233,44.966685,0
            </coordinates>
          </LineString>
          <LineString>
            <tessellate>1</tessellate>
            <coordinates>
              -93.02233,44.966685,0
              -93.022628,44.966685,0
              -93.022761,44.966685,0
            </coordinates>
          </LineString>
          <LineString>
            <tessellate>1</tessellate>
            <coordinates>
              -93.022761,44.966685,0
              -93.02479,44.966688,0
            </coordinates>
          </LineString>
          <LineString>
            <tessellate>1</tessellate>
            <coordinates>
              -93.02479,44.966688,0
              -93.025128,44.966688,0
              -93.025301,44.966688,0
            </coordinates>
          </LineString>
          <LineString>
            <tessellate>1</tessellate>
            <coordinates>
              -93.025301,44.966688,0
              -93.027724,44.966694,0
              -93.027853,44.966694,0
            </coordinates>
          </LineString>
          <LineString>
            <tessellate>1</tessellate>
            <coordinates>
              -93.027853,44.966694,0
              -93.030258,44.966699,0
              -93.030398,44.966699,0
            </coordinates>
          </LineString>
          <LineString>
            <tessellate>1</tessellate>
            <coordinates>
              -93.030398,44.966699,0
              -93.03222,44.966703,0
            </coordinates>
          </LineString>
          <LineString>
            <tessellate>1</tessellate>
            <coordinates>
              -93.03222,44.966703,0
              -93.032839,44.966705,0
              -93.032947,44.966705,0
            </coordinates>
          </LineString>
          <LineString>
            <tessellate>1</tessellate>
            <coordinates>
              -93.032947,44.966705,0
              -93.035408,44.966711,0
              -93.035524,44.966711,0
            </coordinates>
          </LineString>
          <LineString>
            <tessellate>1</tessellate>
            <coordinates>
              -93.037911,44.966711,0
              -93.03798,44.966711,0
              -93.040451,44.966712,0
            </coordinates>
          </LineString>
          <LineString>
            <tessellate>1</tessellate>
            <coordinates>
              -93.040596,44.966712,0
              -93.042508,44.966713,0
              -93.042653,44.966713,0
            </coordinates>
          </LineString>
          <LineString>
            <tessellate>1</tessellate>
            <coordinates>
              -93.045003,44.966713,0
              -93.045481,44.96671,0
            </coordinates>
          </LineString>
          <LineString>
            <tessellate>1</tessellate>
            <coordinates>
              -93.045481,44.96671,0
              -93.046845,44.966711,0
              -93.046973,44.966711,0
            </coordinates>
          </LineString>
          <LineString>
            <tessellate>1</tessellate>
            <coordinates>
              -93.046973,44.966711,0
              -93.048248,44.966706,0
            </coordinates>
          </LineString>
          <LineString>
            <tessellate>1</tessellate>
            <coordinates>
              -93.048248,44.966706,0
              -93.048245,44.966351,0
              -93.048242,44.965838,0
            </coordinates>
          </LineString>
          <LineString>
            <tessellate>1</tessellate>
            <coordinates>
              -93.04824,44.965563,0
              -93.048234,44.965038,0
              -93.048233,44.964919,0
            </coordinates>
          </LineString>
          <LineString>
            <tessellate>1</tessellate>
            <coordinates>
              -93.048233,44.964919,0
              -93.048236,44.964023,0
            </coordinates>
          </LineString>
          <LineString>
            <tessellate>1</tessellate>
            <coordinates>
              -93.048236,44.964023,0
              -93.048248,44.963232,0
            </coordinates>
          </LineString>
          <LineString>
            <tessellate>1</tessellate>
            <coordinates>
              -93.048248,44.963232,0
              -93.048248,44.963199,0
              -93.048249,44.96309,0
            </coordinates>
          </LineString>
          <LineString>
            <tessellate>1</tessellate>
            <coordinates>
              -93.048249,44.96309,0
              -93.050654,44.963073,0
              -93.050787,44.963072,0
            </coordinates>
          </LineString>
          <LineString>
            <tessellate>1</tessellate>
            <coordinates>
              -93.051915,44.963064,0
              -93.053185,44.963055,0
              -93.053329,44.963054,0
            </coordinates>
          </LineString>
          <LineString>
            <tessellate>1</tessellate>
            <coordinates>
              -93.053329,44.963054,0
              -93.055667,44.963036,0
            </coordinates>
          </LineString>
          <LineString>
            <tessellate>1</tessellate>
            <coordinates>
              -93.055667,44.963036,0
              -93.055727,44.963036,0
              -93.055871,44.963035,0
            </coordinates>
          </LineString>
          <LineString>
            <tessellate>1</tessellate>
            <coordinates>
              -93.055871,44.963035,0
              -93.057435,44.963039,0
            </coordinates>
          </LineString>
          <LineString>
            <tessellate>1</tessellate>
            <coordinates>
              -93.057435,44.963039,0
              -93.05827,44.963041,0
              -93.058429,44.963041,0
            </coordinates>
          </LineString>
          <LineString>
            <tessellate>1</tessellate>
            <coordinates>
              -93.058429,44.963041,0
              -93.060792,44.963047,0
              -93.060975,44.963048,0
            </coordinates>
          </LineString>
          <LineString>
            <tessellate>1</tessellate>
            <coordinates>
              -93.060975,44.963048,0
              -93.063528,44.96306,0
            </coordinates>
          </LineString>
          <LineString>
            <tessellate>1</tessellate>
            <coordinates>
              -93.063528,44.96306,0
              -93.064903,44.962392,0
            </coordinates>
          </LineString>
          <LineString>
            <tessellate>1</tessellate>
            <coordinates>
              -93.064903,44.962392,0
              -93.065407,44.962148,0
              -93.065425,44.962139,0
            </coordinates>
          </LineString>
          <LineString>
            <tessellate>1</tessellate>
            <coordinates>
              -93.065891,44.961926,0
              -93.067274,44.961239,0
            </coordinates>
          </LineString>
          <LineString>
            <tessellate>1</tessellate>
            <coordinates>
              -93.067408,44.961174,0
              -93.06811,44.960833,0
              -93.06823,44.960775,0
            </coordinates>
          </LineString>
          <LineString>
            <tessellate>1</tessellate>
            <coordinates>
              -93.06823,44.960775,0
              -93.069405,44.960204,0
            </coordinates>
          </LineString>
          <LineString>
            <tessellate>1</tessellate>
            <coordinates>
              -93.069405,44.960204,0
              -93.069706,44.960058,0
            </coordinates>
          </LineString>
          <LineString>
            <tessellate>1</tessellate>
            <coordinates>
              -93.071306,44.959283,0
              -93.072052,44.958919,0
              -93.072193,44.958851,0
            </coordinates>
          </LineString>
          <LineString>
            <tessellate>1</tessellate>
            <coordinates>
              -93.072193,44.958851,0
              -93.073664,44.958136,0
              -93.073781,44.95808,0
            </coordinates>
          </LineString>
          <LineString>
            <tessellate>1</tessellate>
            <coordinates>
              -93.073781,44.95808,0
              -93.075828,44.957086,0
            </coordinates>
          </LineString>
          <LineString>
            <tessellate>1</tessellate>
            <coordinates>
              -93.076387,44.956835,0
              -93.077879,44.956114,0
              -93.078327,44.955898,0
            </coordinates>
          </LineString>
          <LineString>
            <tessellate>1</tessellate>
            <coordinates>
              -93.079846,44.955161,0
              -93.080557,44.954816,0
              -93.080735,44.95473,0
            </coordinates>
          </LineString>
          <LineString>
            <tessellate>1</tessellate>
            <coordinates>
              -93.080735,44.95473,0
              -93.081583,44.954291,0
            </coordinates>
          </LineString>
          <LineString>
            <tessellate>1</tessellate>
            <coordinates>
              -93.082075,44.954053,0
              -93.082328,44.95393,0
              -93.082436,44.953879,0
            </coordinates>
          </LineString>
          <LineString>
            <tessellate>1</tessellate>
            <coordinates>
              -93.082436,44.953879,0
              -93.083284,44.953435,0
            </coordinates>
          </LineString>
          <LineString>
            <tessellate>1</tessellate>
            <coordinates>
              -93.085534,44.952814,0
              -93.08562,44.952786,0
              -93.085666,44.95277,0
            </coordinates>
          </LineString>
          <LineString>
            <tessellate>1</tessellate>
            <coordinates>
              -93.087417,44.951458,0
              -93.086784,44.950807,0
              -93.086592,44.950611,0
              -93.087734,44.95007,0
            </coordinates>
          </LineString>
          <LineString>
            <tessellate>1</tessellate>
            <coordinates>
              -93.087734,44.95007,0
              -93.088905,44.949515,0
              -93.090252,44.948875,0
              -93.091119,44.948463,0
              -93.09162,44.948224,0
              -93.092824,44.947651,0
              -93.093833,44.94717,0
              -93.093956,44.947111,0
              -93.093976,44.947102,0
              -93.095242,44.946498,0
              -93.096264,44.946011,0
              -93.096495,44.946032,0
              -93.096885,44.946068,0
              -93.097256,44.946101,0
              -93.097418,44.946116,0
              -93.098945,44.946251,0
              -93.099604,44.946308,0
              -93.100361,44.946375,0
              -93.100547,44.946392,0
              -93.100718,44.946407,0
              -93.101551,44.945937,0
              -93.101692,44.945846,0
              -93.101828,44.94575,0
              -93.101957,44.94565,0
              -93.10208,44.945546,0
              -93.102196,44.945439,0
              -93.102228,44.945406,0
              -93.102306,44.945328,0
              -93.102409,44.945213,0
              -93.102823,44.94472,0
              -93.102907,44.944628,0
              -93.103201,44.94416,0
              -93.10326,44.944067,0
            </coordinates>
          </LineString>
          <LineString>
            <tessellate>1</tessellate>
            <coordinates>
              -93.104089,44.943409,0
              -93.105062,44.94263,0
              -93.105183,44.942533,0
            </coordinates>
          </LineString>
          <LineString>
            <tessellate>1</tessellate>
            <coordinates>
              -93.105183,44.942533,0
              -93.106279,44.941655,0
            </coordinates>
          </LineString>
          <LineString>
            <tessellate>1</tessellate>
            <coordinates>
              -93.108489,44.940123,0
              -93.109063,44.939729,0
              -93.109361,44.939524,0
            </coordinates>
          </LineString>
          <LineString>
            <tessellate>1</tessellate>
            <coordinates>
              -93.109361,44.939524,0
              -93.110199,44.93896,0
            </coordinates>
          </LineString>
          <LineString>
            <tessellate>1</tessellate>
            <coordinates>
              -93.111857,44.937833,0
              -93.112286,44.93754,0
              -93.112513,44.937385,0
            </coordinates>
          </LineString>
          <LineString>
            <tessellate>1</tessellate>
            <coordinates>
              -93.112513,44.937385,0
              -93.113847,44.936475,0
              -93.114101,44.936302,0
            </coordinates>
          </LineString>
          <LineString>
            <tessellate>1</tessellate>
            <coordinates>
              -93.114101,44.936302,0
              -93.115226,44.935535,0
              -93.115277,44.9355,0
            </coordinates>
          </LineString>
          <LineString>
            <tessellate>1</tessellate>
            <coordinates>
              -93.115987,44.935006,0
              -93.116833,44.934453,0
            </coordinates>
          </LineString>
          <LineString>
            <tessellate>1</tessellate>
            <coordinates>
              -93.116833,44.934453,0
              -93.117248,44.934181,0
              -93.117348,44.934116,0
            </coordinates>
          </LineString>
          <LineString>
            <tessellate>1</tessellate>
            <coordinates>
              -93.117348,44.934116,0
              -93.119881,44.932376,0
            </coordinates>
          </LineString>
          <LineString>
            <tessellate>1</tessellate>
            <coordinates>
              -93.122476,44.930612,0
              -93.122719,44.930445,0
            </coordinates>
          </LineString>
          <LineString>
            <tessellate>1</tessellate>
            <coordinates>
              -93.122719,44.930445,0
              -93.12295,44.930287,0
              -93.123193,44.93012,0
            </coordinates>
          </LineString>
          <LineString>
            <tessellate>1</tessellate>
            <coordinates>
              -93.124417,44.929291,0
              -93.124561,44.929186,0
              -93.124623,44.929141,0
            </coordinates>
          </LineString>
          <LineString>
            <tessellate>1</tessellate>
            <coordinates>
              -93.124623,44.929141,0
              -93.125433,44.92859,0
              -93.125704,44.928406,0
            </coordinates>
          </LineString>
          <LineString>
            <tessellate>1</tessellate>
            <coordinates>
              -93.125704,44.928406,0
              -93.126679,44.927722,0
            </coordinates>
          </LineString>
          <LineString>
            <tessellate>1</tessellate>
            <coordinates>
              -93.126679,44.927722,0
              -93.127882,44.926916,0
              -93.127978,44.926851,0
            </coordinates>
          </LineString>
          <LineString>
            <tessellate>1</tessellate>
            <coordinates>
              -93.128215,44.926852,0
              -93.130515,44.926863,0
              -93.130672,44.926864,0
            </coordinates>
          </LineString>
          <LineString>
            <tessellate>1</tessellate>
            <coordinates>
              -93.130672,44.926864,0
              -93.133102,44.926875,0
            </coordinates>
          </LineString>
          <LineString>
            <tessellate>1</tessellate>
            <coordinates>
              -93.133102,44.926875,0
              -93.133577,44.926878,0
              -93.134334,44.926881,0
            </coordinates>
          </LineString>
          <LineString>
            <tessellate>1</tessellate>
            <coordinates>
              -93.135529,44.926887,0
              -93.136263,44.92689,0
              -93.136413,44.92689,0
            </coordinates>
          </LineString>
          <LineString>
            <tessellate>1</tessellate>
            <coordinates>
              -93.136413,44.92689,0
              -93.136716,44.926892,0
            </coordinates>
          </LineString>
          <LineString>
            <tessellate>1</tessellate>
            <coordinates>
              -93.136716,44.926892,0
              -93.138818,44.926902,0
              -93.13899,44.926902,0
            </coordinates>
          </LineString>
          <LineString>
            <tessellate>1</tessellate>
            <coordinates>
              -93.13899,44.926902,0
              -93.14047,44.926909,0
            </coordinates>
          </LineString>
          <LineString>
            <tessellate>1</tessellate>
            <coordinates>
              -93.14047,44.926909,0
              -93.141398,44.926914,0
              -93.141554,44.926914,0
            </coordinates>
          </LineString>
          <LineString>
            <tessellate>1</tessellate>
            <coordinates>
              -93.141554,44.926914,0
              -93.143611,44.926924,0
            </coordinates>
          </LineString>
          <LineString>
            <tessellate>1</tessellate>
            <coordinates>
              -93.143611,44.926924,0
              -93.143703,44.926942,0
              -93.143906,44.926984,0
              -93.144508,44.92699,0
              -93.144714,44.926992,0
              -93.14492,44.926994,0
              -93.145405,44.926999,0
              -93.146603,44.926972,0
            </coordinates>
          </LineString>
          <LineString>
            <tessellate>1</tessellate>
            <coordinates>
              -93.146603,44.926972,0
              -93.14687,44.926943,0
              -93.146916,44.926938,0
            </coordinates>
          </LineString>
          <LineString>
            <tessellate>1</tessellate>
            <coordinates>
              -93.148668,44.926943,0
              -93.149876,44.926946,0
              -93.150061,44.926947,0
            </coordinates>
          </LineString>
          <LineString>
            <tessellate>1</tessellate>
            <coordinates>
              -93.15172,44.926951,0
              -93.154135,44.926957,0
              -93.15427,44.926957,0
            </coordinates>
          </LineString>
          <LineString>
            <tessellate>1</tessellate>
            <coordinates>
              -93.15427,44.926957,0
              -93.156235,44.92696,0
            </coordinates>
          </LineString>
          <LineString>
            <tessellate>1</tessellate>
            <coordinates>
              -93.156235,44.92696,0
              -93.156699,44.926961,0
              -93.156838,44.926961,0
            </coordinates>
          </LineString>
          <LineString>
            <tessellate>1</tessellate>
            <coordinates>
              -93.156838,44.926961,0
              -93.158435,44.926964,0
            </coordinates>
          </LineString>
          <LineString>
            <tessellate>1</tessellate>
            <coordinates>
              -93.158435,44.926964,0
              -93.158962,44.926965,0
            </coordinates>
          </LineString>
          <LineString>
            <tessellate>1</tessellate>
            <coordinates>
              -93.158962,44.926965,0
              -93.159252,44.926966,0
              -93.159376,44.926967,0
            </coordinates>
          </LineString>
          <LineString>
            <tessellate>1</tessellate>
            <coordinates>
              -93.159376,44.926967,0
              -93.161776,44.926971,0
              -93.161933,44.926972,0
            </coordinates>
          </LineString>
          <LineString>
            <tessellate>1</tessellate>
            <coordinates>
              -93.164473,44.926974,0
              -93.165578,44.926971,0
              -93.165702,44.926971,0
            </coordinates>
          </LineString>
          <LineString>
            <tessellate>1</tessellate>
            <coordinates>
              -93.167025,44.926988,0
              -93.167624,44.92699,0
              -93.168386,44.926993,0
            </coordinates>
          </LineString>
          <LineString>
            <tessellate>1</tessellate>
            <coordinates>
              -93.168386,44.926993,0
              -93.169454,44.926998,0
              -93.169574,44.926998,0
            </coordinates>
          </LineString>
          <LineString>
            <tessellate>1</tessellate>
            <coordinates>
              -93.169574,44.926998,0
              -93.171978,44.927008,0
              -93.172119,44.927008,0
            </coordinates>
          </LineString>
          <LineString>
            <tessellate>1</tessellate>
            <coordinates>
              -93.172119,44.927008,0
              -93.173321,44.927013,0
            </coordinates>
          </LineString>
          <LineString>
            <tessellate>1</tessellate>
            <coordinates>
              -93.173321,44.927013,0
              -93.174505,44.927018,0
              -93.174658,44.927018,0
            </coordinates>
          </LineString>
          <LineString>
            <tessellate>1</tessellate>
            <coordinates>
              -93.174658,44.927018,0
              -93.175818,44.927023,0
            </coordinates>
          </LineString>
          <LineString>
            <tessellate>1</tessellate>
            <coordinates>
              -93.175818,44.927023,0
              -93.177039,44.927028,0
              -93.177202,44.927028,0
            </coordinates>
          </LineString>
          <LineString>
            <tessellate>1</tessellate>
            <coordinates>
              -93.177202,44.927028,0
              -93.178191,44.927032,0
            </coordinates>
          </LineString>
          <LineString>
            <tessellate>1</tessellate>
            <coordinates>
              -93.178191,44.927032,0
              -93.179611,44.927037,0
              -93.179752,44.927037,0
            </coordinates>
          </LineString>
          <LineString>
            <tessellate>1</tessellate>
            <coordinates>
              -93.179752,44.927037,0
              -93.181414,44.927043,0
            </coordinates>
          </LineString>
          <LineString>
            <tessellate>1</tessellate>
            <coordinates>
              -93.181414,44.927043,0
              -93.182151,44.927046,0
              -93.182287,44.927046,0
            </coordinates>
          </LineString>
          <LineString>
            <tessellate>1</tessellate>
            <coordinates>
              -93.182287,44.927046,0
              -93.184271,44.927053,0
            </coordinates>
          </LineString>
          <LineString>
            <tessellate>1</tessellate>
            <coordinates>
              -93.184271,44.927053,0
              -93.184707,44.927055,0
              -93.184831,44.927055,0
            </coordinates>
          </LineString>
          <LineString>
            <tessellate>1</tessellate>
            <coordinates>
              -93.187372,44.924342,0
              -93.187371,44.923541,0
              -93.187371,44.923431,0
            </coordinates>
          </LineString>
          <LineString>
            <tessellate>1</tessellate>
            <coordinates>
              -93.187377,44.92071,0
              -93.187384,44.919948,0
              -93.187385,44.919844,0
            </coordinates>
          </LineString>
          <LineString>
            <tessellate>1</tessellate>
            <coordinates>
              -93.187386,44.919753,0
              -93.187372,44.918889,0
            </coordinates>
          </LineString>
          <LineString>
            <tessellate>1</tessellate>
            <coordinates>
              -93.187372,44.918889,0
              -93.187378,44.91809,0
              -93.187379,44.917967,0
            </coordinates>
          </LineString>
          <LineString>
            <tessellate>1</tessellate>
            <coordinates>
              -93.187379,44.917967,0
              -93.189912,44.917963,0
              -93.190381,44.917962,0
              -93.192302,44.917955,0
              -93.192476,44.917954,0
              -93.195399,44.917942,0
              -93.195585,44.917942,0
              -93.19677,44.917942,0
              -93.196954,44.917942,0
              -93.198053,44.91793,0
              -93.198456,44.917883,0
            </coordinates>
          </LineString>
          <LineString>
            <tessellate>1</tessellate>
            <coordinates>
              -93.20654,44.918931,0
              -93.206644,44.91914,0
              -93.20676,44.919295,0
              -93.206815,44.91936,0
              -93.206864,44.919414,0
              -93.206932,44.919469,0
              -93.207015,44.919532,0
              -93.20708,44.919572,0
              -93.207154,44.919614,0
              -93.207224,44.919646,0
              -93.207299,44.919677,0
              -93.207423,44.919719,0
              -93.207479,44.919736,0
              -93.207546,44.919753,0
              -93.207657,44.91977,0
              -93.20793,44.919782,0
              -93.208187,44.919786,0
              -93.208211,44.919786,0
              -93.208921,44.919786,0
              -93.210197,44.919775,0
              -93.211466,44.919767,0
              -93.212599,44.919756,0
              -93.212757,44.919754,0
              -93.214028,44.919753,0
              -93.21484,44.919741,0
              -93.215444,44.919727,0
              -93.215864,44.919717,0
              -93.216522,44.919677,0
            </coordinates>
          </LineString>
          <LineString>
            <tessellate>1</tessellate>
            <coordinates>
              -93.216522,44.919677,0
              -93.217879,44.919672,0
            </coordinates>
          </LineString>
          <LineString>
            <tessellate>1</tessellate>
            <coordinates>
              -93.022761,44.966685,0
              -93.02233,44.966685,0
            </coordinates>
          </LineString>
          <LineString>
            <tessellate>1</tessellate>
            <coordinates>
              -93.02233,44.966685,0
              -93.020241,44.966683,0
            </coordinates>
          </LineString>
          <LineString>
            <tessellate>1</tessellate>
            <coordinates>
              -93.020241,44.966683,0
              -93.02024,44.96698,0
              -93.020237,44.96773,0
            </coordinates>
          </LineString>
          <LineString>
            <tessellate>1</tessellate>
            <coordinates>
              -93.020237,44.96773,0
              -93.019075,44.968129,0
              -93.018955,44.96817,0
            </coordinates>
          </LineString>
          <LineString>
            <tessellate>1</tessellate>
            <coordinates>
              -93.018955,44.96817,0
              -93.017999,44.968484,0
            </coordinates>
          </LineString>
          <LineString>
            <tessellate>1</tessellate>
            <coordinates>
              -93.016608,44.968868,0
              -93.016847,44.968818,0
              -93.017083,44.968762,0
              -93.017317,44.968701,0
              -93.017547,44.968634,0
              -93.017775,44.968562,0
              -93.017999,44.968484,0
            </coordinates>
          </LineString>
          <LineString>
            <tessellate>1</tessellate>
            <coordinates>
              -93.016608,44.968868,0
              -93.016522,44.968884,0
              -93.016367,44.968912,0
            </coordinates>
          </LineString>
          <LineString>
            <tessellate>1</tessellate>
            <coordinates>
              -93.016367,44.968912,0
              -93.016133,44.968957,0
            </coordinates>
          </LineString>
          <LineString>
            <tessellate>1</tessellate>
            <coordinates>
              -93.015176,44.969065,0
              -93.015417,44.969048,0
              -93.015658,44.969025,0
              -93.015896,44.968994,0
              -93.016133,44.968957,0
            </coordinates>
          </LineString>
          <LineString>
            <tessellate>1</tessellate>
            <coordinates>
              -93.015176,44.969065,0
              -93.013948,44.969115,0
              -93.013869,44.969118,0
            </coordinates>
          </LineString>
          <LineString>
            <tessellate>1</tessellate>
            <coordinates>
              -93.013869,44.969118,0
              -93.012817,44.969157,0
            </coordinates>
          </LineString>
          <LineString>
            <tessellate>1</tessellate>
            <coordinates>
              -93.012817,44.969157,0
              -93.012669,44.969162,0
              -93.012514,44.969168,0
            </coordinates>
          </LineString>
          <LineString>
            <tessellate>1</tessellate>
            <coordinates>
              -93.011496,44.969208,0
              -93.012514,44.969168,0
            </coordinates>
          </LineString>
          <LineString>
            <tessellate>1</tessellate>
            <coordinates>
              -93.011496,44.969208,0
              -93.011424,44.969211,0
              -93.011181,44.96922,0
            </coordinates>
          </LineString>
          <LineString>
            <tessellate>1</tessellate>
            <coordinates>
              -93.011181,44.96922,0
              -93.010611,44.969242,0
            </coordinates>
          </LineString>
          <LineString>
            <tessellate>1</tessellate>
            <coordinates>
              -93.01025,44.96922,0
              -93.010611,44.969242,0
            </coordinates>
          </LineString>
          <LineString>
            <tessellate>1</tessellate>
            <coordinates>
              -93.01025,44.96922,0
              -93.009444,44.969172,0
              -93.009309,44.969164,0
            </coordinates>
          </LineString>
          <LineString>
            <tessellate>1</tessellate>
            <coordinates>
              -93.006307,44.968948,0
              -93.006621,44.969034,0
              -93.007863,44.969164,0
              -93.008335,44.969179,0
              -93.009073,44.969149,0
              -93.009309,44.969164,0
            </coordinates>
          </LineString>
          <LineString>
            <tessellate>1</tessellate>
            <coordinates>
              -93.006307,44.968948,0
              -93.00528,44.968582,0
              -93.005112,44.968522,0
            </coordinates>
          </LineString>
          <LineString>
            <tessellate>1</tessellate>
            <coordinates>
              -93.002101,44.968743,0
              -93.002829,44.968541,0
              -93.004044,44.968422,0
              -93.00416,44.968413,0
              -93.004277,44.968409,0
              -93.004394,44.96841,0
              -93.00451,44.968416,0
              -93.004626,44.968428,0
              -93.004741,44.968444,0
              -93.005112,44.968522,0
            </coordinates>
          </LineString>
          <LineString>
            <tessellate>1</tessellate>
            <coordinates>
              -93.002101,44.968743,0
              -93.001316,44.969109,0
              -93.000819,44.969341,0
            </coordinates>
          </LineString>
          <LineString>
            <tessellate>1</tessellate>
            <coordinates>
              -93.000845,44.967039,0
              -93.000727,44.967165,0
              -93.000616,44.967295,0
              -93.000514,44.967428,0
              -93.000421,44.967565,0
              -93.000337,44.967704,0
              -93.000262,44.967846,0
              -93.000196,44.967991,0
              -93.00014,44.968137,0
              -93.000094,44.968285,0
              -93.000056,44.968434,0
              -93.000029,44.968584,0
              -93.000012,44.968736,0
              -93.000004,44.968887,0
              -93.000006,44.969039,0
              -93.000018,44.96919,0
              -93.00004,44.969341,0
              -93.000071,44.969491,0
              -93.000112,44.96964,0
              -93.000819,44.969341,0
            </coordinates>
          </LineString>
          <LineString>
            <tessellate>1</tessellate>
            <coordinates>
              -93.000845,44.967039,0
              -93.001047,44.966818,0
              -93.002003,44.96577,0
            </coordinates>
          </LineString>
          <LineString>
            <tessellate>1</tessellate>
            <coordinates>
              -93.002003,44.96577,0
              -93.002664,44.965045,0
              -93.002722,44.964981,0
            </coordinates>
          </LineString>
          <LineString>
            <tessellate>1</tessellate>
            <coordinates>
              -93.002827,44.964866,0
              -93.002722,44.964981,0
            </coordinates>
          </LineString>
          <LineString>
            <tessellate>1</tessellate>
            <coordinates>
              -93.002827,44.964866,0
              -93.003812,44.963817,0
            </coordinates>
          </LineString>
          <LineString>
            <tessellate>1</tessellate>
            <coordinates>
              -93.003812,44.963817,0
              -93.003991,44.96372,0
              -93.004598,44.963048,0
            </coordinates>
          </LineString>
          <LineString>
            <tessellate>1</tessellate>
            <coordinates>
              -93.00548,44.963048,0
              -93.00505,44.963048,0
              -93.004978,44.963048,0
              -93.004598,44.963048,0
            </coordinates>
          </LineString>
          <LineString>
            <tessellate>1</tessellate>
            <coordinates>
              -93.00548,44.963048,0
              -93.007595,44.96305,0
            </coordinates>
          </LineString>
          <LineString>
            <tessellate>1</tessellate>
            <coordinates>
              -93.007595,44.96305,0
              -93.009986,44.963055,0
              -93.010118,44.963055,0
            </coordinates>
          </LineString>
          <LineString>
            <tessellate>1</tessellate>
            <coordinates>
              -93.010118,44.963055,0
              -93.012495,44.96306,0
              -93.01265,44.96306,0
            </coordinates>
          </LineString>
          <LineString>
            <tessellate>1</tessellate>
            <coordinates>
              -93.01265,44.96306,0
              -93.015187,44.963065,0
            </coordinates>
          </LineString>
          <LineString>
            <tessellate>1</tessellate>
            <coordinates>
              -93.015138,44.954076,0
              -93.015137,44.953575,0
              -93.015133,44.952579,0
            </coordinates>
          </LineString>
          <LineString>
            <tessellate>1</tessellate>
            <coordinates>
              -93.150061,44.926947,0
              -93.148668,44.926943,0
            </coordinates>
          </LineString>
          <LineString>
            <tessellate>1</tessellate>
            <coordinates>
              -93.146603,44.926899,0
              -93.146603,44.926972,0
            </coordinates>
          </LineString>
          <LineString>
            <tessellate>1</tessellate>
            <coordinates>
              -93.146603,44.926972,0
              -93.146601,44.927656,0
              -93.1466,44.927808,0
              -93.146596,44.928722,0
              -93.146593,44.929547,0
              -93.146592,44.929647,0
              -93.146589,44.930555,0
              -93.146882,44.930632,0
              -93.148142,44.930633,0
              -93.149303,44.930634,0
              -93.150033,44.930635,0
              -93.150272,44.930568,0
              -93.150273,44.929659,0
              -93.150287,44.928866,0
              -93.150288,44.928762,0
              -93.150288,44.927852,0
              -93.150291,44.927221,0
              -93.150292,44.926947,0
            </coordinates>
          </LineString>
          <LineString>
            <tessellate>1</tessellate>
            <coordinates>
              -93.146916,44.926938,0
              -93.146603,44.926899,0
            </coordinates>
          </LineString>
          <LineString>
            <tessellate>1</tessellate>
            <coordinates>
              -93.015187,44.963065,0
              -93.01268,44.96306,0
              -93.01265,44.96306,0
            </coordinates>
          </LineString>
          <LineString>
            <tessellate>1</tessellate>
            <coordinates>
              -93.01265,44.96306,0
              -93.010295,44.963055,0
              -93.010118,44.963055,0
            </coordinates>
          </LineString>
          <LineString>
            <tessellate>1</tessellate>
            <coordinates>
              -93.010118,44.963055,0
              -93.007595,44.96305,0
            </coordinates>
          </LineString>
          <LineString>
            <tessellate>1</tessellate>
            <coordinates>
              -93.007595,44.96305,0
              -93.005972,44.963048,0
              -93.00548,44.963048,0
            </coordinates>
          </LineString>
          <LineString>
            <tessellate>1</tessellate>
            <coordinates>
              -93.004598,44.963048,0
              -93.004387,44.963049,0
              -93.003846,44.963673,0
              -93.003812,44.963817,0
            </coordinates>
          </LineString>
          <LineString>
            <tessellate>1</tessellate>
            <coordinates>
              -93.003812,44.963817,0
              -93.002899,44.96479,0
              -93.002827,44.964866,0
            </coordinates>
          </LineString>
          <LineString>
            <tessellate>1</tessellate>
            <coordinates>
              -93.002722,44.964981,0
              -93.002003,44.96577,0
            </coordinates>
          </LineString>
          <LineString>
            <tessellate>1</tessellate>
            <coordinates>
              -93.002003,44.96577,0
              -93.001054,44.96681,0
              -93.000845,44.967039,0
            </coordinates>
          </LineString>
          <LineString>
            <tessellate>1</tessellate>
            <coordinates>
              -93.000819,44.969341,0
              -93.001287,44.969122,0
              -93.002101,44.968743,0
            </coordinates>
          </LineString>
          <LineString>
            <tessellate>1</tessellate>
            <coordinates>
              -93.005112,44.968522,0
              -93.005562,44.968682,0
              -93.006307,44.968948,0
            </coordinates>
          </LineString>
          <LineString>
            <tessellate>1</tessellate>
            <coordinates>
              -93.009309,44.969164,0
              -93.009357,44.969167,0
              -93.01025,44.96922,0
            </coordinates>
          </LineString>
          <LineString>
            <tessellate>1</tessellate>
            <coordinates>
              -93.010611,44.969242,0
              -93.011112,44.969223,0
              -93.011181,44.96922,0
            </coordinates>
          </LineString>
          <LineString>
            <tessellate>1</tessellate>
            <coordinates>
              -93.011181,44.96922,0
              -93.011496,44.969208,0
            </coordinates>
          </LineString>
          <LineString>
            <tessellate>1</tessellate>
            <coordinates>
              -93.012514,44.969168,0
              -93.012637,44.969164,0
              -93.012817,44.969157,0
            </coordinates>
          </LineString>
          <LineString>
            <tessellate>1</tessellate>
            <coordinates>
              -93.012817,44.969157,0
              -93.013793,44.969121,0
              -93.013869,44.969118,0
            </coordinates>
          </LineString>
          <LineString>
            <tessellate>1</tessellate>
            <coordinates>
              -93.013869,44.969118,0
              -93.015176,44.969065,0
            </coordinates>
          </LineString>
          <LineString>
            <tessellate>1</tessellate>
            <coordinates>
              -93.016133,44.968957,0
              -93.016216,44.968941,0
              -93.016367,44.968912,0
            </coordinates>
          </LineString>
          <LineString>
            <tessellate>1</tessellate>
            <coordinates>
              -93.016367,44.968912,0
              -93.016608,44.968868,0
            </coordinates>
          </LineString>
          <LineString>
            <tessellate>1</tessellate>
            <coordinates>
              -93.017999,44.968484,0
              -93.018846,44.968206,0
              -93.018955,44.96817,0
            </coordinates>
          </LineString>
          <LineString>
            <tessellate>1</tessellate>
            <coordinates>
              -93.018955,44.96817,0
              -93.020237,44.96773,0
            </coordinates>
          </LineString>
          <LineString>
            <tessellate>1</tessellate>
            <coordinates>
              -93.020237,44.96773,0
              -93.020241,44.966683,0
            </coordinates>
          </LineString>
          <LineString>
            <tessellate>1</tessellate>
            <coordinates>
              -93.011496,44.969208,0
              -93.011511,44.970203,0
              -93.011512,44.970288,0
            </coordinates>
          </LineString>
          <LineString>
            <tessellate>1</tessellate>
            <coordinates>
              -93.012155,44.973261,0
              -93.012155,44.973147,0
              -93.012155,44.973113,0
              -93.012145,44.972943,0
              -93.012127,44.972772,0
              -93.012102,44.972603,0
              -93.012067,44.972434,0
              -93.012025,44.972266,0
              -93.01198,44.972116,0
              -93.011928,44.971967,0
              -93.01187,44.971819,0
              -93.011805,44.971672,0
              -93.011734,44.971527,0
              -93.011686,44.971403,0
              -93.011644,44.971278,0
              -93.011604,44.971138,0
              -93.011571,44.970996,0
              -93.011545,44.970854,0
              -93.011527,44.970712,0
              -93.011516,44.970569,0
              -93.011512,44.970426,0
              -93.011512,44.970382,0
              -93.011512,44.970288,0
            </coordinates>
          </LineString>
          <LineString>
            <tessellate>1</tessellate>
            <coordinates>
              -93.012155,44.973261,0
              -93.012154,44.974238,0
            </coordinates>
          </LineString>
          <LineString>
            <tessellate>1</tessellate>
            <coordinates>
              -93.011959,44.975477,0
              -93.012007,44.975432,0
              -93.012048,44.975383,0
              -93.012083,44.975332,0
              -93.012111,44.975279,0
              -93.012132,44.975225,0
              -93.012144,44.97518,0
              -93.012152,44.975133,0
              -93.012154,44.975087,0
              -93.012154,44.974238,0
            </coordinates>
          </LineString>
          <LineString>
            <tessellate>1</tessellate>
            <coordinates>
              -93.011959,44.975477,0
              -93.011175,44.976165,0
              -93.011121,44.976212,0
            </coordinates>
          </LineString>
          <LineString>
            <tessellate>1</tessellate>
            <coordinates>
              -93.011121,44.976212,0
              -93.008119,44.976211,0
              -93.007911,44.976211,0
              -93.007808,44.976362,0
              -93.007769,44.97642,0
              -93.007731,44.976476,0
              -93.007627,44.976592,0
              -93.00749,44.976731,0
              -93.007229,44.976944,0
              -93.006362,44.977528,0
            </coordinates>
          </LineString>
          <LineString>
            <tessellate>1</tessellate>
            <coordinates>
              -93.006362,44.977528,0
              -93.006559,44.977527,0
              -93.00664,44.977527,0
            </coordinates>
          </LineString>
          <LineString>
            <tessellate>1</tessellate>
            <coordinates>
              -93.00664,44.977527,0
              -93.00949,44.977515,0
              -93.00967,44.977515,0
            </coordinates>
          </LineString>
          <LineString>
            <tessellate>1</tessellate>
            <coordinates>
              -93.00967,44.977515,0
              -93.009669,44.977378,0
            </coordinates>
          </LineString>
          <LineString>
            <tessellate>1</tessellate>
            <coordinates>
              -93.009669,44.977378,0
              -93.009673,44.977342,0
              -93.009683,44.977308,0
              -93.009701,44.977275,0
              -93.009727,44.977244,0
              -93.009758,44.977216,0
              -93.009794,44.977192,0
              -93.009986,44.977081,0
              -93.010172,44.976964,0
              -93.010351,44.976843,0
              -93.010524,44.976717,0
              -93.01069,44.976586,0
              -93.010849,44.976451,0
            </coordinates>
          </LineString>
          <LineString>
            <tessellate>1</tessellate>
            <coordinates>
              -93.010849,44.976451,0
              -93.01106,44.976266,0
              -93.011121,44.976212,0
            </coordinates>
          </LineString>
          <LineString>
            <tessellate>1</tessellate>
            <coordinates>
              -93.011121,44.976212,0
              -93.011959,44.975477,0
            </coordinates>
          </LineString>
          <LineString>
            <tessellate>1</tessellate>
            <coordinates>
              -93.012154,44.974238,0
              -93.012155,44.973344,0
              -93.012155,44.973261,0
            </coordinates>
          </LineString>
          <LineString>
            <tessellate>1</tessellate>
            <coordinates>
              -93.011512,44.970288,0
              -93.011498,44.969349,0
              -93.011496,44.969208,0
            </coordinates>
          </LineString>
          <LineString>
            <tessellate>1</tessellate>
            <coordinates>
              -92.989808,44.977694,0
              -92.985701,44.977744,0
              -92.984724,44.977756,0
              -92.984724,44.977904,0
              -92.984722,44.978651,0
              -92.984719,44.980301,0
              -92.984718,44.981286,0
              -92.984717,44.981387,0
              -92.985645,44.981375,0
              -92.985665,44.981375,0
              -92.986403,44.981366,0
              -92.986951,44.981359,0
              -92.988124,44.981345,0
              -92.988234,44.981343,0
              -92.988422,44.981341,0
              -92.989804,44.981324,0
              -92.989805,44.980973,0
              -92.989806,44.979466,0
              -92.989808,44.977821,0
              -92.989808,44.977694,0
            </coordinates>
          </LineString>
          <LineString>
            <tessellate>1</tessellate>
            <coordinates>
              -92.989808,44.977694,0
              -92.994892,44.977633,0
            </coordinates>
          </LineString>
          <LineString>
            <tessellate>1</tessellate>
            <coordinates>
              -92.994892,44.977633,0
              -92.995274,44.977629,0
            </coordinates>
          </LineString>
          <LineString>
            <tessellate>1</tessellate>
            <coordinates>
              -92.995274,44.977629,0
              -92.995285,44.977629,0
              -92.995463,44.977627,0
            </coordinates>
          </LineString>
          <LineString>
            <tessellate>1</tessellate>
            <coordinates>
              -92.995463,44.977627,0
              -92.997651,44.977605,0
              -92.997846,44.977604,0
            </coordinates>
          </LineString>
          <LineString>
            <tessellate>1</tessellate>
            <coordinates>
              -92.997846,44.977604,0
              -92.999753,44.977585,0
              -93.000047,44.977582,0
            </coordinates>
          </LineString>
          <LineString>
            <tessellate>1</tessellate>
            <coordinates>
              -93.000047,44.977582,0
              -93.00493,44.977534,0
              -93.00511,44.977532,0
            </coordinates>
          </LineString>
          <LineString>
            <tessellate>1</tessellate>
            <coordinates>
              -93.00511,44.977532,0
              -93.006362,44.977528,0
            </coordinates>
          </LineString>
          <LineString>
            <tessellate>1</tessellate>
            <coordinates>
              -93.011121,44.976212,0
              -93.010849,44.976451,0
            </coordinates>
          </LineString>
          <LineString>
            <tessellate>1</tessellate>
            <coordinates>
              -93.009669,44.977378,0
              -93.009669,44.977386,0
              -93.00967,44.977515,0
            </coordinates>
          </LineString>
          <LineString>
            <tessellate>1</tessellate>
            <coordinates>
              -93.00967,44.977515,0
              -93.007146,44.977525,0
              -93.00664,44.977527,0
            </coordinates>
          </LineString>
          <LineString>
            <tessellate>1</tessellate>
            <coordinates>
              -93.00664,44.977527,0
              -93.006362,44.977528,0
            </coordinates>
          </LineString>
          <LineString>
            <tessellate>1</tessellate>
            <coordinates>
              -93.006362,44.977528,0
              -93.00521,44.977532,0
              -93.00511,44.977532,0
            </coordinates>
          </LineString>
          <LineString>
            <tessellate>1</tessellate>
            <coordinates>
              -93.00511,44.977532,0
              -93.000647,44.977576,0
              -93.000047,44.977582,0
            </coordinates>
          </LineString>
          <LineString>
            <tessellate>1</tessellate>
            <coordinates>
              -93.000047,44.977582,0
              -92.998074,44.977601,0
              -92.997846,44.977604,0
            </coordinates>
          </LineString>
          <LineString>
            <tessellate>1</tessellate>
            <coordinates>
              -92.997846,44.977604,0
              -92.995463,44.977627,0
            </coordinates>
          </LineString>
          <LineString>
            <tessellate>1</tessellate>
            <coordinates>
              -92.995274,44.977629,0
              -92.995105,44.977631,0
              -92.994892,44.977633,0
            </coordinates>
          </LineString>
          <LineString>
            <tessellate>1</tessellate>
            <coordinates>
              -92.994892,44.977633,0
              -92.990024,44.977692,0
              -92.989808,44.977694,0
            </coordinates>
          </LineString>
          <LineString>
            <tessellate>1</tessellate>
            <coordinates>
              -93.060975,44.963048,0
              -93.060951,44.963109,0
              -93.060941,44.963971,0
              -93.060937,44.964336,0
              -93.060932,44.964882,0
              -93.060923,44.966084,0
              -93.060911,44.967643,0
              -93.060903,44.968518,0
              -93.060896,44.969417,0
              -93.060899,44.970325,0
              -93.063427,44.970323,0
              -93.065958,44.970315,0
            </coordinates>
          </LineString>
          <LineString>
            <tessellate>1</tessellate>
            <coordinates>
              -93.065958,44.970315,0
              -93.065972,44.971117,0
              -93.065974,44.971207,0
            </coordinates>
          </LineString>
          <LineString>
            <tessellate>1</tessellate>
            <coordinates>
              -93.065974,44.971207,0
              -93.065962,44.972098,0
              -93.065963,44.972986,0
            </coordinates>
          </LineString>
          <LineString>
            <tessellate>1</tessellate>
            <coordinates>
              -93.065963,44.972986,0
              -93.065964,44.973775,0
              -93.065964,44.973905,0
            </coordinates>
          </LineString>
          <LineString>
            <tessellate>1</tessellate>
            <coordinates>
              -93.065964,44.973905,0
              -93.06596,44.974809,0
            </coordinates>
          </LineString>
          <LineString>
            <tessellate>1</tessellate>
            <coordinates>
              -93.06596,44.974809,0
              -93.065966,44.975707,0
              -93.065963,44.976618,0
            </coordinates>
          </LineString>
          <LineString>
            <tessellate>1</tessellate>
            <coordinates>
              -93.065963,44.976618,0
              -93.065967,44.977369,0
              -93.065967,44.977522,0
            </coordinates>
          </LineString>
          <LineString>
            <tessellate>1</tessellate>
            <coordinates>
              -93.065967,44.977522,0
              -93.065978,44.978427,0
              -93.065979,44.979331,0
              -93.065986,44.980216,0
            </coordinates>
          </LineString>
          <LineString>
            <tessellate>1</tessellate>
            <coordinates>
              -93.065986,44.980216,0
              -93.067623,44.980215,0
              -93.069391,44.980195,0
              -93.069398,44.980669,0
              -93.069397,44.98074,0
              -93.069355,44.980789,0
              -93.069276,44.980788,0
              -93.068532,44.980788,0
              -93.068467,44.980788,0
              -93.068335,44.9808,0
              -93.068268,44.980888,0
              -93.068227,44.981168,0
              -93.068226,44.981373,0
              -93.068331,44.981486,0
              -93.068482,44.981566,0
              -93.068483,44.982413,0
              -93.068528,44.982471,0
              -93.06853,44.982907,0
              -93.066008,44.982934,0
              -93.06599,44.982026,0
              -93.065994,44.981131,0
              -93.065986,44.980216,0
            </coordinates>
          </LineString>
          <LineString>
            <tessellate>1</tessellate>
            <coordinates>
              -93.065967,44.977522,0
              -93.065963,44.976618,0
            </coordinates>
          </LineString>
          <LineString>
            <tessellate>1</tessellate>
            <coordinates>
              -93.06596,44.974809,0
              -93.065963,44.974024,0
              -93.065964,44.973905,0
            </coordinates>
          </LineString>
          <LineString>
            <tessellate>1</tessellate>
            <coordinates>
              -93.065964,44.973905,0
              -93.065963,44.972986,0
            </coordinates>
          </LineString>
          <LineString>
            <tessellate>1</tessellate>
            <coordinates>
              -93.065974,44.971207,0
              -93.06596,44.970426,0
              -93.065958,44.970315,0
            </coordinates>
          </LineString>
        </MultiGeometry>
      </Placemark>
      <Placemark>
        <name>87</name>
        <description><![CDATA[description: <br>OBJECTID: 140<br>route: 87<br>routesort: 87<br>RouteDescription: Rosedale - U of M St Paul - Cleveland - Highland<br>RouteOperator: P<br>EffectiveDate: 2026/03/14 00:00:00+00<br>payleavedirectionid: 0<br>routepayleave: 0<br>RouteClass: SupportLoc<br>IsPublic: 1<br>wk_ftrip: 04:59:00<br>wk_ltrip: 22:58:00<br>wk_span: 17:59:00<br>wk_trip_freq: 62<br>sat_ftrip: 05:34:00<br>sat_ltrip: 22:52:00<br>sat_span: 17:18:00<br>sat_trip_freq: 65<br>sun_ftrip: 05:39:00<br>sun_ltrip: 21:24:00<br>sun_span: 15:45:00<br>sun_trip_freq: 32<br>Shape__Length: 33618.8104242375]]></description>
        <styleUrl>#line-E65100-1200</styleUrl>
        <ExtendedData>
          <Data name="description">
            <value/>
          </Data>
          <Data name="OBJECTID">
            <value>140</value>
          </Data>
          <Data name="route">
            <value>87</value>
          </Data>
          <Data name="routesort">
            <value>87</value>
          </Data>
          <Data name="RouteDescription">
            <value>Rosedale - U of M St Paul - Cleveland - Highland</value>
          </Data>
          <Data name="RouteOperator">
            <value>P</value>
          </Data>
          <Data name="EffectiveDate">
            <value>2026/03/14 00:00:00+00</value>
          </Data>
          <Data name="payleavedirectionid">
            <value>0</value>
          </Data>
          <Data name="routepayleave">
            <value>0</value>
          </Data>
          <Data name="RouteClass">
            <value>SupportLoc</value>
          </Data>
          <Data name="IsPublic">
            <value>1</value>
          </Data>
          <Data name="wk_ftrip">
            <value>04:59:00</value>
          </Data>
          <Data name="wk_ltrip">
            <value>22:58:00</value>
          </Data>
          <Data name="wk_span">
            <value>17:59:00</value>
          </Data>
          <Data name="wk_trip_freq">
            <value>62</value>
          </Data>
          <Data name="sat_ftrip">
            <value>05:34:00</value>
          </Data>
          <Data name="sat_ltrip">
            <value>22:52:00</value>
          </Data>
          <Data name="sat_span">
            <value>17:18:00</value>
          </Data>
          <Data name="sat_trip_freq">
            <value>65</value>
          </Data>
          <Data name="sun_ftrip">
            <value>05:39:00</value>
          </Data>
          <Data name="sun_ltrip">
            <value>21:24:00</value>
          </Data>
          <Data name="sun_span">
            <value>15:45:00</value>
          </Data>
          <Data name="sun_trip_freq">
            <value>32</value>
          </Data>
          <Data name="Shape__Length">
            <value>33618.8104242375</value>
          </Data>
        </ExtendedData>
        <MultiGeometry>
          <LineString>
            <tessellate>1</tessellate>
            <coordinates>
              -93.172131,44.898065,0
              -93.172137,44.896975,0
              -93.172138,44.896892,0
              -93.172134,44.896821,0
              -93.172123,44.896751,0
              -93.172103,44.896682,0
              -93.172076,44.896614,0
              -93.172041,44.896548,0
              -93.171999,44.896484,0
              -93.17212,44.896435,0
              -93.173469,44.896039,0
              -93.174525,44.895729,0
              -93.174677,44.895693,0
              -93.174832,44.895662,0
              -93.174989,44.895637,0
              -93.175148,44.895618,0
              -93.175307,44.895606,0
              -93.175468,44.895599,0
              -93.176768,44.895601,0
              -93.1769,44.895601,0
              -93.177031,44.895607,0
              -93.177162,44.89562,0
              -93.177291,44.895637,0
              -93.177419,44.895661,0
              -93.177544,44.89569,0
              -93.177666,44.895724,0
              -93.177785,44.895764,0
              -93.178201,44.895917,0
              -93.177711,44.896552,0
              -93.177222,44.897186,0
              -93.177036,44.897427,0
              -93.176567,44.898033,0
              -93.174856,44.898052,0
              -93.174678,44.898054,0
              -93.172305,44.898064,0
              -93.172131,44.898065,0
            </coordinates>
          </LineString>
          <LineString>
            <tessellate>1</tessellate>
            <coordinates>
              -93.172131,44.898065,0
              -93.172104,44.898967,0
            </coordinates>
          </LineString>
          <LineString>
            <tessellate>1</tessellate>
            <coordinates>
              -93.172104,44.898967,0
              -93.172135,44.899868,0
              -93.172134,44.89995,0
              -93.172134,44.899972,0
            </coordinates>
          </LineString>
          <LineString>
            <tessellate>1</tessellate>
            <coordinates>
              -93.172134,44.899972,0
              -93.172126,44.900591,0
              -93.17212,44.900995,0
            </coordinates>
          </LineString>
          <LineString>
            <tessellate>1</tessellate>
            <coordinates>
              -93.17212,44.900995,0
              -93.17057,44.901717,0
            </coordinates>
          </LineString>
          <LineString>
            <tessellate>1</tessellate>
            <coordinates>
              -93.17057,44.901717,0
              -93.170196,44.90189,0
              -93.168678,44.902592,0
            </coordinates>
          </LineString>
          <LineString>
            <tessellate>1</tessellate>
            <coordinates>
              -93.168678,44.902592,0
              -93.166769,44.903479,0
              -93.165896,44.903886,0
            </coordinates>
          </LineString>
          <LineString>
            <tessellate>1</tessellate>
            <coordinates>
              -93.165896,44.903886,0
              -93.1659,44.904094,0
              -93.165903,44.9042,0
            </coordinates>
          </LineString>
          <LineString>
            <tessellate>1</tessellate>
            <coordinates>
              -93.165903,44.9042,0
              -93.165905,44.9043,0
              -93.166941,44.904279,0
              -93.167017,44.904279,0
              -93.169763,44.90428,0
              -93.171952,44.90428,0
              -93.172113,44.904281,0
              -93.17708,44.904273,0
              -93.177326,44.904262,0
              -93.177333,44.904155,0
              -93.177331,44.903824,0
              -93.177322,44.902568,0
              -93.177317,44.901909,0
              -93.177315,44.901668,0
            </coordinates>
          </LineString>
          <LineString>
            <tessellate>1</tessellate>
            <coordinates>
              -93.177315,44.901668,0
              -93.177548,44.901664,0
            </coordinates>
          </LineString>
          <LineString>
            <tessellate>1</tessellate>
            <coordinates>
              -93.177548,44.901664,0
              -93.177651,44.901661,0
              -93.177752,44.901652,0
              -93.177852,44.901635,0
              -93.177949,44.901612,0
              -93.178043,44.901583,0
              -93.178133,44.901547,0
              -93.178231,44.901513,0
              -93.178334,44.901485,0
              -93.17844,44.901464,0
              -93.178548,44.901449,0
              -93.178658,44.901442,0
              -93.178768,44.901442,0
              -93.178878,44.901449,0
              -93.178986,44.901464,0
              -93.179092,44.901485,0
              -93.179195,44.901513,0
              -93.179381,44.901578,0
              -93.179472,44.901604,0
              -93.179565,44.901624,0
            </coordinates>
          </LineString>
          <LineString>
            <tessellate>1</tessellate>
            <coordinates>
              -93.179565,44.901624,0
              -93.179638,44.901636,0
              -93.17966,44.901639,0
            </coordinates>
          </LineString>
          <LineString>
            <tessellate>1</tessellate>
            <coordinates>
              -93.17966,44.901639,0
              -93.179757,44.901649,0
            </coordinates>
          </LineString>
          <LineString>
            <tessellate>1</tessellate>
            <coordinates>
              -93.179757,44.901649,0
              -93.180533,44.901648,0
            </coordinates>
          </LineString>
          <LineString>
            <tessellate>1</tessellate>
            <coordinates>
              -93.180533,44.901648,0
              -93.18215,44.901645,0
              -93.1823,44.901644,0
            </coordinates>
          </LineString>
          <LineString>
            <tessellate>1</tessellate>
            <coordinates>
              -93.1823,44.901644,0
              -93.183577,44.901639,0
            </coordinates>
          </LineString>
          <LineString>
            <tessellate>1</tessellate>
            <coordinates>
              -93.183577,44.901639,0
              -93.184733,44.901635,0
              -93.18484,44.901634,0
            </coordinates>
          </LineString>
          <LineString>
            <tessellate>1</tessellate>
            <coordinates>
              -93.18484,44.901634,0
              -93.18609,44.90163,0
            </coordinates>
          </LineString>
          <LineString>
            <tessellate>1</tessellate>
            <coordinates>
              -93.18609,44.90163,0
              -93.187218,44.901625,0
              -93.187396,44.901625,0
            </coordinates>
          </LineString>
          <LineString>
            <tessellate>1</tessellate>
            <coordinates>
              -93.187396,44.901625,0
              -93.187401,44.903493,0
              -93.187401,44.903567,0
              -93.187401,44.903594,0
              -93.187401,44.903657,0
              -93.187404,44.904458,0
            </coordinates>
          </LineString>
          <LineString>
            <tessellate>1</tessellate>
            <coordinates>
              -93.187404,44.904458,0
              -93.187406,44.905172,0
              -93.187406,44.90525,0
            </coordinates>
          </LineString>
          <LineString>
            <tessellate>1</tessellate>
            <coordinates>
              -93.187406,44.90525,0
              -93.187404,44.906162,0
            </coordinates>
          </LineString>
          <LineString>
            <tessellate>1</tessellate>
            <coordinates>
              -93.187404,44.906162,0
              -93.187401,44.90685,0
            </coordinates>
          </LineString>
          <LineString>
            <tessellate>1</tessellate>
            <coordinates>
              -93.187401,44.90685,0
              -93.1874,44.906984,0
            </coordinates>
          </LineString>
          <LineString>
            <tessellate>1</tessellate>
            <coordinates>
              -93.1874,44.906984,0
              -93.1874,44.907071,0
              -93.187398,44.907982,0
            </coordinates>
          </LineString>
          <LineString>
            <tessellate>1</tessellate>
            <coordinates>
              -93.187398,44.907982,0
              -93.187394,44.908818,0
              -93.187394,44.908893,0
            </coordinates>
          </LineString>
          <LineString>
            <tessellate>1</tessellate>
            <coordinates>
              -93.187394,44.908893,0
              -93.187391,44.909807,0
            </coordinates>
          </LineString>
          <LineString>
            <tessellate>1</tessellate>
            <coordinates>
              -93.187391,44.909807,0
              -93.187387,44.911119,0
              -93.187385,44.911708,0
            </coordinates>
          </LineString>
          <LineString>
            <tessellate>1</tessellate>
            <coordinates>
              -93.187385,44.911708,0
              -93.187382,44.912402,0
              -93.187382,44.912532,0
            </coordinates>
          </LineString>
          <LineString>
            <tessellate>1</tessellate>
            <coordinates>
              -93.187382,44.912532,0
              -93.185022,44.912532,0
              -93.184848,44.912536,0
              -93.185521,44.913557,0
              -93.18559,44.913661,0
              -93.186369,44.914808,0
              -93.187127,44.915959,0
              -93.187261,44.916162,0
              -93.187308,44.916931,0
              -93.187315,44.917063,0
              -93.187307,44.917748,0
              -93.187379,44.917876,0
            </coordinates>
          </LineString>
          <LineString>
            <tessellate>1</tessellate>
            <coordinates>
              -93.187379,44.917876,0
              -93.187379,44.917967,0
              -93.187372,44.918889,0
            </coordinates>
          </LineString>
          <LineString>
            <tessellate>1</tessellate>
            <coordinates>
              -93.187372,44.918889,0
              -93.187376,44.919171,0
              -93.187386,44.919753,0
            </coordinates>
          </LineString>
          <LineString>
            <tessellate>1</tessellate>
            <coordinates>
              -93.187386,44.919753,0
              -93.187385,44.919844,0
            </coordinates>
          </LineString>
          <LineString>
            <tessellate>1</tessellate>
            <coordinates>
              -93.187385,44.919844,0
              -93.187377,44.92071,0
            </coordinates>
          </LineString>
          <LineString>
            <tessellate>1</tessellate>
            <coordinates>
              -93.187377,44.92071,0
              -93.187371,44.921621,0
              -93.187371,44.921974,0
              -93.187371,44.922089,0
              -93.187371,44.922526,0
              -93.187371,44.922638,0
              -93.187371,44.923344,0
              -93.187371,44.923431,0
            </coordinates>
          </LineString>
          <LineString>
            <tessellate>1</tessellate>
            <coordinates>
              -93.187371,44.923431,0
              -93.187372,44.924342,0
            </coordinates>
          </LineString>
          <LineString>
            <tessellate>1</tessellate>
            <coordinates>
              -93.187372,44.924342,0
              -93.187372,44.925156,0
              -93.187372,44.925251,0
              -93.187372,44.92538,0
              -93.187372,44.926167,0
              -93.187372,44.926708,0
              -93.187372,44.926777,0
              -93.187372,44.927064,0
              -93.187369,44.92797,0
            </coordinates>
          </LineString>
          <LineString>
            <tessellate>1</tessellate>
            <coordinates>
              -93.187369,44.92797,0
              -93.187374,44.928794,0
              -93.187375,44.928886,0
            </coordinates>
          </LineString>
          <LineString>
            <tessellate>1</tessellate>
            <coordinates>
              -93.187375,44.928886,0
              -93.187376,44.929789,0
            </coordinates>
          </LineString>
          <LineString>
            <tessellate>1</tessellate>
            <coordinates>
              -93.187376,44.929789,0
              -93.187377,44.930569,0
              -93.187377,44.930697,0
            </coordinates>
          </LineString>
          <LineString>
            <tessellate>1</tessellate>
            <coordinates>
              -93.187377,44.930697,0
              -93.187379,44.931601,0
            </coordinates>
          </LineString>
          <LineString>
            <tessellate>1</tessellate>
            <coordinates>
              -93.187379,44.931601,0
              -93.18738,44.932412,0
              -93.187381,44.932513,0
            </coordinates>
          </LineString>
          <LineString>
            <tessellate>1</tessellate>
            <coordinates>
              -93.187381,44.932513,0
              -93.187382,44.933421,0
            </coordinates>
          </LineString>
          <LineString>
            <tessellate>1</tessellate>
            <coordinates>
              -93.187382,44.933421,0
              -93.187381,44.933778,0
              -93.187379,44.934329,0
            </coordinates>
          </LineString>
          <LineString>
            <tessellate>1</tessellate>
            <coordinates>
              -93.187379,44.934329,0
              -93.18738,44.935227,0
            </coordinates>
          </LineString>
          <LineString>
            <tessellate>1</tessellate>
            <coordinates>
              -93.18738,44.935227,0
              -93.187381,44.936047,0
              -93.187381,44.936126,0
            </coordinates>
          </LineString>
          <LineString>
            <tessellate>1</tessellate>
            <coordinates>
              -93.187381,44.936126,0
              -93.187382,44.937027,0
            </coordinates>
          </LineString>
          <LineString>
            <tessellate>1</tessellate>
            <coordinates>
              -93.187382,44.937027,0
              -93.187383,44.937826,0
              -93.187383,44.937932,0
            </coordinates>
          </LineString>
          <LineString>
            <tessellate>1</tessellate>
            <coordinates>
              -93.187383,44.937932,0
              -93.187383,44.938049,0
              -93.187383,44.93903,0
              -93.187383,44.940108,0
            </coordinates>
          </LineString>
          <LineString>
            <tessellate>1</tessellate>
            <coordinates>
              -93.187383,44.940108,0
              -93.187384,44.940521,0
              -93.187385,44.941346,0
            </coordinates>
          </LineString>
          <LineString>
            <tessellate>1</tessellate>
            <coordinates>
              -93.187385,44.941346,0
              -93.187385,44.941673,0
            </coordinates>
          </LineString>
          <LineString>
            <tessellate>1</tessellate>
            <coordinates>
              -93.187385,44.941673,0
              -93.187376,44.942793,0
              -93.187375,44.942941,0
            </coordinates>
          </LineString>
          <LineString>
            <tessellate>1</tessellate>
            <coordinates>
              -93.187375,44.942941,0
              -93.187369,44.943891,0
              -93.187369,44.944003,0
            </coordinates>
          </LineString>
          <LineString>
            <tessellate>1</tessellate>
            <coordinates>
              -93.187369,44.944003,0
              -93.187362,44.94515,0
            </coordinates>
          </LineString>
          <LineString>
            <tessellate>1</tessellate>
            <coordinates>
              -93.187362,44.94515,0
              -93.187356,44.94607,0
              -93.187356,44.946209,0
            </coordinates>
          </LineString>
          <LineString>
            <tessellate>1</tessellate>
            <coordinates>
              -93.187356,44.946209,0
              -93.187353,44.94727,0
            </coordinates>
          </LineString>
          <LineString>
            <tessellate>1</tessellate>
            <coordinates>
              -93.187353,44.94727,0
              -93.187348,44.948204,0
              -93.187347,44.948381,0
            </coordinates>
          </LineString>
          <LineString>
            <tessellate>1</tessellate>
            <coordinates>
              -93.187347,44.948381,0
              -93.187349,44.948893,0
            </coordinates>
          </LineString>
          <LineString>
            <tessellate>1</tessellate>
            <coordinates>
              -93.187349,44.948893,0
              -93.187351,44.949329,0
              -93.187351,44.94944,0
            </coordinates>
          </LineString>
          <LineString>
            <tessellate>1</tessellate>
            <coordinates>
              -93.187351,44.94944,0
              -93.187352,44.949641,0
            </coordinates>
          </LineString>
          <LineString>
            <tessellate>1</tessellate>
            <coordinates>
              -93.187352,44.949641,0
              -93.187356,44.950738,0
              -93.187356,44.950849,0
            </coordinates>
          </LineString>
          <LineString>
            <tessellate>1</tessellate>
            <coordinates>
              -93.187356,44.950849,0
              -93.187361,44.952005,0
            </coordinates>
          </LineString>
          <LineString>
            <tessellate>1</tessellate>
            <coordinates>
              -93.187361,44.952005,0
              -93.187362,44.952268,0
              -93.187362,44.952373,0
            </coordinates>
          </LineString>
          <LineString>
            <tessellate>1</tessellate>
            <coordinates>
              -93.187362,44.952373,0
              -93.187369,44.953626,0
              -93.18737,44.953773,0
            </coordinates>
          </LineString>
          <LineString>
            <tessellate>1</tessellate>
            <coordinates>
              -93.18737,44.953773,0
              -93.187372,44.9543,0
            </coordinates>
          </LineString>
          <LineString>
            <tessellate>1</tessellate>
            <coordinates>
              -93.187372,44.9543,0
              -93.187373,44.954533,0
            </coordinates>
          </LineString>
          <LineString>
            <tessellate>1</tessellate>
            <coordinates>
              -93.187373,44.954533,0
              -93.187373,44.954729,0
              -93.187374,44.954897,0
            </coordinates>
          </LineString>
          <LineString>
            <tessellate>1</tessellate>
            <coordinates>
              -93.187374,44.954897,0
              -93.186057,44.954457,0
            </coordinates>
          </LineString>
          <LineString>
            <tessellate>1</tessellate>
            <coordinates>
              -93.186057,44.954457,0
              -93.183145,44.953483,0
            </coordinates>
          </LineString>
          <LineString>
            <tessellate>1</tessellate>
            <coordinates>
              -93.183145,44.953483,0
              -93.182603,44.953395,0
              -93.182373,44.953357,0
            </coordinates>
          </LineString>
          <LineString>
            <tessellate>1</tessellate>
            <coordinates>
              -93.182373,44.953357,0
              -93.18228,44.954003,0
              -93.182285,44.954163,0
              -93.182285,44.954296,0
              -93.182285,44.954423,0
              -93.182285,44.956219,0
              -93.182285,44.956229,0
              -93.182285,44.956345,0
            </coordinates>
          </LineString>
          <LineString>
            <tessellate>1</tessellate>
            <coordinates>
              -93.182285,44.956345,0
              -93.182288,44.957443,0
              -93.182289,44.957755,0
            </coordinates>
          </LineString>
          <LineString>
            <tessellate>1</tessellate>
            <coordinates>
              -93.182289,44.957755,0
              -93.182289,44.95783,0
              -93.182289,44.957893,0
              -93.183763,44.958495,0
              -93.186227,44.959473,0
              -93.186966,44.959755,0
              -93.187244,44.959861,0
              -93.188012,44.960169,0
              -93.18962,44.960819,0
              -93.189772,44.960879,0
              -93.190404,44.96113,0
              -93.191255,44.961468,0
              -93.192752,44.962068,0
              -93.192863,44.962113,0
              -93.194472,44.962751,0
              -93.195821,44.963293,0
              -93.195977,44.963355,0
              -93.196086,44.963399,0
              -93.197411,44.963938,0
              -93.197557,44.963998,0
            </coordinates>
          </LineString>
          <LineString>
            <tessellate>1</tessellate>
            <coordinates>
              -93.197557,44.963998,0
              -93.197551,44.965173,0
              -93.197549,44.965507,0
            </coordinates>
          </LineString>
          <LineString>
            <tessellate>1</tessellate>
            <coordinates>
              -93.197549,44.965507,0
              -93.197548,44.965725,0
              -93.197544,44.966431,0
            </coordinates>
          </LineString>
          <LineString>
            <tessellate>1</tessellate>
            <coordinates>
              -93.197544,44.966431,0
              -93.198381,44.9682,0
              -93.198411,44.968242,0
              -93.198432,44.968287,0
              -93.198445,44.968333,0
              -93.198451,44.96838,0
            </coordinates>
          </LineString>
          <LineString>
            <tessellate>1</tessellate>
            <coordinates>
              -93.198451,44.96838,0
              -93.198443,44.968422,0
              -93.198438,44.968444,0
              -93.198413,44.968525,0
              -93.198379,44.968604,0
              -93.198344,44.968669,0
              -93.198303,44.968732,0
              -93.198257,44.968793,0
              -93.198244,44.968807,0
              -93.197908,44.969177,0
              -93.197818,44.969275,0
              -93.197797,44.969354,0
            </coordinates>
          </LineString>
          <LineString>
            <tessellate>1</tessellate>
            <coordinates>
              -93.197797,44.969354,0
              -93.19764,44.969518,0
              -93.197627,44.9696,0
              -93.19755,44.970533,0
              -93.197525,44.970607,0
              -93.19749,44.97068,0
              -93.197447,44.97075,0
              -93.197395,44.970817,0
              -93.197335,44.970881,0
            </coordinates>
          </LineString>
          <LineString>
            <tessellate>1</tessellate>
            <coordinates>
              -93.197335,44.970881,0
              -93.19727,44.970938,0
              -93.197268,44.970941,0
            </coordinates>
          </LineString>
          <LineString>
            <tessellate>1</tessellate>
            <coordinates>
              -93.197268,44.970941,0
              -93.197193,44.970996,0
            </coordinates>
          </LineString>
          <LineString>
            <tessellate>1</tessellate>
            <coordinates>
              -93.197193,44.970996,0
              -93.196756,44.971254,0
            </coordinates>
          </LineString>
          <LineString>
            <tessellate>1</tessellate>
            <coordinates>
              -93.196756,44.971254,0
              -93.196596,44.971349,0
              -93.196503,44.971415,0
              -93.196416,44.971486,0
              -93.196336,44.97156,0
              -93.196262,44.971637,0
              -93.196196,44.971718,0
              -93.196136,44.971801,0
              -93.196084,44.971887,0
              -93.196052,44.97195,0
              -93.196024,44.972013,0
              -93.195661,44.973294,0
              -93.195631,44.973371,0
              -93.195593,44.973445,0
              -93.195547,44.973518,0
              -93.195493,44.973588,0
              -93.195431,44.973655,0
              -93.195285,44.973771,0
              -93.194569,44.97423,0
            </coordinates>
          </LineString>
          <LineString>
            <tessellate>1</tessellate>
            <coordinates>
              -93.194569,44.97423,0
              -93.194266,44.974433,0
            </coordinates>
          </LineString>
          <LineString>
            <tessellate>1</tessellate>
            <coordinates>
              -93.194266,44.974433,0
              -93.193983,44.974623,0
              -93.193659,44.97484,0
            </coordinates>
          </LineString>
          <LineString>
            <tessellate>1</tessellate>
            <coordinates>
              -93.193659,44.97484,0
              -93.193602,44.974879,0
              -93.193347,44.975226,0
            </coordinates>
          </LineString>
          <LineString>
            <tessellate>1</tessellate>
            <coordinates>
              -93.193347,44.975226,0
              -93.192316,44.975787,0
            </coordinates>
          </LineString>
          <LineString>
            <tessellate>1</tessellate>
            <coordinates>
              -93.192316,44.975787,0
              -93.192071,44.97592,0
              -93.191948,44.975987,0
            </coordinates>
          </LineString>
          <LineString>
            <tessellate>1</tessellate>
            <coordinates>
              -93.191948,44.975987,0
              -93.191426,44.976271,0
            </coordinates>
          </LineString>
          <LineString>
            <tessellate>1</tessellate>
            <coordinates>
              -93.191426,44.976271,0
              -93.190874,44.976572,0
            </coordinates>
          </LineString>
          <LineString>
            <tessellate>1</tessellate>
            <coordinates>
              -93.190874,44.976572,0
              -93.190188,44.976944,0
              -93.189813,44.977149,0
              -93.189491,44.977326,0
              -93.189096,44.977545,0
              -93.189021,44.977581,0
              -93.18895,44.977621,0
              -93.188928,44.977636,0
              -93.188884,44.977666,0
            </coordinates>
          </LineString>
          <LineString>
            <tessellate>1</tessellate>
            <coordinates>
              -93.188884,44.977666,0
              -93.188868,44.977678,0
              -93.188823,44.977714,0
            </coordinates>
          </LineString>
          <LineString>
            <tessellate>1</tessellate>
            <coordinates>
              -93.188823,44.977714,0
              -93.188768,44.977772,0
              -93.188709,44.977828,0
              -93.188645,44.977881,0
              -93.188577,44.977931,0
              -93.188511,44.977973,0
              -93.188442,44.978011,0
              -93.188368,44.978044,0
              -93.188291,44.978074,0
              -93.188211,44.978099,0
              -93.187951,44.978181,0
              -93.187819,44.978232,0
              -93.187744,44.978266,0
              -93.187674,44.978305,0
              -93.187609,44.978349,0
              -93.187549,44.978396,0
              -93.187431,44.978526,0
              -93.187383,44.978611,0
              -93.187343,44.978698,0
              -93.187312,44.978787,0
              -93.187288,44.978877,0
              -93.187274,44.978968,0
              -93.187267,44.979059,0
              -93.18727,44.97915,0
              -93.18728,44.979241,0
            </coordinates>
          </LineString>
          <LineString>
            <tessellate>1</tessellate>
            <coordinates>
              -93.18728,44.979241,0
              -93.187277,44.979551,0
              -93.187276,44.979641,0
            </coordinates>
          </LineString>
          <LineString>
            <tessellate>1</tessellate>
            <coordinates>
              -93.187276,44.979641,0
              -93.187264,44.980658,0
              -93.187263,44.980777,0
            </coordinates>
          </LineString>
          <LineString>
            <tessellate>1</tessellate>
            <coordinates>
              -93.187263,44.980777,0
              -93.187259,44.981213,0
            </coordinates>
          </LineString>
          <LineString>
            <tessellate>1</tessellate>
            <coordinates>
              -93.187259,44.981213,0
              -93.187252,44.981864,0
              -93.187251,44.981938,0
            </coordinates>
          </LineString>
          <LineString>
            <tessellate>1</tessellate>
            <coordinates>
              -93.187251,44.981938,0
              -93.185975,44.981931,0
              -93.185902,44.981948,0
              -93.185834,44.981971,0
              -93.18577,44.981999,0
              -93.18571,44.982033,0
              -93.185657,44.982072,0
              -93.18561,44.982114,0
              -93.185571,44.98216,0
              -93.185539,44.982209,0
              -93.185516,44.98226,0
              -93.185523,44.983426,0
              -93.18553,44.984468,0
            </coordinates>
          </LineString>
          <LineString>
            <tessellate>1</tessellate>
            <coordinates>
              -93.18553,44.984468,0
              -93.185123,44.984471,0
              -93.184407,44.984474,0
            </coordinates>
          </LineString>
          <LineString>
            <tessellate>1</tessellate>
            <coordinates>
              -93.184407,44.984474,0
              -93.184095,44.984477,0
              -93.184032,44.984477,0
              -93.183969,44.984473,0
              -93.183907,44.984464,0
              -93.183846,44.984452,0
              -93.183677,44.984419,0
              -93.183568,44.984403,0
              -93.183457,44.984392,0
              -93.183346,44.984387,0
              -93.183234,44.984389,0
              -93.183124,44.984396,0
              -93.183013,44.984409,0
              -93.182933,44.984426,0
              -93.18285,44.984437,0
              -93.182766,44.984442,0
              -93.182682,44.98444,0
              -93.181803,44.984432,0
            </coordinates>
          </LineString>
          <LineString>
            <tessellate>1</tessellate>
            <coordinates>
              -93.181803,44.984432,0
              -93.181799,44.984639,0
            </coordinates>
          </LineString>
          <LineString>
            <tessellate>1</tessellate>
            <coordinates>
              -93.181799,44.984639,0
              -93.181795,44.984884,0
              -93.181793,44.985021,0
            </coordinates>
          </LineString>
          <LineString>
            <tessellate>1</tessellate>
            <coordinates>
              -93.181793,44.985021,0
              -93.181786,44.985113,0
              -93.181772,44.985205,0
              -93.181751,44.985297,0
              -93.181723,44.985387,0
              -93.181679,44.985504,0
              -93.181644,44.985622,0
              -93.181616,44.985741,0
              -93.181596,44.985861,0
              -93.181585,44.985981,0
              -93.181582,44.986102,0
              -93.181587,44.986223,0
              -93.181601,44.986343,0
              -93.181622,44.986463,0
            </coordinates>
          </LineString>
          <LineString>
            <tessellate>1</tessellate>
            <coordinates>
              -93.181622,44.986463,0
              -93.181627,44.986483,0
              -93.181652,44.986582,0
            </coordinates>
          </LineString>
          <LineString>
            <tessellate>1</tessellate>
            <coordinates>
              -93.181652,44.986582,0
              -93.181821,44.986975,0
            </coordinates>
          </LineString>
          <LineString>
            <tessellate>1</tessellate>
            <coordinates>
              -93.181821,44.986975,0
              -93.181864,44.987074,0
              -93.181899,44.987175,0
              -93.181927,44.987277,0
              -93.181948,44.98738,0
              -93.18196,44.987484,0
              -93.181961,44.988014,0
              -93.181965,44.989956,0
            </coordinates>
          </LineString>
          <LineString>
            <tessellate>1</tessellate>
            <coordinates>
              -93.181965,44.989956,0
              -93.181968,44.991442,0
              -93.181968,44.991647,0
            </coordinates>
          </LineString>
          <LineString>
            <tessellate>1</tessellate>
            <coordinates>
              -93.181968,44.991647,0
              -93.180233,44.991659,0
              -93.178894,44.991661,0
              -93.178236,44.991662,0
              -93.176957,44.991664,0
              -93.176955,44.991784,0
            </coordinates>
          </LineString>
          <LineString>
            <tessellate>1</tessellate>
            <coordinates>
              -93.176955,44.991784,0
              -93.176956,44.992328,0
              -93.176959,44.994754,0
            </coordinates>
          </LineString>
          <LineString>
            <tessellate>1</tessellate>
            <coordinates>
              -93.176959,44.994754,0
              -93.176964,44.998734,0
              -93.176965,44.998947,0
            </coordinates>
          </LineString>
          <LineString>
            <tessellate>1</tessellate>
            <coordinates>
              -93.176965,44.998947,0
              -93.176968,44.999846,0
            </coordinates>
          </LineString>
          <LineString>
            <tessellate>1</tessellate>
            <coordinates>
              -93.176968,44.999846,0
              -93.176964,45.000751,0
              -93.176967,45.001638,0
              -93.176969,45.002068,0
              -93.176971,45.002542,0
            </coordinates>
          </LineString>
          <LineString>
            <tessellate>1</tessellate>
            <coordinates>
              -93.176971,45.002542,0
              -93.17697,45.002868,0
              -93.17697,45.003008,0
            </coordinates>
          </LineString>
          <LineString>
            <tessellate>1</tessellate>
            <coordinates>
              -93.17697,45.003008,0
              -93.176969,45.003475,0
              -93.176967,45.003911,0
            </coordinates>
          </LineString>
          <LineString>
            <tessellate>1</tessellate>
            <coordinates>
              -93.176967,45.003911,0
              -93.176955,45.006046,0
              -93.176954,45.006137,0
            </coordinates>
          </LineString>
          <LineString>
            <tessellate>1</tessellate>
            <coordinates>
              -93.176954,45.006137,0
              -93.176905,45.008111,0
            </coordinates>
          </LineString>
          <LineString>
            <tessellate>1</tessellate>
            <coordinates>
              -93.176905,45.008111,0
              -93.176572,45.009093,0
              -93.176545,45.009158,0
              -93.176425,45.009712,0
              -93.176397,45.009838,0
              -93.176374,45.009964,0
              -93.176362,45.010044,0
              -93.176344,45.01019,0
              -93.176331,45.010338,0
              -93.176328,45.010392,0
              -93.176324,45.010576,0
              -93.176329,45.010759,0
              -93.176337,45.010874,0
              -93.176348,45.010989,0
              -93.176363,45.011133,0
              -93.176386,45.011278,0
              -93.176435,45.011539,0
              -93.176493,45.011799,0
              -93.176766,45.012835,0
              -93.176891,45.01342,0
              -93.176921,45.013563,0
              -93.176922,45.014118,0
              -93.176833,45.014123,0
              -93.176599,45.014146,0
              -93.176417,45.01418,0
              -93.176171,45.014262,0
              -93.175712,45.014544,0
              -93.175671,45.014569,0
              -93.175624,45.014599,0
              -93.175414,45.014735,0
              -93.175236,45.014822,0
              -93.175059,45.014898,0
              -93.174894,45.014944,0
              -93.174753,45.014979,0
              -93.174609,45.014997,0
              -93.174388,45.015012,0
              -93.174109,45.01501,0
              -93.171148,45.014982,0
            </coordinates>
          </LineString>
          <LineString>
            <tessellate>1</tessellate>
            <coordinates>
              -93.171148,45.014982,0
              -93.170603,45.01499,0
              -93.170498,45.014989,0
              -93.170374,45.014989,0
              -93.170141,45.014965,0
              -93.169933,45.014917,0
              -93.169693,45.014841,0
              -93.169476,45.014745,0
              -93.169221,45.01461,0
              -93.168598,45.014236,0
              -93.169135,45.013751,0
            </coordinates>
          </LineString>
          <LineString>
            <tessellate>1</tessellate>
            <coordinates>
              -93.169135,45.013751,0
              -93.16908,45.013689,0
              -93.169017,45.013631,0
              -93.168946,45.013577,0
              -93.16887,45.013528,0
              -93.168168,45.013129,0
              -93.168112,45.013084,0
              -93.168062,45.013036,0
              -93.168019,45.012984,0
              -93.167981,45.012931,0
              -93.168477,45.012517,0
              -93.168572,45.012438,0
              -93.168381,45.012357,0
              -93.16808,45.012225,0
              -93.167945,45.012164,0
              -93.167892,45.012219,0
              -93.167847,45.012278,0
              -93.167811,45.012339,0
              -93.167785,45.012403,0
              -93.167768,45.012469,0
              -93.167762,45.012536,0
              -93.167765,45.012602,0
              -93.167778,45.012668,0
              -93.167838,45.012826,0
              -93.167894,45.012973,0
              -93.167904,45.012991,0
              -93.16794,45.01305,0
              -93.167984,45.013105,0
              -93.168034,45.013158,0
              -93.168091,45.013207,0
              -93.168154,45.013253,0
              -93.168222,45.013294,0
              -93.16857,45.013468,0
              -93.169013,45.013688,0
              -93.169106,45.013735,0
              -93.169135,45.013751,0
            </coordinates>
          </LineString>
          <LineString>
            <tessellate>1</tessellate>
            <coordinates>
              -93.169135,45.013751,0
              -93.169358,45.013875,0
              -93.169577,45.014002,0
              -93.169792,45.014132,0
              -93.170187,45.01439,0
              -93.170286,45.014438,0
              -93.170389,45.014479,0
              -93.170496,45.014514,0
              -93.170608,45.014543,0
              -93.170722,45.014565,0
              -93.170839,45.014581,0
              -93.170957,45.01459,0
              -93.171138,45.014592,0
              -93.171148,45.014982,0
            </coordinates>
          </LineString>
          <LineString>
            <tessellate>1</tessellate>
            <coordinates>
              -93.171148,45.014982,0
              -93.17115,45.015051,0
              -93.17115,45.01512,0
              -93.171525,45.015119,0
              -93.173742,45.015113,0
              -93.174441,45.015111,0
              -93.174749,45.015089,0
              -93.174974,45.015044,0
              -93.175141,45.014994,0
              -93.175358,45.0149,0
              -93.175506,45.014823,0
              -93.175729,45.014673,0
              -93.175774,45.014644,0
              -93.175806,45.014625,0
              -93.176263,45.014352,0
              -93.176386,45.014312,0
              -93.176623,45.014264,0
              -93.176829,45.014233,0
              -93.176919,45.014228,0
              -93.17705,45.014222,0
              -93.177049,45.014164,0
              -93.177051,45.014111,0
              -93.177076,45.013375,0
              -93.177063,45.013188,0
              -93.177051,45.013098,0
              -93.17704,45.013,0
              -93.177006,45.012814,0
              -93.176963,45.012628,0
              -93.176911,45.012444,0
              -93.176763,45.012012,0
              -93.176685,45.011761,0
              -93.176614,45.01151,0
              -93.176552,45.011257,0
              -93.176527,45.011052,0
              -93.17651,45.010846,0
              -93.176501,45.010641,0
              -93.1765,45.010435,0
              -93.176501,45.010379,0
              -93.176503,45.010338,0
              -93.176511,45.01019,0
              -93.176527,45.010043,0
              -93.176537,45.009972,0
              -93.176552,45.009881,0
              -93.176724,45.00918,0
              -93.176735,45.009113,0
              -93.176905,45.008111,0
            </coordinates>
          </LineString>
          <LineString>
            <tessellate>1</tessellate>
            <coordinates>
              -93.176905,45.008111,0
              -93.176916,45.007684,0
              -93.17695,45.006303,0
              -93.176954,45.006137,0
            </coordinates>
          </LineString>
          <LineString>
            <tessellate>1</tessellate>
            <coordinates>
              -93.176954,45.006137,0
              -93.176967,45.003911,0
            </coordinates>
          </LineString>
          <LineString>
            <tessellate>1</tessellate>
            <coordinates>
              -93.17697,45.003008,0
              -93.176971,45.002632,0
              -93.176971,45.002542,0
            </coordinates>
          </LineString>
          <LineString>
            <tessellate>1</tessellate>
            <coordinates>
              -93.176968,44.999846,0
              -93.176965,44.999141,0
              -93.176965,44.998947,0
            </coordinates>
          </LineString>
          <LineString>
            <tessellate>1</tessellate>
            <coordinates>
              -93.176965,44.998947,0
              -93.176959,44.994754,0
            </coordinates>
          </LineString>
          <LineString>
            <tessellate>1</tessellate>
            <coordinates>
              -93.176959,44.994754,0
              -93.176955,44.991924,0
              -93.176955,44.991784,0
            </coordinates>
          </LineString>
          <LineString>
            <tessellate>1</tessellate>
            <coordinates>
              -93.176955,44.991784,0
              -93.178897,44.991778,0
              -93.180238,44.991776,0
              -93.181968,44.99177,0
              -93.181968,44.991647,0
            </coordinates>
          </LineString>
          <LineString>
            <tessellate>1</tessellate>
            <coordinates>
              -93.181968,44.991647,0
              -93.181965,44.989956,0
            </coordinates>
          </LineString>
          <LineString>
            <tessellate>1</tessellate>
            <coordinates>
              -93.181821,44.986975,0
              -93.181701,44.986697,0
              -93.181652,44.986582,0
            </coordinates>
          </LineString>
          <LineString>
            <tessellate>1</tessellate>
            <coordinates>
              -93.181652,44.986582,0
              -93.181622,44.986463,0
            </coordinates>
          </LineString>
          <LineString>
            <tessellate>1</tessellate>
            <coordinates>
              -93.181793,44.985021,0
              -93.181799,44.984639,0
            </coordinates>
          </LineString>
          <LineString>
            <tessellate>1</tessellate>
            <coordinates>
              -93.181799,44.984639,0
              -93.1818,44.984599,0
              -93.181803,44.984432,0
            </coordinates>
          </LineString>
          <LineString>
            <tessellate>1</tessellate>
            <coordinates>
              -93.184407,44.984474,0
              -93.18553,44.984468,0
            </coordinates>
          </LineString>
          <LineString>
            <tessellate>1</tessellate>
            <coordinates>
              -93.18553,44.984468,0
              -93.186294,44.984469,0
              -93.187224,44.98447,0
              -93.187237,44.983506,0
              -93.18725,44.982045,0
              -93.187251,44.981938,0
            </coordinates>
          </LineString>
          <LineString>
            <tessellate>1</tessellate>
            <coordinates>
              -93.187251,44.981938,0
              -93.187259,44.981213,0
            </coordinates>
          </LineString>
          <LineString>
            <tessellate>1</tessellate>
            <coordinates>
              -93.187259,44.981213,0
              -93.187262,44.980887,0
              -93.187263,44.980777,0
            </coordinates>
          </LineString>
          <LineString>
            <tessellate>1</tessellate>
            <coordinates>
              -93.187263,44.980777,0
              -93.187275,44.979731,0
              -93.187276,44.979641,0
            </coordinates>
          </LineString>
          <LineString>
            <tessellate>1</tessellate>
            <coordinates>
              -93.187276,44.979641,0
              -93.18728,44.979241,0
            </coordinates>
          </LineString>
          <LineString>
            <tessellate>1</tessellate>
            <coordinates>
              -93.188823,44.977714,0
              -93.188884,44.977666,0
            </coordinates>
          </LineString>
          <LineString>
            <tessellate>1</tessellate>
            <coordinates>
              -93.190874,44.976572,0
              -93.191308,44.976336,0
              -93.191426,44.976271,0
            </coordinates>
          </LineString>
          <LineString>
            <tessellate>1</tessellate>
            <coordinates>
              -93.191948,44.975987,0
              -93.192316,44.975787,0
            </coordinates>
          </LineString>
          <LineString>
            <tessellate>1</tessellate>
            <coordinates>
              -93.192316,44.975787,0
              -93.193216,44.975297,0
              -93.193347,44.975226,0
            </coordinates>
          </LineString>
          <LineString>
            <tessellate>1</tessellate>
            <coordinates>
              -93.193659,44.97484,0
              -93.194266,44.974433,0
            </coordinates>
          </LineString>
          <LineString>
            <tessellate>1</tessellate>
            <coordinates>
              -93.194266,44.974433,0
              -93.19442,44.97433,0
              -93.194569,44.97423,0
            </coordinates>
          </LineString>
          <LineString>
            <tessellate>1</tessellate>
            <coordinates>
              -93.196756,44.971254,0
              -93.197081,44.971062,0
              -93.197193,44.970996,0
            </coordinates>
          </LineString>
          <LineString>
            <tessellate>1</tessellate>
            <coordinates>
              -93.197268,44.970941,0
              -93.197335,44.970881,0
            </coordinates>
          </LineString>
          <LineString>
            <tessellate>1</tessellate>
            <coordinates>
              -93.197797,44.969354,0
              -93.197885,44.969312,0
              -93.198068,44.969111,0
              -93.19833,44.968823,0
              -93.19838,44.968766,0
              -93.198422,44.968706,0
              -93.198456,44.968643,0
              -93.198482,44.968578,0
              -93.198499,44.968512,0
              -93.198503,44.968486,0
              -93.198504,44.968466,0
              -93.198501,44.968447,0
              -93.198493,44.968428,0
              -93.198482,44.96841,0
              -93.198468,44.968394,0
              -93.198451,44.96838,0
            </coordinates>
          </LineString>
          <LineString>
            <tessellate>1</tessellate>
            <coordinates>
              -93.197544,44.966431,0
              -93.197548,44.965676,0
              -93.197549,44.965507,0
            </coordinates>
          </LineString>
          <LineString>
            <tessellate>1</tessellate>
            <coordinates>
              -93.197557,44.963998,0
              -93.197558,44.963919,0
              -93.197558,44.963852,0
              -93.196333,44.963373,0
              -93.196164,44.963306,0
              -93.196058,44.963263,0
              -93.194562,44.96265,0
              -93.193058,44.962054,0
              -93.192947,44.96201,0
              -93.191338,44.961366,0
              -93.190487,44.961027,0
              -93.189903,44.960795,0
              -93.189703,44.960715,0
              -93.188094,44.960069,0
              -93.187545,44.959857,0
              -93.187297,44.959761,0
              -93.186469,44.959414,0
              -93.1863,44.959341,0
              -93.18427,44.958513,0
              -93.182532,44.957848,0
              -93.182289,44.957755,0
            </coordinates>
          </LineString>
          <LineString>
            <tessellate>1</tessellate>
            <coordinates>
              -93.182289,44.957755,0
              -93.182285,44.956345,0
            </coordinates>
          </LineString>
          <LineString>
            <tessellate>1</tessellate>
            <coordinates>
              -93.182373,44.953357,0
              -93.183051,44.953467,0
              -93.183145,44.953483,0
            </coordinates>
          </LineString>
          <LineString>
            <tessellate>1</tessellate>
            <coordinates>
              -93.186057,44.954457,0
              -93.187238,44.954852,0
              -93.187374,44.954897,0
            </coordinates>
          </LineString>
          <LineString>
            <tessellate>1</tessellate>
            <coordinates>
              -93.187374,44.954897,0
              -93.187373,44.954533,0
            </coordinates>
          </LineString>
          <LineString>
            <tessellate>1</tessellate>
            <coordinates>
              -93.187372,44.9543,0
              -93.187371,44.953918,0
              -93.18737,44.953773,0
            </coordinates>
          </LineString>
          <LineString>
            <tessellate>1</tessellate>
            <coordinates>
              -93.18737,44.953773,0
              -93.187362,44.952373,0
            </coordinates>
          </LineString>
          <LineString>
            <tessellate>1</tessellate>
            <coordinates>
              -93.187362,44.952373,0
              -93.187361,44.952096,0
              -93.187361,44.952005,0
            </coordinates>
          </LineString>
          <LineString>
            <tessellate>1</tessellate>
            <coordinates>
              -93.187361,44.952005,0
              -93.187357,44.950945,0
              -93.187356,44.950849,0
            </coordinates>
          </LineString>
          <LineString>
            <tessellate>1</tessellate>
            <coordinates>
              -93.187356,44.950849,0
              -93.187352,44.949763,0
              -93.187352,44.949641,0
            </coordinates>
          </LineString>
          <LineString>
            <tessellate>1</tessellate>
            <coordinates>
              -93.187351,44.94944,0
              -93.187349,44.948893,0
            </coordinates>
          </LineString>
          <LineString>
            <tessellate>1</tessellate>
            <coordinates>
              -93.187349,44.948893,0
              -93.187348,44.948548,0
              -93.187347,44.948381,0
            </coordinates>
          </LineString>
          <LineString>
            <tessellate>1</tessellate>
            <coordinates>
              -93.187347,44.948381,0
              -93.187353,44.94727,0
            </coordinates>
          </LineString>
          <LineString>
            <tessellate>1</tessellate>
            <coordinates>
              -93.187353,44.94727,0
              -93.187355,44.946367,0
              -93.187356,44.946209,0
            </coordinates>
          </LineString>
          <LineString>
            <tessellate>1</tessellate>
            <coordinates>
              -93.187356,44.946209,0
              -93.187362,44.94515,0
            </coordinates>
          </LineString>
          <LineString>
            <tessellate>1</tessellate>
            <coordinates>
              -93.187369,44.944003,0
              -93.187372,44.94346,0
              -93.187375,44.942941,0
            </coordinates>
          </LineString>
          <LineString>
            <tessellate>1</tessellate>
            <coordinates>
              -93.187375,44.942941,0
              -93.187384,44.941847,0
              -93.187385,44.941673,0
            </coordinates>
          </LineString>
          <LineString>
            <tessellate>1</tessellate>
            <coordinates>
              -93.187385,44.941346,0
              -93.187383,44.940251,0
              -93.187383,44.940108,0
            </coordinates>
          </LineString>
          <LineString>
            <tessellate>1</tessellate>
            <coordinates>
              -93.187383,44.937932,0
              -93.187382,44.937027,0
            </coordinates>
          </LineString>
          <LineString>
            <tessellate>1</tessellate>
            <coordinates>
              -93.187382,44.937027,0
              -93.187381,44.936229,0
              -93.187381,44.936126,0
            </coordinates>
          </LineString>
          <LineString>
            <tessellate>1</tessellate>
            <coordinates>
              -93.187381,44.936126,0
              -93.18738,44.935227,0
            </coordinates>
          </LineString>
          <LineString>
            <tessellate>1</tessellate>
            <coordinates>
              -93.18738,44.935227,0
              -93.187379,44.934441,0
              -93.187379,44.934329,0
            </coordinates>
          </LineString>
          <LineString>
            <tessellate>1</tessellate>
            <coordinates>
              -93.187379,44.934329,0
              -93.187382,44.933421,0
            </coordinates>
          </LineString>
          <LineString>
            <tessellate>1</tessellate>
            <coordinates>
              -93.187382,44.933421,0
              -93.187381,44.932629,0
              -93.187381,44.932513,0
            </coordinates>
          </LineString>
          <LineString>
            <tessellate>1</tessellate>
            <coordinates>
              -93.187381,44.932513,0
              -93.187379,44.931601,0
            </coordinates>
          </LineString>
          <LineString>
            <tessellate>1</tessellate>
            <coordinates>
              -93.187379,44.931601,0
              -93.187378,44.930828,0
              -93.187377,44.930697,0
            </coordinates>
          </LineString>
          <LineString>
            <tessellate>1</tessellate>
            <coordinates>
              -93.187377,44.930697,0
              -93.187376,44.929789,0
            </coordinates>
          </LineString>
          <LineString>
            <tessellate>1</tessellate>
            <coordinates>
              -93.187376,44.929789,0
              -93.187375,44.929006,0
              -93.187375,44.928886,0
            </coordinates>
          </LineString>
          <LineString>
            <tessellate>1</tessellate>
            <coordinates>
              -93.187375,44.928886,0
              -93.187369,44.92797,0
            </coordinates>
          </LineString>
          <LineString>
            <tessellate>1</tessellate>
            <coordinates>
              -93.187372,44.924342,0
              -93.187371,44.923541,0
              -93.187371,44.923431,0
            </coordinates>
          </LineString>
          <LineString>
            <tessellate>1</tessellate>
            <coordinates>
              -93.187377,44.92071,0
              -93.187384,44.919948,0
              -93.187385,44.919844,0
            </coordinates>
          </LineString>
          <LineString>
            <tessellate>1</tessellate>
            <coordinates>
              -93.187386,44.919753,0
              -93.187372,44.918889,0
            </coordinates>
          </LineString>
          <LineString>
            <tessellate>1</tessellate>
            <coordinates>
              -93.187379,44.917876,0
              -93.187442,44.917745,0
              -93.187443,44.917428,0
              -93.187444,44.917063,0
              -93.187448,44.916168,0
              -93.187448,44.916148,0
              -93.187443,44.916017,0
              -93.187433,44.915756,0
              -93.187414,44.915528,0
              -93.187381,44.915452,0
              -93.187381,44.914338,0
              -93.187381,44.914123,0
              -93.187381,44.913417,0
              -93.187382,44.912767,0
              -93.187382,44.912532,0
            </coordinates>
          </LineString>
          <LineString>
            <tessellate>1</tessellate>
            <coordinates>
              -93.187382,44.912532,0
              -93.187385,44.911708,0
            </coordinates>
          </LineString>
          <LineString>
            <tessellate>1</tessellate>
            <coordinates>
              -93.187391,44.909807,0
              -93.187393,44.909017,0
              -93.187394,44.908893,0
            </coordinates>
          </LineString>
          <LineString>
            <tessellate>1</tessellate>
            <coordinates>
              -93.187394,44.908893,0
              -93.187398,44.907982,0
            </coordinates>
          </LineString>
          <LineString>
            <tessellate>1</tessellate>
            <coordinates>
              -93.1874,44.906984,0
              -93.1874,44.906956,0
              -93.187401,44.90685,0
            </coordinates>
          </LineString>
          <LineString>
            <tessellate>1</tessellate>
            <coordinates>
              -93.187404,44.906162,0
              -93.187406,44.905341,0
              -93.187406,44.90525,0
            </coordinates>
          </LineString>
          <LineString>
            <tessellate>1</tessellate>
            <coordinates>
              -93.187406,44.90525,0
              -93.187404,44.904458,0
            </coordinates>
          </LineString>
          <LineString>
            <tessellate>1</tessellate>
            <coordinates>
              -93.187396,44.901625,0
              -93.187083,44.901626,0
              -93.18609,44.90163,0
            </coordinates>
          </LineString>
          <LineString>
            <tessellate>1</tessellate>
            <coordinates>
              -93.18609,44.90163,0
              -93.185001,44.901634,0
              -93.18484,44.901634,0
            </coordinates>
          </LineString>
          <LineString>
            <tessellate>1</tessellate>
            <coordinates>
              -93.18484,44.901634,0
              -93.183577,44.901639,0
            </coordinates>
          </LineString>
          <LineString>
            <tessellate>1</tessellate>
            <coordinates>
              -93.183577,44.901639,0
              -93.18249,44.901643,0
              -93.1823,44.901644,0
            </coordinates>
          </LineString>
          <LineString>
            <tessellate>1</tessellate>
            <coordinates>
              -93.1823,44.901644,0
              -93.180533,44.901648,0
            </coordinates>
          </LineString>
          <LineString>
            <tessellate>1</tessellate>
            <coordinates>
              -93.180533,44.901648,0
              -93.179914,44.901649,0
              -93.179757,44.901649,0
            </coordinates>
          </LineString>
          <LineString>
            <tessellate>1</tessellate>
            <coordinates>
              -93.17966,44.901639,0
              -93.179565,44.901624,0
            </coordinates>
          </LineString>
          <LineString>
            <tessellate>1</tessellate>
            <coordinates>
              -93.177548,44.901664,0
              -93.177514,44.901664,0
              -93.177315,44.901668,0
            </coordinates>
          </LineString>
          <LineString>
            <tessellate>1</tessellate>
            <coordinates>
              -93.177315,44.901668,0
              -93.177094,44.90167,0
              -93.177083,44.902568,0
              -93.17709,44.904164,0
              -93.176762,44.904164,0
              -93.172299,44.904161,0
              -93.172112,44.90416,0
              -93.169512,44.904164,0
              -93.167116,44.904168,0
              -93.166997,44.904171,0
              -93.165903,44.9042,0
            </coordinates>
          </LineString>
          <LineString>
            <tessellate>1</tessellate>
            <coordinates>
              -93.165903,44.9042,0
              -93.165899,44.904011,0
              -93.165896,44.903886,0
            </coordinates>
          </LineString>
          <LineString>
            <tessellate>1</tessellate>
            <coordinates>
              -93.168678,44.902592,0
              -93.170368,44.901811,0
              -93.17057,44.901717,0
            </coordinates>
          </LineString>
          <LineString>
            <tessellate>1</tessellate>
            <coordinates>
              -93.17212,44.900995,0
              -93.172134,44.899972,0
            </coordinates>
          </LineString>
          <LineString>
            <tessellate>1</tessellate>
            <coordinates>
              -93.172104,44.898967,0
              -93.172127,44.898204,0
              -93.172131,44.898065,0
            </coordinates>
          </LineString>
        </MultiGeometry>
      </Placemark>
    </Folder>
  </Document>
</kml>
