<?xml version="1.0" encoding="utf-8" ?>
<kml xmlns="http://www.opengis.net/kml/2.2">
	<Document id="root_doc">
		<Schema id="Metro_Transit_Routes" name="Metro_Transit_Routes">
			<SimpleField name="OBJECTID" type="int"/>
			<SimpleField name="route" type="string"/>
			<SimpleField name="routesort" type="int"/>
			<SimpleField name="RouteDescription" type="string"/>
			<SimpleField name="RouteOperator" type="string"/>
			<SimpleField name="EffectiveDate" type="string"/>
			<SimpleField name="payleavedirectionid" type="int"/>
			<SimpleField name="routepayleave" type="int"/>
			<SimpleField name="RouteClass" type="string"/>
			<SimpleField name="IsPublic" type="int"/>
			<SimpleField name="wk_ftrip" type="string"/>
			<SimpleField name="wk_ltrip" type="string"/>
			<SimpleField name="wk_span" type="string"/>
			<SimpleField name="wk_trip_freq" type="int"/>
			<SimpleField name="sat_ftrip" type="string"/>
			<SimpleField name="sat_ltrip" type="string"/>
			<SimpleField name="sat_span" type="string"/>
			<SimpleField name="sat_trip_freq" type="int"/>
			<SimpleField name="sun_ftrip" type="string"/>
			<SimpleField name="sun_ltrip" type="string"/>
			<SimpleField name="sun_span" type="string"/>
			<SimpleField name="sun_trip_freq" type="int"/>
			<SimpleField name="Shape__Length" type="float"/>
		</Schema>
		<Folder>
			<name>Metro_Transit_Routes</name>
			<Placemark id="Metro_Transit_Routes.1">
				<Style>
					<LineStyle>
						<color>ff0000ff</color>
					</LineStyle>
					<PolyStyle>
						<fill>0</fill>
					</PolyStyle>
				</Style>
				<ExtendedData>
					<SchemaData schemaUrl="#Metro_Transit_Routes">
						<SimpleData name="OBJECTID">12</SimpleData>
						<SimpleData name="route">134</SimpleData>
						<SimpleData name="routesort">134</SimpleData>
						<SimpleData name="RouteDescription">Ltd Stop - Highland - Cleveland - Cretin - Mpls</SimpleData>
						<SimpleData name="RouteOperator">M</SimpleData>
						<SimpleData name="EffectiveDate">2025/08/16 00:00:00+00</SimpleData>
						<SimpleData name="payleavedirectionid">2</SimpleData>
						<SimpleData name="routepayleave">1</SimpleData>
						<SimpleData name="RouteClass">CommExpress </SimpleData>
						<SimpleData name="IsPublic">1</SimpleData>
						<SimpleData name="wk_ftrip">06:05:00</SimpleData>
						<SimpleData name="wk_ltrip">17:23:00</SimpleData>
						<SimpleData name="wk_span">11:18:00</SimpleData>
						<SimpleData name="wk_trip_freq">4</SimpleData>
						<SimpleData name="Shape__Length">31100.4198656411</SimpleData>
					</SchemaData>
				</ExtendedData>
				<MultiGeometry>
					<LineString>
						<coordinates>-93.1770359994741,44.8974269996122 -93.1765670006318,44.8980330001012</coordinates>
					</LineString>
					<LineString>
						<coordinates>-93.1765670006318,44.8980330001012 -93.1748560002946,44.8980520001673 -93.1746779997286,44.8980540000597</coordinates>
					</LineString>
					<LineString>
						<coordinates>-93.1746779997286,44.8980540000597 -93.1723049996811,44.8980640000053 -93.1721309995561,44.8980649996624</coordinates>
					</LineString>
					<LineString>
						<coordinates>-93.1721309995561,44.8980649996624 -93.1721039999145,44.898967000147</coordinates>
					</LineString>
					<LineString>
						<coordinates>-93.1721039999145,44.898967000147 -93.1721349997593,44.8998680002664</coordinates>
					</LineString>
					<LineString>
						<coordinates>-93.1721349997593,44.8998680002664 -93.1721337074256,44.8999718619886</coordinates>
					</LineString>
					<LineString>
						<coordinates>-93.1721337074256,44.8999718619886 -93.1721259995707,44.9005910001781 -93.1721200005136,44.9009950003014</coordinates>
					</LineString>
					<LineString>
						<coordinates>-93.1721200005136,44.9009950003014 -93.1721190004605,44.9016740002295 -93.1721009995238,44.9025780003451</coordinates>
					</LineString>
					<LineString>
						<coordinates>-93.1721009995238,44.9025780003451 -93.1721100003778,44.9038860000134 -93.1721119997416,44.9041599996157</coordinates>
					</LineString>
					<LineString>
						<coordinates>-93.1721119997416,44.9041599996157 -93.1721130004584,44.904280999564 -93.1770800001519,44.9042730000653 -93.1773260003099,44.9042620004149 -93.1773330003748,44.9041549998266 -93.1773309998449,44.9038240000445 -93.1773219999314,44.9025680004032 -93.1773170001749,44.9019089998793 -93.1773150003679,44.9016680001</coordinates>
					</LineString>
					<LineString>
						<coordinates>-93.1773150003679,44.9016680001 -93.1775480001506,44.9016640003659</coordinates>
					</LineString>
					<LineString>
						<coordinates>-93.1775480001506,44.9016640003659 -93.1776510004299,44.9016610000342 -93.1777519999446,44.901652000134 -93.1778519994611,44.9016349997495 -93.1779490000455,44.9016119995601 -93.1780430004044,44.9015829995755 -93.1781330005951,44.901547000331 -93.1782310004954,44.9015129995967 -93.1783340004506,44.9014849998617 -93.1784399997815,44.9014639998691 -93.1785479998668,44.90144900014 -93.1786580005973,44.901442000032 -93.178768000194,44.9014419998405 -93.1788779999637,44.9014489995635 -93.1789860005242,44.9014639997653 -93.1790919995088,44.9014850001922 -93.1791949994208,44.9015129998458 -93.1793809996969,44.9015779999652 -93.1794720000371,44.9016039999482 -93.1795649995164,44.9016240004272</coordinates>
					</LineString>
					<LineString>
						<coordinates>-93.1795649995164,44.9016240004272 -93.17963799948,44.9016359997307 -93.1796599999502,44.9016389997257</coordinates>
					</LineString>
					<LineString>
						<coordinates>-93.1796599999502,44.9016389997257 -93.1797570000546,44.9016489996412</coordinates>
					</LineString>
					<LineString>
						<coordinates>-93.1797570000546,44.9016489996412 -93.1805329212092,44.9016477028061</coordinates>
					</LineString>
					<LineString>
						<coordinates>-93.1805329212092,44.9016477028061 -93.1821500005518,44.9016450000935 -93.1822999999036,44.9016440000803</coordinates>
					</LineString>
					<LineString>
						<coordinates>-93.1822999999036,44.9016440000803 -93.1835769996208,44.9016390000533</coordinates>
					</LineString>
					<LineString>
						<coordinates>-93.1835769996208,44.9016390000533 -93.1847330004583,44.9016349998223 -93.1848400003884,44.9016340003033</coordinates>
					</LineString>
					<LineString>
						<coordinates>-93.1848400003884,44.9016340003033 -93.1860899997323,44.9016299998011</coordinates>
					</LineString>
					<LineString>
						<coordinates>-93.1860899997323,44.9016299998011 -93.1872179995172,44.9016250001028 -93.187395999429,44.9016249998351</coordinates>
					</LineString>
					<LineString>
						<coordinates>-93.187395999429,44.9016249998351 -93.1874010001185,44.9034930002541 -93.1874009998625,44.9035670000602 -93.18740100018,44.9035940000007 -93.1874009996554,44.9036570001635 -93.1874039997495,44.9044580003255</coordinates>
					</LineString>
					<LineString>
						<coordinates>-93.1874039997495,44.9044580003255 -93.1874060003368,44.9051719996293 -93.1874060004253,44.9052499999365</coordinates>
					</LineString>
					<LineString>
						<coordinates>-93.1874060004253,44.9052499999365 -93.1874039993696,44.9061620000874</coordinates>
					</LineString>
					<LineString>
						<coordinates>-93.1874039993696,44.9061620000874 -93.1874009993959,44.9068500003866</coordinates>
					</LineString>
					<LineString>
						<coordinates>-93.1874009993959,44.9068500003866 -93.1873999995668,44.9069839997222</coordinates>
					</LineString>
					<LineString>
						<coordinates>-93.1873999995668,44.9069839997222 -93.1873999997637,44.9070710002793 -93.1873980004618,44.9079820000051</coordinates>
					</LineString>
					<LineString>
						<coordinates>-93.1873980004618,44.9079820000051 -93.1873940004212,44.9088180003007 -93.187393999628,44.9088930001687</coordinates>
					</LineString>
					<LineString>
						<coordinates>-93.187393999628,44.9088930001687 -93.187391000369,44.9098069998334</coordinates>
					</LineString>
					<LineString>
						<coordinates>-93.187391000369,44.9098069998334 -93.1873870001014,44.911118999578 -93.187384999489,44.9117080000968</coordinates>
					</LineString>
					<LineString>
						<coordinates>-93.187384999489,44.9117080000968 -93.1873819997108,44.9124019996024 -93.1873820002811,44.9125320002482</coordinates>
					</LineString>
					<LineString>
						<coordinates>-93.1873820002811,44.9125320002482 -93.1850219997649,44.9125319996354 -93.1848480000357,44.9125360001498 -93.1855209995504,44.9135569998374 -93.1855899994951,44.913661000212 -93.1863690004585,44.9148079998117 -93.1871270003569,44.915958999988 -93.1872609998865,44.9161620000786 -93.1873079994713,44.916930999625 -93.1873150000398,44.9170629997465 -93.1873069997626,44.9177480002394 -93.1873790000242,44.9178760003243</coordinates>
					</LineString>
					<LineString>
						<coordinates>-93.1873790000242,44.9178760003243 -93.1873790005725,44.9179670003289 -93.1873720005449,44.9188889998268</coordinates>
					</LineString>
					<LineString>
						<coordinates>-93.1873720005449,44.9188889998268 -93.1873759996975,44.919170999786 -93.1873860002516,44.9197529995873</coordinates>
					</LineString>
					<LineString>
						<coordinates>-93.1873860002516,44.9197529995873 -93.1873849998741,44.9198440003039</coordinates>
					</LineString>
					<LineString>
						<coordinates>-93.1873849998741,44.9198440003039 -93.1873770005527,44.9207100002619</coordinates>
					</LineString>
					<LineString>
						<coordinates>-93.1873770005527,44.9207100002619 -93.1873709997428,44.9216209998688 -93.1873710004241,44.9219740000341 -93.187371000433,44.9220890003438 -93.1873710004704,44.9225260004189 -93.1873709996,44.9226380003353 -93.1873709997404,44.9233439996198 -93.1873709999746,44.9234309999269</coordinates>
					</LineString>
					<LineString>
						<coordinates>-93.1873709999746,44.9234309999269 -93.1873719997853,44.9243420002155</coordinates>
					</LineString>
					<LineString>
						<coordinates>-93.1873719997853,44.9243420002155 -93.1873720000937,44.9251560004447 -93.187371999732,44.9252509999436 -93.187371999658,44.9253800001697 -93.1873719996756,44.9261670004171 -93.1873719995822,44.9267079998974 -93.1873719996061,44.926776999666 -93.1873719999885,44.927064000129 -93.1873689997274,44.9279700003632</coordinates>
					</LineString>
					<LineString>
						<coordinates>-93.1873689997274,44.9279700003632 -93.187374000179,44.9287940003393 -93.1873750000624,44.9288859995566</coordinates>
					</LineString>
					<LineString>
						<coordinates>-93.1873750000624,44.9288859995566 -93.1873759996503,44.9297889997604</coordinates>
					</LineString>
					<LineString>
						<coordinates>-93.1873759996503,44.9297889997604 -93.1873769998391,44.9305689995728 -93.1873770003682,44.9306970004512</coordinates>
					</LineString>
					<LineString>
						<coordinates>-93.1873770003682,44.9306970004512 -93.1873789994456,44.9316009997543</coordinates>
					</LineString>
					<LineString>
						<coordinates>-93.1873789994456,44.9316009997543 -93.1873800004745,44.9324119996259 -93.1873810005707,44.9325129999192</coordinates>
					</LineString>
					<LineString>
						<coordinates>-93.1873810005707,44.9325129999192 -93.1873820002881,44.9334210001771</coordinates>
					</LineString>
					<LineString>
						<coordinates>-93.1873820002881,44.9334210001771 -93.1873810004183,44.9337779999556 -93.1873790003489,44.9343289996509</coordinates>
					</LineString>
					<LineString>
						<coordinates>-93.1873790003489,44.9343289996509 -93.1873800005928,44.9352270001626</coordinates>
					</LineString>
					<LineString>
						<coordinates>-93.1873800005928,44.9352270001626 -93.1873809994518,44.9360469997502 -93.1873810003613,44.9361259997585</coordinates>
					</LineString>
					<LineString>
						<coordinates>-93.1873810003613,44.9361259997585 -93.1873820003783,44.937027000363</coordinates>
					</LineString>
					<LineString>
						<coordinates>-93.1873820003783,44.937027000363 -93.1873829995216,44.937825999763 -93.1873829995395,44.9379320004265</coordinates>
					</LineString>
					<LineString>
						<coordinates>-93.1873829995395,44.9379320004265 -93.1873829998424,44.9380489997633 -93.1873830003846,44.9390299999974 -93.1873829996195,44.9401079995645</coordinates>
					</LineString>
					<LineString>
						<coordinates>-93.1873829996195,44.9401079995645 -93.1873839994934,44.9405209999248 -93.1873849998072,44.9413460002704</coordinates>
					</LineString>
					<LineString>
						<coordinates>-93.1873849998072,44.9413460002704 -93.1873850000526,44.9416729995775 -93.1895219995554,44.9416650001589 -93.1897639995124,44.941663999674 -93.1899269997491,44.941662999553 -93.19230299995,44.9416530002339 -93.1924489994373,44.9416429997125</coordinates>
					</LineString>
					<LineString>
						<coordinates>-93.1924489994373,44.9416429997125 -93.1924479993894,44.94204099962 -93.192443999452,44.9431300004198</coordinates>
					</LineString>
					<LineString>
						<coordinates>-93.192443999452,44.9431300004198 -93.1924379997158,44.9451319996292</coordinates>
					</LineString>
					<LineString>
						<coordinates>-93.1924379997158,44.9451319996292 -93.1924349999549,44.9460640003359 -93.1924340005121,44.9461969995683</coordinates>
					</LineString>
					<LineString>
						<coordinates>-93.1924340005121,44.9461969995683 -93.1924309995499,44.9472550003622</coordinates>
					</LineString>
					<LineString>
						<coordinates>-93.1924309995499,44.9472550003622 -93.1924285445778,44.9480465648403</coordinates>
					</LineString>
					<LineString>
						<coordinates>-93.1924285445778,44.9480465648403 -93.1924279999945,44.9482219996365 -93.192427000049,44.948367000299</coordinates>
					</LineString>
					<LineString>
						<coordinates>-93.192427000049,44.948367000299 -93.1924419996274,44.9496289999739 -93.1924430000035,44.9508320004046</coordinates>
					</LineString>
					<LineString>
						<coordinates>-93.1924430000035,44.9508320004046 -93.1924479994402,44.9518360000351 -93.1924490005647,44.9519879998928</coordinates>
					</LineString>
					<LineString>
						<coordinates>-93.1924490005647,44.9519879998928 -93.1924529997655,44.9532619998651</coordinates>
					</LineString>
					<LineString>
						<coordinates>-93.1924529997655,44.9532619998651 -93.1924539999999,44.9540870001196 -93.1924539995391,44.9541100002327</coordinates>
					</LineString>
					<LineString>
						<coordinates>-93.1924539995391,44.9541100002327 -93.1924539997693,44.9542360003376</coordinates>
					</LineString>
					<LineString>
						<coordinates>-93.1924539997693,44.9542360003376 -93.1924060006176,44.9543040004082 -93.192308999998,44.9553080001916 -93.192315999601,44.9559810003169 -93.1923189994015,44.9562270000599 -93.1923249997221,44.9566929999452 -93.1925139999319,44.9567419998479 -93.1973110004552,44.9579830000564 -93.1975260002232,44.9580800002793 -93.1977380003616,44.9581819995959 -93.1979460000318,44.9582870004145 -93.1981499997802,44.9583970002983 -93.2001150002311,44.9595690003248 -93.2007429993997,44.9599439996217 -93.2008940002539,44.9600099995636 -93.2010480000387,44.9600719998423 -93.2012050003081,44.9601290003216 -93.2013649994531,44.9601820002133 -93.2015280002905,44.9602300002788 -93.2017209996344,44.960279999583 -93.2019169994172,44.9603249998513 -93.2021150000835,44.9603619997733 -93.2023159998056,44.9603939997344 -93.2025179998906,44.9604180001988 -93.202722000072,44.9604359996293 -93.2028870002107,44.9604460004016 -93.2030539997454,44.9604519995964 -93.2032200002997,44.9604529997187 -93.2033859994076,44.9604500000178 -93.2035889994643,44.9604399998882 -93.2037900002626,44.9604240004377 -93.203991000231,44.9604009997865 -93.2041899995433,44.960371999831 -93.2065879999806,44.9600700003882 -93.206750999439,44.960041999991 -93.2069139998101,44.9600210002083 -93.2070799999579,44.9600059999822 -93.2072460002695,44.9599960001208 -93.2074129994951,44.959992999953 -93.207578999674,44.9599960002841 -93.2077460003451,44.9600050001817 -93.2079160001299,44.9600049995852 -93.2080850005038,44.9600199996749 -93.2082809997722,44.9600419997383 -93.2084789999438,44.9600710002623 -93.2086710002197,44.9601089998942 -93.2088520001799,44.960147999637 -93.2090349997708,44.9601950000034 -93.2092189996169,44.9602520003562 -93.2094010005952,44.9603150003032 -93.2095719999376,44.9603799996863 -93.2097420003751,44.9604539999373 -93.2098960001084,44.9605279996362 -93.2100609998227,44.9606160003951 -93.2102070003626,44.9607029997566 -93.2103519996863,44.9607899998741 -93.2106479998888,44.9609700000121 -93.2112319997731,44.9613230002175 -93.2115320004948,44.9615049998921 -93.21182299969,44.9616849999234 -93.21210099976,44.9618600002404 -93.2123870005854,44.9620500003132 -93.2126609997719,44.9622380001656 -93.2127480002665,44.9622999995575 -93.2129339997008,44.9624320001421 -93.2129730005358,44.9624600001179 -93.2131980002858,44.9626249999353 -93.2134629998669,44.9628249998902 -93.2135970005268,44.9629299996816 -93.2141119998121,44.9633390001992 -93.2143659995911,44.9635409999926 -93.2146270001597,44.9637470000428 -93.2153959996111,44.9643570004108 -93.2156569997961,44.96456600024 -93.2159140003485,44.9647690000028 -93.2165569997432,44.9652769995644 -93.2168170003231,44.965484000164 -93.2170859994669,44.9656910001634 -93.2173540006221,44.9658779999167 -93.2174969998967,44.9659699997917 -93.2176499993806,44.9660630003531 -93.217799000047,44.9661509996313 -93.2181040000143,44.9663149998971 -93.2183909994559,44.9664540001568 -93.2185980004056,44.9665440002252 -93.2190240000418,44.9667140002282 -93.2192779996533,44.966802999716 -93.2194429997412,44.9668569998439 -93.219632999984,44.9669149998477 -93.2198009995877,44.9669620000501 -93.2199589994221,44.9670029996405 -93.2199910003759,44.9670110001762 -93.2201849995813,44.9670549997788 -93.220564000445,44.9671339998881 -93.2207349998644,44.9671629997632 -93.2209400001107,44.9671920002245 -93.2211270002412,44.9672179997034 -93.2211850005688,44.967223999732 -93.2213170005453,44.967238000444 -93.221501000306,44.967254000324 -93.2216980001114,44.9672640000582 -93.2218949997293,44.9672689997532 -93.2220900006346,44.9672689996947 -93.2222869996683,44.9672630000954 -93.2224679993907,44.9672559996965 -93.2226670002315,44.9672440002235 -93.222851999922,44.9672270001194 -93.223040000591,44.9672040003365 -93.2232320002146,44.9671759999292 -93.2234169998576,44.9671470001703 -93.2236039995109,44.9671080003969 -93.2237810002303,44.9670690001055 -93.2238329999499,44.9670570002851 -93.2238909999476,44.9670430001405 -93.2241180005991,44.9669829995961 -93.2244119997856,44.9668940003174 -93.2246690006213,44.9667990003346 -93.224844000576,44.9667290004076 -93.2250100006169,44.9666579998198 -93.2252170000104,44.9665619997611 -93.2253330006117,44.9665090004314 -93.2261010002521,44.9661480001204 -93.2266300006304,44.9658969998624 -93.2270850004135,44.9656820001056 -93.2272799995547,44.9655930002892 -93.2273730006348,44.9655489998199 -93.2276000000822,44.9654430003104 -93.2279200000552,44.9652920002119 -93.2280789994987,44.9652160004127 -93.2282410004099,44.9651430001549 -93.2285739996919,44.9650020004458 -93.2287460003095,44.9649370002224 -93.2290030000864,44.9648470000602 -93.2290919996149,44.9648190000339 -93.2294119994839,44.9647220004417 -93.2296339994195,44.9646619998544 -93.229999000525,44.9645789998279 -93.2305559998905,44.9644660000652 -93.2309450001513,44.9644179995883 -93.2311379995693,44.9644009995828 -93.23133800017,44.9643869998341 -93.2317219994422,44.9643730001344 -93.232107000455,44.9643710003539 -93.232685999912,44.9643700003897 -93.2335009994409,44.9643709997638 -93.235020000348,44.9643739999113 -93.2355999995479,44.9643749995608 -93.2359569999967,44.9643759999131 -93.2361669994934,44.9643769998621 -93.2371410005387,44.9643779999266 -93.237730999621,44.9643799996165 -93.2390819995426,44.9643799996981 -93.2393359997615,44.9643799996999 -93.2401259995817,44.9643809996829 -93.2402399994848,44.9643810002855 -93.2413949997558,44.9643830000929 -93.2415909997322,44.9643849999741 -93.2417789994079,44.9643889995934 -93.2419819994684,44.964399000251 -93.242162999717,44.9644090003883 -93.2423590004256,44.9644249997364 -93.2425470005418,44.9644419996567 -93.2427400004879,44.9644619998044 -93.2429179996203,44.964484000268 -93.2431059996465,44.9645090002318 -93.2434799997287,44.9645690001981 -93.2436610005175,44.9646050001912 -93.2438519993874,44.9646430003955 -93.2441480003326,44.9647079996557 -93.2443049994452,44.9647490001264 -93.2445200005538,44.9648050004437 -93.2445709999387,44.9648190000493 -93.2447690000989,44.9648779997565 -93.2450609997317,44.9649700003719 -93.2453230002321,44.9650619998696 -93.2455610002346,44.9651480001393 -93.2458370005146,44.9652599995652 -93.2463169998004,44.9654530003616 -93.246948999634,44.9657129999895 -93.2471799997639,44.9658060002499 -93.2472649994412,44.9658409995974 -93.2473999994264,44.9658970002265 -93.247645999395,44.965990000354 -93.247733999616,44.966016999985 -93.2479960006097,44.9661800000645 -93.248333999484,44.9662780002388 -93.2486459995165,44.9663540002634 -93.2490969993991,44.9664480000712 -93.2496889999555,44.9665599999416 -93.2497730004852,44.966576000021 -93.2499180003161,44.9666030002191 -93.2500659997689,44.9666310000866 -93.2504170002874,44.9666950002447 -93.2505760004739,44.9667319998149 -93.2507259996067,44.9667840000211 -93.2508770001398,44.9668439996906 -93.2510150003234,44.9669189998285 -93.2511830001282,44.967026999896 -93.2513189996839,44.9671349999226 -93.2514190000279,44.9672330004249 -93.2520529999043,44.9679110003381</coordinates>
					</LineString>
					<LineString>
						<coordinates>-93.2520529999043,44.9679110003381 -93.2523730002554,44.9682579995741 -93.2525070004086,44.9684099997495 -93.2525820002374,44.9684789997001 -93.2526390005037,44.968530000356 -93.2527730001656,44.9686530003416 -93.2529110006056,44.968762000434 -93.2530479994088,44.9688489999435 -93.2531600002076,44.9689269996143 -93.2532209996334,44.9689650003571 -93.253331000025,44.9690199997411 -93.2533750005888,44.9690430003039 -93.253519000053,44.9691119995624 -93.2536529998627,44.9691709998477 -93.2538449998643,44.9692410002167 -93.2540270003366,44.9692970001252 -93.2542379997296,44.9693540001248 -93.2542299998546,44.9693529998099 -93.2544279996628,44.9694049998911 -93.254663999479,44.9694149998962 -93.2558909995431,44.9699640000713 -93.2572620005197,44.9705309997441 -93.2584919993934,44.9710529996978 -93.2586350001423,44.9711140000886 -93.2598420003852,44.9716270004494 -93.2599949999863,44.9716920002631 -93.2613479996725,44.9722710003216 -93.2624949997509,44.9727589997285 -93.262715000551,44.9728530001519 -93.2640759998316,44.9734249998492 -93.2653240000565,44.9739590000793 -93.2654330005471,44.9740059999333 -93.2667999999457,44.9745859999657 -93.2674749999325,44.9748690002974 -93.2675590002122,44.9749050004468 -93.2681339996182,44.9751470002922 -93.2681560003347,44.9751580003518 -93.2691389998007,44.9755860000609 -93.2695070004667,44.975746000076 -93.2708859993775,44.976318000074 -93.2720540002807,44.9768170004463 -93.2722400005262,44.976895999555 -93.2748140001101,44.977967999935 -93.2753399999823,44.9783380000545</coordinates>
					</LineString>
					<LineString>
						<coordinates>-93.2751209999287,44.9811769998306 -93.2749919999816,44.9810860000571 -93.2751059994966,44.9810050004441 -93.2751519998996,44.9809730001887 -93.2752060003223,44.9809349997358 -93.2759580001017,44.9804059998201 -93.2748119999649,44.9796020003397 -93.2738530002223,44.9789440002065 -93.2736399996078,44.9787980002349 -93.2714090002379,44.9778600002362 -93.2703850002502,44.9774230001257 -93.270063999445,44.9772859998973 -93.2687070000696,44.9767079997154 -93.2677670001024,44.9763169998659 -93.267343000083,44.9761400000223 -93.26597399992,44.9755490001019 -93.2648250005048,44.9750589997661 -93.2646200004209,44.9749720001245 -93.2632690000534,44.9743940004081 -93.2618940000566,44.973817000199 -93.2611529995536,44.9734980000657 -93.260553000184,44.9732400003329 -93.2593610003942,44.9727359998439 -93.2591729996683,44.9726570004449 -93.2578250004139,44.972076000039 -93.2566450006218,44.9715789997536 -93.2564369994957,44.9714920002156 -93.2550790000039,44.9709209999275 -93.2537159999352,44.9703510000638 -93.2534730003897,44.9702590002416 -93.2532939998932,44.9701810000801 -93.2531400006334,44.9700980003388 -93.2531309996838,44.9700919997681 -93.2529670004491,44.9699940003594 -93.2528250005755,44.9698819998517 -93.2527659998706,44.9698390001835 -93.2526740001133,44.969757000421 -93.2525809996902,44.9696569997442 -93.2524730001563,44.9695349998119 -93.2523700002616,44.9693960001966 -93.2522670004184,44.9692190004398 -93.2521910004984,44.9690640003111 -93.2521400000392,44.9689040001509 -93.2520969996134,44.9687559999448 -93.2520690001998,44.9685999998596 -93.2520520001501,44.9684480002726 -93.2520509993789,44.9681609996066 -93.2520529999043,44.9679110003381</coordinates>
					</LineString>
					<LineString>
						<coordinates>-93.2520529999043,44.9679110003381 -93.2520559997366,44.967486999591 -93.2520499997041,44.9671019999505 -93.2520410005236,44.9669150000672 -93.2520179995885,44.9667589996902 -93.251932000635,44.9665720004398 -93.2518500002195,44.9664689996908 -93.2517419996308,44.966343000321 -93.2516230000708,44.9662519995794 -93.2515380000103,44.9661840004136 -93.2514180003522,44.966123999983 -93.2512870002721,44.9660609998648 -93.2511799994808,44.9660140000493 -93.2510599997377,44.9659729997245 -93.2509279993814,44.9659409997172 -93.2507630001523,44.9659120003628 -93.2505940003028,44.965891999828 -93.2504329999475,44.9658870004088 -93.2499100005059,44.9658940000477 -93.2495959998186,44.965898000357 -93.2493150005,44.9659009996601 -93.2492419995816,44.9659009996654 -93.2491739998062,44.9659010004153 -93.2491189999452,44.9659009997743 -93.2488259998825,44.9659039997457 -93.2485819997002,44.9658929995628 -93.2483350001612,44.965870999557 -93.2480769996085,44.9658269995642 -93.2477709993902,44.9657629999075 -93.2472639994535,44.9656770000463 -93.2462539996642,44.9652670004185 -93.2455409996147,44.9649829998765 -93.2452289998642,44.9648739999798 -93.2449670004554,44.9647849997222 -93.2446679996579,44.9646980000615 -93.2446309997079,44.9646879998007 -93.2443850001143,44.964620999889 -93.2441999997731,44.9645740001687 -93.2439569997076,44.9645179996463 -93.2437679995629,44.9644799998516 -93.2435780000683,44.9644440003159 -93.2433869995088,44.9644090000172 -93.2432009997605,44.9643790001544 -93.2430079999621,44.9643530000622 -93.2428179999931,44.9643289998081 -93.2426299997891,44.9643079998517 -93.2424330002607,44.9642890000266 -93.2422420001278,44.9642740002212 -93.2420460002997,44.9642620002518 -93.241853000569,44.9642530002558 -93.2416569994556,44.9642470003445 -93.2414650005826,44.9642419998574 -93.2405460000377,44.964241000056 -93.2401250000072,44.9642420003385 -93.2393249997465,44.9642399995802 -93.239146000216,44.9642410001827 -93.2385610006262,44.9642379999398 -93.2377930004022,44.9642380001596 -93.237211000054,44.9642360003801 -93.2361670004561,44.9642359999731 -93.2356750006324,44.9642349998805 -93.2352809995351,44.9642340001632 -93.2345100002689,44.9642329996668 -93.2341149997564,44.9642309996589 -93.2336869998122,44.9642300002188 -93.2331670003379,44.9642299999212 -93.2327640005569,44.9642300001103 -93.2321890002869,44.9642300003207 -93.2319880001677,44.9642279998617 -93.2317969995884,44.9642320001816 -93.2316200000239,44.9642349995731 -93.2314580000617,44.9642400000398 -93.2312899999043,44.9642509996487 -93.2310959997374,44.9642639996541 -93.2309029999139,44.9642829998309 -93.2307120002134,44.9643049996032 -93.2305149997148,44.9643309999478 -93.2303340001715,44.9643580002098 -93.2301440000618,44.9643910001417 -93.2299510003981,44.9644279999774 -93.2297650006314,44.9644690002892 -93.2295840005342,44.9645110002699 -93.2293950004927,44.9645609998924 -93.229215000275,44.9646099999228 -93.2290340001646,44.9646639995759 -93.2288580003481,44.9647230003262 -93.2288119997982,44.9647400000244 -93.2285149997186,44.9648469999313 -93.2283380004623,44.9649189998425 -93.2281690005249,44.9649899995802 -93.2278539995331,44.9651369998316 -93.2273710003886,44.9653630003301 -93.2272719997337,44.9654099995967 -93.2269569995086,44.9655590003029 -93.2265610004455,44.9657440004433 -93.225951999856,44.9660310000856 -93.2254270005959,44.9662779996214 -93.2254000002845,44.9662909995632 -93.2249450006102,44.9665040004453 -93.2247720005172,44.966580000015 -93.2245589997878,44.966662000384 -93.2242509999951,44.9667770000519 -93.2240480004739,44.9668330001101 -93.2239010005677,44.9668739998568 -93.2237590000794,44.9669109999411 -93.2237140000035,44.9669210001801 -93.2235650005288,44.9669539997497 -93.2233689993817,44.9669929999625 -93.2231420000363,44.9670299998557 -93.2229449995443,44.9670569998526 -93.2228069999284,44.967074000244 -93.2226010003748,44.9670919999198 -93.2224020001091,44.9671050002972 -93.2222509993867,44.9671109997084 -93.2220639993973,44.9671140001483 -93.2218609999666,44.9671120001576 -93.2216630003393,44.9671060004244 -93.2213629995965,44.967085000057 -93.2212749995442,44.9670789997347 -93.2210729999933,44.9670560001869 -93.2208430001195,44.9670209998783 -93.2205639998173,44.96697599983 -93.2203099995471,44.9669220002064 -93.2199440004073,44.9668340001378 -93.2198680002638,44.9668119998049 -93.2195699994815,44.9667270002952 -93.2191820005485,44.966598000044 -93.2187490003707,44.9664379999339 -93.2185339995593,44.9663340002606 -93.2182130005158,44.9661790003888 -93.2180530000672,44.9660959998493 -93.2177459994499,44.9659189998923 -93.2175969995588,44.9658270000588 -93.2174549997425,44.9657329999636 -93.2173160005832,44.9656380001616 -93.217179999659,44.9655380001872 -93.2169090000578,44.9653280002413 -93.2162170005409,44.9647750000061 -93.2159540000509,44.9645700003275 -93.2157460002941,44.9644019996272 -93.2156169994426,44.964299999608 -93.2153609999528,44.964096999973 -93.2152269998847,44.9639890001097 -93.2149659998016,44.9637839997588 -93.2148370005248,44.9636809996241 -93.2144479994472,44.9633730004164 -93.2139340004379,44.9629640004429 -93.2136759994884,44.9627589995904 -93.2134109997619,44.9625559997653 -93.2131309996155,44.9623510000652 -93.2129120001496,44.9621949999118 -93.2128699998593,44.9621639997409 -93.2125829996622,44.9619680002158 -93.2123109994918,44.9617869999984 -93.2120200001246,44.961601999709 -93.2115990002473,44.9613130001729 -93.2113100006318,44.9611330003604 -93.2110190000504,44.960949000323 -93.2107260002587,44.9607669998685 -93.2104460004527,44.9605890003923 -93.2102969997286,44.9604949997096 -93.2101480003033,44.9604040000922 -93.209995000454,44.9603170000179 -93.2098410002093,44.9602330001386 -93.2096879995046,44.9601570000854 -93.2095210003825,44.9600800001816 -93.209352999657,44.9600130003806 -93.2091879997742,44.9599499998212 -93.2090049994606,44.9598889998017 -93.208822000274,44.9598309998502 -93.208640000394,44.9597809996498 -93.2084600001196,44.9597390000804 -93.2082699997994,44.9596989998023 -93.2080579998431,44.9596620000437 -93.2077449997893,44.9596289996039 -93.207555999669,44.9596070003022 -93.2073659995785,44.9595900004094 -93.2071750001234,44.9595810002834 -93.2069839996873,44.9595770004465 -93.2067930003304,44.9595800002373 -93.2066019994475,44.9595899996606 -93.2047250000424,44.9596410003308 -93.2027819999768,44.9596940002835 -93.2025730000376,44.9597000001352 -93.2023639998294,44.9596980004347 -93.202155999518,44.9596890004332 -93.2019480000734,44.9596730001022 -93.2017419994827,44.9596509996345 -93.2015370005796,44.9596209996576 -93.2013339994011,44.9595849995638 -93.201133999536,44.959541000054 -93.2009370001159,44.959491999709 -93.2007439999735,44.9594350000252 -93.2005549998029,44.959372000364 -93.2003699996472,44.9593029998448 -93.200113999817,44.9591590000236 -93.1983879999689,44.9581800000309 -93.1982699996835,44.9580880002201 -93.1981460000661,44.9580000003788 -93.1980159998473,44.9579159995898 -93.197880999374,44.9578359997003 -93.1977420002439,44.9577599998587 -93.1975970001266,44.9576890000358 -93.1974490000204,44.9576230004218 -93.1972959995962,44.9575609998383 -93.1956360004618,44.9569749998438 -93.1954339999189,44.9569049995938 -93.1952349999554,44.9568309996703 -93.1950409995425,44.956751000032 -93.1948499997722,44.9566669998575 -93.1946639996228,44.9565770000115 -93.1944820004931,44.9564829997619 -93.1943059996624,44.9563840001086 -93.1941350002004,44.9562810001952 -93.1939690000144,44.9561729999253 -93.1936100003919,44.9559089998663 -93.193520999826,44.9558340002312 -93.193426999612,44.9557610002356 -93.1933279996907,44.9556930002336 -93.1932239996804,44.9556279999686 -93.1927929999566,44.9554489998574 -93.1927380004983,44.9554450003812 -93.19249900061,44.9554240003242 -93.1924960004383,44.9553259997187 -93.1924999995129,44.9543030003195 -93.1924539997693,44.9542360003376</coordinates>
					</LineString>
					<LineString>
						<coordinates>-93.1924539995391,44.9541100002327 -93.1924529997655,44.9532619998651</coordinates>
					</LineString>
					<LineString>
						<coordinates>-93.1924529997655,44.9532619998651 -93.1924489994011,44.9520399999722 -93.1924490005647,44.9519879998928</coordinates>
					</LineString>
					<LineString>
						<coordinates>-93.1924490005647,44.9519879998928 -93.1924430000035,44.9508320004046</coordinates>
					</LineString>
					<LineString>
						<coordinates>-93.192427000049,44.948367000299 -93.1924285445778,44.9480465648403</coordinates>
					</LineString>
					<LineString>
						<coordinates>-93.1924285445778,44.9480465648403 -93.1924290006154,44.9479519997512 -93.1924309995499,44.9472550003622</coordinates>
					</LineString>
					<LineString>
						<coordinates>-93.1924309995499,44.9472550003622 -93.1924339999252,44.9463519998352 -93.1924340005121,44.9461969995683</coordinates>
					</LineString>
					<LineString>
						<coordinates>-93.1924340005121,44.9461969995683 -93.1924379997158,44.9451319996292</coordinates>
					</LineString>
					<LineString>
						<coordinates>-93.192443999452,44.9431300004198 -93.1924489994373,44.9416429997125</coordinates>
					</LineString>
					<LineString>
						<coordinates>-93.1924489994373,44.9416429997125 -93.1924460004255,44.9414949998424 -93.1924529996726,44.9413519999467 -93.1924529999152,44.9413349996295 -93.1923199996026,44.9413499995942 -93.1919309998584,44.9413470000792 -93.1899389996748,44.9413360000926 -93.1878110002555,44.9413439997158 -93.1873849998072,44.9413460002704</coordinates>
					</LineString>
					<LineString>
						<coordinates>-93.1873849998072,44.9413460002704 -93.1873829995902,44.9402510002999 -93.1873829996195,44.9401079995645</coordinates>
					</LineString>
					<LineString>
						<coordinates>-93.1873829995395,44.9379320004265 -93.1873820003783,44.937027000363</coordinates>
					</LineString>
					<LineString>
						<coordinates>-93.1873820003783,44.937027000363 -93.1873809994792,44.9362290000788 -93.1873810003613,44.9361259997585</coordinates>
					</LineString>
					<LineString>
						<coordinates>-93.1873810003613,44.9361259997585 -93.1873800005928,44.9352270001626</coordinates>
					</LineString>
					<LineString>
						<coordinates>-93.1873800005928,44.9352270001626 -93.1873789995719,44.9344410002352 -93.1873790003489,44.9343289996509</coordinates>
					</LineString>
					<LineString>
						<coordinates>-93.1873790003489,44.9343289996509 -93.1873820002881,44.9334210001771</coordinates>
					</LineString>
					<LineString>
						<coordinates>-93.1873820002881,44.9334210001771 -93.1873810001188,44.9326290001428 -93.1873810005707,44.9325129999192</coordinates>
					</LineString>
					<LineString>
						<coordinates>-93.1873810005707,44.9325129999192 -93.1873789994456,44.9316009997543</coordinates>
					</LineString>
					<LineString>
						<coordinates>-93.1873789994456,44.9316009997543 -93.187378000383,44.930828000066 -93.1873770003682,44.9306970004512</coordinates>
					</LineString>
					<LineString>
						<coordinates>-93.1873770003682,44.9306970004512 -93.1873759996503,44.9297889997604</coordinates>
					</LineString>
					<LineString>
						<coordinates>-93.1873759996503,44.9297889997604 -93.1873749999089,44.9290060003604 -93.1873750000624,44.9288859995566</coordinates>
					</LineString>
					<LineString>
						<coordinates>-93.1873750000624,44.9288859995566 -93.1873689997274,44.9279700003632</coordinates>
					</LineString>
					<LineString>
						<coordinates>-93.1873719997853,44.9243420002155 -93.1873710002106,44.9235409995683 -93.1873709999746,44.9234309999269</coordinates>
					</LineString>
					<LineString>
						<coordinates>-93.1873770005527,44.9207100002619 -93.1873839999335,44.9199479999857 -93.1873849998741,44.9198440003039</coordinates>
					</LineString>
					<LineString>
						<coordinates>-93.1873860002516,44.9197529995873 -93.1873720005449,44.9188889998268</coordinates>
					</LineString>
					<LineString>
						<coordinates>-93.1873790000242,44.9178760003243 -93.1874420004491,44.9177449998114 -93.187442999537,44.9174279996773 -93.1874439996714,44.9170629996425 -93.1874479999286,44.9161680001484 -93.1874479995221,44.9161480002703 -93.1874429999809,44.9160169996811 -93.1874330004257,44.9157560004231 -93.1874140002763,44.9155280003781 -93.1873810006343,44.9154519997056 -93.1873809999951,44.9143379998195 -93.1873809993786,44.9141229999256 -93.187380999489,44.9134170003972 -93.1873819999947,44.9127670000945 -93.1873820002811,44.9125320002482</coordinates>
					</LineString>
					<LineString>
						<coordinates>-93.1873820002811,44.9125320002482 -93.187384999489,44.9117080000968</coordinates>
					</LineString>
					<LineString>
						<coordinates>-93.187391000369,44.9098069998334 -93.1873930002081,44.9090169999537 -93.187393999628,44.9088930001687</coordinates>
					</LineString>
					<LineString>
						<coordinates>-93.187393999628,44.9088930001687 -93.1873980004618,44.9079820000051</coordinates>
					</LineString>
					<LineString>
						<coordinates>-93.1873999995668,44.9069839997222 -93.1873999997952,44.9069559996663 -93.1874009993959,44.9068500003866</coordinates>
					</LineString>
					<LineString>
						<coordinates>-93.1874039993696,44.9061620000874 -93.187405999684,44.905341000145 -93.1874060004253,44.9052499999365</coordinates>
					</LineString>
					<LineString>
						<coordinates>-93.1874060004253,44.9052499999365 -93.1874039997495,44.9044580003255</coordinates>
					</LineString>
					<LineString>
						<coordinates>-93.187395999429,44.9016249998351 -93.1870829996596,44.9016260000095 -93.1860899997323,44.9016299998011</coordinates>
					</LineString>
					<LineString>
						<coordinates>-93.1860899997323,44.9016299998011 -93.1850009996997,44.9016339997751 -93.1848400003884,44.9016340003033</coordinates>
					</LineString>
					<LineString>
						<coordinates>-93.1848400003884,44.9016340003033 -93.1835769996208,44.9016390000533</coordinates>
					</LineString>
					<LineString>
						<coordinates>-93.1835769996208,44.9016390000533 -93.182490000509,44.9016429998735 -93.1822999999036,44.9016440000803</coordinates>
					</LineString>
					<LineString>
						<coordinates>-93.1822999999036,44.9016440000803 -93.1805329212092,44.9016477028061</coordinates>
					</LineString>
					<LineString>
						<coordinates>-93.1805329212092,44.9016477028061 -93.179913999411,44.9016489999771 -93.1797570000546,44.9016489996412</coordinates>
					</LineString>
					<LineString>
						<coordinates>-93.1796599999502,44.9016389997257 -93.1795649995164,44.9016240004272</coordinates>
					</LineString>
					<LineString>
						<coordinates>-93.1775480001506,44.9016640003659 -93.1775140001434,44.9016640001062 -93.1773150003679,44.9016680001</coordinates>
					</LineString>
					<LineString>
						<coordinates>-93.1773150003679,44.9016680001 -93.1770939994849,44.9016700002946 -93.1770830005739,44.9025680003512 -93.1770900003665,44.9041639999793 -93.1767620000237,44.9041640003964 -93.1722990000916,44.9041610004427 -93.1721119997416,44.9041599996157</coordinates>
					</LineString>
					<LineString>
						<coordinates>-93.1721119997416,44.9041599996157 -93.1721009995238,44.9025780003451</coordinates>
					</LineString>
					<LineString>
						<coordinates>-93.1721200005136,44.9009950003014 -93.1721337074256,44.8999718619886</coordinates>
					</LineString>
					<LineString>
						<coordinates>-93.1721337074256,44.8999718619886 -93.1721339993724,44.8999499999813 -93.1721349997593,44.8998680002664</coordinates>
					</LineString>
					<LineString>
						<coordinates>-93.1721039999145,44.898967000147 -93.1721270003428,44.898203999752 -93.1721309995561,44.8980649996624</coordinates>
					</LineString>
					<LineString>
						<coordinates>-93.1721309995561,44.8980649996624 -93.1745149996232,44.8980550000271 -93.1746779997286,44.8980540000597</coordinates>
					</LineString>
					<LineString>
						<coordinates>-93.1746779997286,44.8980540000597 -93.1765670006318,44.8980330001012</coordinates>
					</LineString>
					<LineString>
						<coordinates>-93.1765670006318,44.8980330001012 -93.1769819997784,44.8974959997114</coordinates>
					</LineString>
				</MultiGeometry>
			</Placemark>
			<Placemark id="Metro_Transit_Routes.2">
				<Style>
					<LineStyle>
						<color>ff0000ff</color>
					</LineStyle>
					<PolyStyle>
						<fill>0</fill>
					</PolyStyle>
				</Style>
				<ExtendedData>
					<SchemaData schemaUrl="#Metro_Transit_Routes">
						<SimpleData name="OBJECTID">48</SimpleData>
						<SimpleData name="route">38</SimpleData>
						<SimpleData name="routesort">38</SimpleData>
						<SimpleData name="RouteDescription">38th St-Highland Village-Uptown-Hopkins-Opus</SimpleData>
						<SimpleData name="RouteOperator">M</SimpleData>
						<SimpleData name="EffectiveDate">2025/06/14 00:00:00+00</SimpleData>
						<SimpleData name="payleavedirectionid">0</SimpleData>
						<SimpleData name="routepayleave">0</SimpleData>
						<SimpleData name="RouteClass">SupportLoc  </SimpleData>
						<SimpleData name="IsPublic">1</SimpleData>
						<SimpleData name="wk_ftrip">04:00:00</SimpleData>
						<SimpleData name="wk_ltrip">00:45:00</SimpleData>
						<SimpleData name="wk_span">20:45:00</SimpleData>
						<SimpleData name="wk_trip_freq">78</SimpleData>
						<SimpleData name="sat_ftrip">04:22:00</SimpleData>
						<SimpleData name="sat_ltrip">00:31:00</SimpleData>
						<SimpleData name="sat_span">20:09:00</SimpleData>
						<SimpleData name="sat_trip_freq">76</SimpleData>
						<SimpleData name="sun_ftrip">04:22:00</SimpleData>
						<SimpleData name="sun_ltrip">00:31:00</SimpleData>
						<SimpleData name="sun_span">20:09:00</SimpleData>
						<SimpleData name="sun_trip_freq">76</SimpleData>
						<SimpleData name="Shape__Length">57457.4254728124</SimpleData>
					</SchemaData>
				</ExtendedData>
				<MultiGeometry>
					<LineString>
						<coordinates>-93.4040839998083,44.8989670000869 -93.4040789994406,44.899300999706 -93.4040730005899,44.8997250002935</coordinates>
					</LineString>
					<LineString>
						<coordinates>-93.4040730005899,44.8997250002935 -93.4040199994188,44.9025360002537</coordinates>
					</LineString>
					<LineString>
						<coordinates>-93.4040199994188,44.9025360002537 -93.4048620003425,44.9025390002859 -93.4049399996854,44.902540000241 -93.4058380000186,44.9025480004069 -93.4059339993875,44.9025540002876 -93.4060300003289,44.9025639997067 -93.4061229998033,44.9025799997038 -93.4062150004041,44.9026020003647 -93.4062610006063,44.9026280003859 -93.4063020004343,44.9026579997989 -93.4063350004801,44.9026920002787 -93.4063599994574,44.9027300000365 -93.4063769997367,44.9027699997067 -93.4063849999431,44.9028110000243 -93.4063829999514,44.9028519999178 -93.4063730004961,44.9028939996004 -93.4063410002505,44.902972999598 -93.406319000319,44.9030540002773 -93.4063059999199,44.903135000441 -93.4063030004629,44.9032170002616 -93.4062889993951,44.9037599997292 -93.4062809998373,44.9044620004131 -93.4062800001582,44.9045739997277 -93.4062819996562,44.9046320002067 -93.4062920001304,44.9046889999967 -93.4063090003682,44.904746000088 -93.4063330002328,44.904801000216 -93.4063669999716,44.9048710000275 -93.4063929994955,44.9049429997518 -93.4064110006036,44.9050160001574 -93.4064210001674,44.9050909995896 -93.4064230005424,44.9051500001886 -93.4064189999915,44.9052099997683 -93.4064110004542,44.9052700000751 -93.4063409998527,44.9057080003564 -93.4063320005306,44.9057980000286 -93.406331999944,44.9058880000896 -93.4063409993952,44.9059779996344 -93.4063589994932,44.9060670003285 -93.4063849995544,44.9061550003273</coordinates>
					</LineString>
					<LineString>
						<coordinates>-93.4063849995544,44.9061550003273 -93.4064660004002,44.9061500003779 -93.4065460001282,44.9061479998257</coordinates>
					</LineString>
					<LineString>
						<coordinates>-93.4065460001282,44.9061479998257 -93.4077409999066,44.9061530000255 -93.4079339998457,44.9061539995874</coordinates>
					</LineString>
					<LineString>
						<coordinates>-93.4079339998457,44.9061539995874 -93.4094840005926,44.9061609996003</coordinates>
					</LineString>
					<LineString>
						<coordinates>-93.4094840005926,44.9061609996003 -93.4108400004836,44.9061679996869</coordinates>
					</LineString>
					<LineString>
						<coordinates>-93.4108400004836,44.9061679996869 -93.4114719994218,44.9061729998502 -93.411622999543,44.9061749996905</coordinates>
					</LineString>
					<LineString>
						<coordinates>-93.411622999543,44.9061749996905 -93.4131420005001,44.9062000002186</coordinates>
					</LineString>
					<LineString>
						<coordinates>-93.4131420005001,44.9062000002186 -93.4135728985635,44.9062037527234</coordinates>
					</LineString>
					<LineString>
						<coordinates>-93.4135728985635,44.9062037527234 -93.4137160004787,44.9062049997186 -93.413886999806,44.9062069997318</coordinates>
					</LineString>
					<LineString>
						<coordinates>-93.413886999806,44.9062069997318 -93.4142310003607,44.9062159995836</coordinates>
					</LineString>
					<LineString>
						<coordinates>-93.4142310003607,44.9062159995836 -93.4142429994814,44.9074199997668 -93.414243857558,44.9075128368415</coordinates>
					</LineString>
					<LineString>
						<coordinates>-93.414243857558,44.9075128368415 -93.4142540005794,44.9086099996921</coordinates>
					</LineString>
					<LineString>
						<coordinates>-93.4142540005794,44.9086099996921 -93.414253999867,44.9089180001773 -93.4142569935932,44.909169000373 -93.4142570020374,44.9091699995722 -93.4142630004777,44.9095640002517 -93.4142760001911,44.9104479995565 -93.4142769994375,44.9105580003144</coordinates>
					</LineString>
					<LineString>
						<coordinates>-93.4142769994375,44.9105580003144 -93.414277999594,44.9106810000541</coordinates>
					</LineString>
					<LineString>
						<coordinates>-93.414277999594,44.9106810000541 -93.4142799995772,44.9109400003139 -93.4142819994072,44.9112450002289</coordinates>
					</LineString>
					<LineString>
						<coordinates>-93.4142819994072,44.9112450002289 -93.4142920005181,44.9120580000487 -93.4142920004892,44.9121280001178</coordinates>
					</LineString>
					<LineString>
						<coordinates>-93.4142920004892,44.9121280001178 -93.414296999541,44.9127970002166</coordinates>
					</LineString>
					<LineString>
						<coordinates>-93.414296999541,44.9127970002166 -93.4143000000332,44.9133219996621 -93.4143010000943,44.9134759997514</coordinates>
					</LineString>
					<LineString>
						<coordinates>-93.4143010000943,44.9134759997514 -93.4142980003464,44.9143669997803</coordinates>
					</LineString>
					<LineString>
						<coordinates>-93.4142980003464,44.9143669997803 -93.4142870005631,44.9151410000905 -93.414285000145,44.915292999955</coordinates>
					</LineString>
					<LineString>
						<coordinates>-93.414285000145,44.915292999955 -93.414278000348,44.9160110000154</coordinates>
					</LineString>
					<LineString>
						<coordinates>-93.414278000348,44.9160110000154 -93.4142820002036,44.9166679999393</coordinates>
					</LineString>
					<LineString>
						<coordinates>-93.4142820002036,44.9166679999393 -93.4142940002094,44.9169129996576 -93.4143020004963,44.9170880003639</coordinates>
					</LineString>
					<LineString>
						<coordinates>-93.4143020004963,44.9170880003639 -93.414253999528,44.9185830003331</coordinates>
					</LineString>
					<LineString>
						<coordinates>-93.414253999528,44.9185830003331 -93.4141929997286,44.9194999999199 -93.4141909996555,44.9195259997067</coordinates>
					</LineString>
					<LineString>
						<coordinates>-93.4141909996555,44.9195259997067 -93.4141699997278,44.9202850003451</coordinates>
					</LineString>
					<LineString>
						<coordinates>-93.4141699997278,44.9202850003451 -93.4141559993965,44.9207660002129</coordinates>
					</LineString>
					<LineString>
						<coordinates>-93.4141559993965,44.9207660002129 -93.4141529997041,44.9209219995604 -93.4144469999563,44.9209229998819 -93.4154929996581,44.9209200003369 -93.4161220000881,44.9209200003204 -93.4165070000972,44.9209200002778 -93.4168799999,44.9209200004328 -93.4168830002676,44.920920000283 -93.4175289997625,44.920918999651 -93.4181699996917,44.9209209996522 -93.4189249998166,44.9209189996192 -93.4194439999077,44.9209199995977 -93.419811000564,44.920919000382 -93.420450000211,44.9209200002118 -93.4211990004767,44.92091900016 -93.4214160003983,44.9209179997846 -93.4219159994606,44.920915999744 -93.4226699999613,44.9209130001219 -93.422800000023,44.9209139997541 -93.4233050003011,44.9209110001944 -93.4238429997522,44.9209070000375 -93.4246010003336,44.9209029996986 -93.4252599998655,44.9209000003658 -93.4256299993852,44.9208990000895 -93.4257929999281,44.9208990001203 -93.4264290003205,44.9208940003142 -93.4267100005246,44.9209529998261 -93.4267999997415,44.9209810001795 -93.4268540003075,44.921012000371 -93.4268930001226,44.9210440000255 -93.4269320002712,44.9210810003053 -93.4269590005188,44.9211100003005 -93.4270989996922,44.921234000405</coordinates>
					</LineString>
					<LineString>
						<coordinates>-93.4270989996922,44.921234000405 -93.4270889999638,44.9216339998587 -93.4270860004238,44.9217670001801</coordinates>
					</LineString>
					<LineString>
						<coordinates>-93.4270860004238,44.9217670001801 -93.4270659999534,44.9225570004088</coordinates>
					</LineString>
					<LineString>
						<coordinates>-93.4270659999534,44.9225570004088 -93.4270389999027,44.9231690003804 -93.427019999782,44.9234099995583 -93.4269949997683,44.9236510004512 -93.4269630002096,44.9238910003635 -93.4269250005867,44.9241310001817 -93.4268710002891,44.9243280002936 -93.4255129994428,44.9243179996222</coordinates>
					</LineString>
					<LineString>
						<coordinates>-93.4255129994428,44.9243179996222 -93.4251470006361,44.9243210001846 -93.4241790000689,44.9243269996028</coordinates>
					</LineString>
					<LineString>
						<coordinates>-93.4241790000689,44.9243269996028 -93.4237620004671,44.9243309998286 -93.4228700000759,44.9243379997161 -93.4221729998214,44.9243440000922</coordinates>
					</LineString>
					<LineString>
						<coordinates>-93.4221729998214,44.9243440000922 -93.4215960003453,44.9243480004288</coordinates>
					</LineString>
					<LineString>
						<coordinates>-93.4215960003453,44.9243480004288 -93.4212660003915,44.9243499995591</coordinates>
					</LineString>
					<LineString>
						<coordinates>-93.4212660003915,44.9243499995591 -93.4212090001352,44.9243500000549 -93.420328000588,44.9243520000898</coordinates>
					</LineString>
					<LineString>
						<coordinates>-93.420328000588,44.9243520000898 -93.4201399997635,44.9243529997424 -93.4190559996807,44.9243579997082 -93.417802999942,44.9243650003931</coordinates>
					</LineString>
					<LineString>
						<coordinates>-93.417802999942,44.9243650003931 -93.4172069997967,44.9243680002262</coordinates>
					</LineString>
					<LineString>
						<coordinates>-93.4172069997967,44.9243680002262 -93.4165290002287,44.924370999882 -93.4164899994364,44.924370999888</coordinates>
					</LineString>
					<LineString>
						<coordinates>-93.4164899994364,44.924370999888 -93.4163320005473,44.9243709998529 -93.4152430001218,44.9243749997306</coordinates>
					</LineString>
					<LineString>
						<coordinates>-93.4152430001218,44.9243749997306 -93.4145640006151,44.9243780003581 -93.4139720004758,44.9243810002949</coordinates>
					</LineString>
					<LineString>
						<coordinates>-93.4139720004758,44.9243810002949 -93.4127010000528,44.924390999829</coordinates>
					</LineString>
					<LineString>
						<coordinates>-93.4127010000528,44.924390999829 -93.4116669997804,44.9243949999913 -93.4114309995456,44.9243970000096</coordinates>
					</LineString>
					<LineString>
						<coordinates>-93.4114309995456,44.9243970000096 -93.4101170003262,44.9243980003088</coordinates>
					</LineString>
					<LineString>
						<coordinates>-93.4101170003262,44.9243980003088 -93.4088019994976,44.9244049997411</coordinates>
					</LineString>
					<LineString>
						<coordinates>-93.4088019994976,44.9244049997411 -93.4084490004748,44.9244070000491 -93.4074890004131,44.9244120002944</coordinates>
					</LineString>
					<LineString>
						<coordinates>-93.4074890004131,44.9244120002944 -93.4065990004835,44.9244159997018 -93.406178000527,44.9244190002462</coordinates>
					</LineString>
					<LineString>
						<coordinates>-93.406178000527,44.9244190002462 -93.4062779997831,44.9232319999742 -93.4063210002325,44.9227190002401</coordinates>
					</LineString>
					<LineString>
						<coordinates>-93.4063210002325,44.9227190002401 -93.4063699997814,44.9221460002346 -93.4063729997235,44.922084999766</coordinates>
					</LineString>
					<LineString>
						<coordinates>-93.4063729997235,44.922084999766 -93.4063709998692,44.9219620001583 -93.4059379997783,44.9220620000074 -93.4055390004455,44.9221570001703 -93.4054960003837,44.9221670001987 -93.4047230000373,44.9223430001817 -93.4040470000798,44.9224980001839 -93.4036279994893,44.9225959999929 -93.4031249997496,44.9227190000249 -93.4030139996995,44.9227449999168 -93.4028630003057,44.922780999853 -93.4025559997785,44.922854999908 -93.4022199998698,44.9229369996727 -93.4019069999183,44.9230159999444 -93.401781999901,44.9230519996709 -93.4017059995728,44.9230739997698 -93.4015720003837,44.9231139999232 -93.4014990003786,44.9231360001367 -93.4013920002483,44.9231679995572 -93.4011730002195,44.923240999705 -93.4009389995979,44.9233220000046 -93.4007140003215,44.9234099997408 -93.400389000611,44.9235479995667 -93.400096000395,44.9236779996693 -93.3998699996465,44.9237759998207 -93.3996149994449,44.9238789999141 -93.3994319997553,44.9239459996032 -93.3992309995919,44.9240139999384 -93.3991610006189,44.9240359998657 -93.3990119994613,44.9240840000503 -93.3989140004316,44.9241139996479 -93.3986969995745,44.9241739998983 -93.3986070004639,44.9241990003726 -93.3985870006052,44.9242039996975 -93.3982630005669,44.9242789999396 -93.3980659999366,44.9243189996085 -93.3977810003171,44.9243710000373 -93.3975049994697,44.9244120003388 -93.397234999392,44.9244439995588 -93.397014999516,44.9244640001437 -93.3967899999137,44.9244779998074 -93.3966200005181,44.924483999655 -93.3965549994964,44.9244840003275 -93.3963389994145,44.9244850004042 -93.3961710000504,44.9244849999797 -93.3961159997181,44.924486000045 -93.396000999701,44.9244870002 -93.3957549998603,44.9244870004409 -93.3954689993814,44.9244870000425 -93.3952390000581,44.924487999704 -93.3951629998533,44.9244869997136 -93.3950039996153,44.9244869997414 -93.3945949997328,44.9244880004437 -93.3940589998525,44.9244870002078 -93.3936809996936,44.9244870003662 -93.3933370003238,44.9244870001013 -93.3930270001789,44.9244889999807 -93.3929090005112,44.9244920003984 -93.3926610003421,44.9245010002029 -93.3925330006206,44.9245069998884 -93.3923969994433,44.9245140000444 -93.392276000215,44.9245219999489 -93.392087000384,44.9245349997895 -93.3917969994874,44.9245599999131 -93.3915429996342,44.9245870003613 -93.3913960002133,44.9246039995967 -93.3910530002852,44.9246500002886 -93.390835999645,44.924685000415 -93.3906040002014,44.9247239997268 -93.3903519997325,44.9247710004362 -93.390111000529,44.9248190000462 -93.3898599994549,44.9248700003657 -93.3896290000783,44.9249159996741 -93.3894920003335,44.9249439997506 -93.3891289995652,44.9250159995676 -93.3887539997218,44.9250919999759 -93.3884389999693,44.9251540003562 -93.3882980003825,44.9251830001281 -93.3879260002985,44.9252559998371 -93.3876660006122,44.9252989996724 -93.3873910000831,44.9253420002894 -93.3872689994393,44.9253619998119 -93.387138000592,44.9253850003823 -93.3870309998676,44.925403999986 -93.3865920006237,44.9254920001409 -93.3862950001856,44.9255509999058 -93.3860410004463,44.92559400005 -93.3858589997171,44.9256259998467 -93.3857529999245,44.9256399996355 -93.3856660001589,44.9256480001162 -93.3852449993809,44.9256740002367 -93.385011000138,44.9256869997197 -93.3847459995679,44.9256990004181 -93.3845520002487,44.9257079996189 -93.3842300004564,44.9257239998003 -93.3839860004125,44.9257370002224 -93.3834610000404,44.9257620002882 -93.3832059994904,44.9257749999711 -93.3829519995359,44.9257909997118 -93.3826900005009,44.9258089998406 -93.3825260004952,44.9258520002178</coordinates>
					</LineString>
					<LineString>
						<coordinates>-93.3825260004952,44.9258520002178 -93.3807139997853,44.9259440003382</coordinates>
					</LineString>
					<LineString>
						<coordinates>-93.3807139997853,44.9259440003382 -93.3804640153808,44.9259561750939</coordinates>
					</LineString>
					<LineString>
						<coordinates>-93.3804640153808,44.9259561750939 -93.3804059994393,44.925958999653 -93.379148000392,44.9260229998091</coordinates>
					</LineString>
					<LineString>
						<coordinates>-93.379148000392,44.9260229998091 -93.3782020002055,44.9260699998869 -93.3769549997503,44.9261559998712</coordinates>
					</LineString>
					<LineString>
						<coordinates>-93.3769549997503,44.9261559998712 -93.3767200001542,44.9261220003956 -93.3763589994302,44.9261470001465 -93.3758200003663,44.9261739997671 -93.375693000039,44.9261799997926 -93.3754679997862,44.9261929996282 -93.3753199999456,44.9261989998612 -93.3750680003495,44.9262209996598 -93.3749270002973,44.9262349999168 -93.3746800004055,44.9262710004287 -93.3745550005032,44.9262919999336 -93.3744389997686,44.9263120002766 -93.3743069997043,44.9263399999454 -93.3741950000156,44.9263650001652 -93.3740800001907,44.926393999808 -93.3739450001769,44.9264289998719 -93.3735949999825,44.9265290004039 -93.3728839995308,44.9267300000803 -93.3725269998332,44.9268319997369 -93.3718140000363,44.9270340002901 -93.3713399996038,44.9271680003652 -93.3710940002689,44.9272350000993 -93.3708389999228,44.9273060002319 -93.3706830005203,44.9273489999211 -93.3705839997445,44.9273720000593 -93.3704879995029,44.927394000153 -93.370361999813,44.9274170003621 -93.3702419999066,44.9274370004051 -93.3702220000928,44.927439999907 -93.3701169994058,44.9274550000707 -93.3699979999155,44.9274690003545 -93.3698529999566,44.9274809998472 -93.3697310001934,44.9274860003251 -93.3696030000958,44.9274890000336 -93.3694710004317,44.9274880003276 -93.3693490000368,44.9274850002844 -93.3692039996998,44.9274759998899 -93.3690709995105,44.9274639997596 -93.3685850005613,44.9274109998314 -93.3682109997985,44.9273690000701 -93.3678419999524,44.9273280002072 -93.3673310002192,44.9272700001118 -93.3668260004324,44.9272140003164 -93.36643600017,44.9271699999657 -93.3660670003411,44.9271299998942 -93.3658099999174,44.9271050001242 -93.365637000097,44.927090999628 -93.3654279996912,44.927075999616 -93.3653819996726,44.9270729996819 -93.3651280004806,44.927055999693 -93.3649499993931,44.9270470003773 -93.3647550003684,44.9270390002893 -93.3639790001093,44.9270129999379 -93.3633969995013,44.9269909997235 -93.3630150006111,44.9269789995995 -93.3628179999417,44.9269709998659 -93.3626360001644,44.9269639999985 -93.3624499999418,44.9269569999344 -93.3622519997729,44.926946000215 -93.3618590005092,44.9269209997584 -93.3616459999533,44.9269060000977 -93.3615800003769,44.9269029998478 -93.3615240001219,44.9269000003139 -93.3613290004704,44.926897000414 -93.361280999661,44.926898000265 -93.3612289995655,44.9269000002698 -93.361093000627,44.9269030004369 -93.3608990005737,44.9269200000829 -93.3606979997313,44.9269470002755 -93.360519000271,44.9269799998403 -93.3603290005502,44.927024000121 -93.3601900000909,44.9270619996246 -93.3600099997484,44.9271140003596 -93.3598279994562,44.92716599991 -93.3596529994429,44.9272109996414 -93.3595800002864,44.9272280003129 -93.3593699998789,44.9272760003616 -93.3592780000297,44.9272959997952 -93.3589850004262,44.9273709998814 -93.358795000008,44.9274220002982 -93.358618999525,44.9274700001666 -93.358266000402,44.9275660004195 -93.3581430001394,44.9275979995841 -93.3579689996077,44.9276450001525 -93.35727200036,44.9278480002924 -93.356966000448,44.9279390000811 -93.3567539996299,44.9280029999946 -93.3564489998942,44.9281060003939 -93.3561020000215,44.9282329998579 -93.3557160001146,44.9283760002466 -93.3552809995865,44.9285150000332 -93.3550639996307,44.9285849996122 -93.3547149999558,44.9287009996749 -93.3543399993947,44.9288299999727 -93.3540289997321,44.9289319997803 -93.3535219995559,44.9290909998096 -93.3533870000011,44.9291309995925 -93.3531539994025,44.9291999999081 -93.3530250001018,44.9292440001184 -93.3528449995703,44.9292999999498 -93.3526770004683,44.9293509996114 -93.35248000037,44.9294080001768 -93.3522999996927,44.9294600004422 -93.35181900045,44.9295850002036 -93.3511250005182,44.929786000077 -93.3507580001444,44.9298999999026 -93.3502989997997,44.9300489998364 -93.3500499997635,44.9301300002896 -93.349877999806,44.9301869998461 -93.3494500005629,44.93032299966 -93.3491160005912,44.9304409999467 -93.3489140002492,44.9305069999704 -93.3483289993734,44.930690000364 -93.3482159995828,44.9307219997266 -93.3477879996948,44.9308550001239 -93.3471860001779,44.9310420001108 -93.3466500006205,44.931203999595 -93.3462320003353,44.9313320000741 -93.3460750002368,44.9313809996172 -93.3457520002943,44.9314790000957 -93.3457199997132,44.931487999986 -93.3447970006273,44.931771000331 -93.3441160002266,44.9319969997587 -93.3435940002032,44.9321570000503 -93.3434719995556,44.9321960001679 -93.3432440005574,44.9322689998978 -93.3425280003368,44.932488999746 -93.3420419996108,44.9326389998197 -93.3418359994128,44.9327009996744 -93.3407610000324,44.933030999628 -93.3402159997482,44.9331969998193 -93.3401839994537,44.9332070000813 -93.3398410002649,44.9333130002784 -93.3393369996778,44.9334660004485 -93.338954000206,44.9335840004065 -93.3384559999658,44.9337360003515 -93.3382530001714,44.9337990002687 -93.3380730005598,44.9338570004273 -93.3379100001178,44.9339159996426 -93.337555000422,44.934055000211 -93.3372280005045,44.9341999996702 -93.3370240005288,44.9342990003767 -93.3370180002449,44.9343029996823 -93.3368269993868,44.9343979998799 -93.3363800004811,44.9346680000829 -93.336088000371,44.9348669998754 -93.3358249999784,44.9350670001881 -93.3356679995695,44.9351910002135 -93.3354999995127,44.9353190004297 -93.335063000554,44.9356719998792 -93.3344650005422,44.9361450000046 -93.3343680003665,44.9362230003577 -93.3342680004158,44.9363050000069 -93.3338590000092,44.9366269998712 -93.3334479999437,44.9369540002164 -93.3332939993807,44.9370779998812 -93.3328429994539,44.9374349996806 -93.3325839994551,44.9376429997862 -93.3321189996844,44.9380110001275 -93.3320190002383,44.9380900001057 -93.3307389996428,44.9391080002508 -93.3304079995195,44.9393730003209 -93.3299790001289,44.9397130003108 -93.3299080001821,44.9397700000982 -93.3296430005342,44.9399800002276 -93.3292900005515,44.9402600002722 -93.3290370006224,44.9404620002888 -93.3280349997227,44.9412550000998 -93.3274699996987,44.9417330003965 -93.3272700006073,44.9419039999395 -93.3270120000886,44.9421499999105</coordinates>
					</LineString>
					<LineString>
						<coordinates>-93.3270120000886,44.9421499999105 -93.3264579994718,44.9425950000377 -93.3233950005477,44.9450039998102</coordinates>
					</LineString>
					<LineString>
						<coordinates>-93.3233950005477,44.9450039998102 -93.3231539999212,44.9452200002914 -93.3228310002877,44.945507999736</coordinates>
					</LineString>
					<LineString>
						<coordinates>-93.3228310002877,44.945507999736 -93.3224730002157,44.9458580003336</coordinates>
					</LineString>
					<LineString>
						<coordinates>-93.3224730002157,44.9458580003336 -93.3217410000601,44.9465730000186 -93.3212570003922,44.9470450003262</coordinates>
					</LineString>
					<LineString>
						<coordinates>-93.3212570003922,44.9470450003262 -93.3210900000897,44.9472210001985</coordinates>
					</LineString>
					<LineString>
						<coordinates>-93.3210900000897,44.9472210001985 -93.320814000484,44.9473770002272 -93.3207769994864,44.9473970004062</coordinates>
					</LineString>
					<LineString>
						<coordinates>-93.3207769994864,44.9473970004062 -93.3205960003207,44.9474749997627</coordinates>
					</LineString>
					<LineString>
						<coordinates>-93.3205960003207,44.9474749997627 -93.3203529998033,44.9474970002175 -93.319222000128,44.9478879998803 -93.3187540000737,44.9480469997756 -93.3183220004084,44.948195999701 -93.3179150005989,44.9483370003285 -93.3171769996032,44.9485979996394 -93.3164770002099,44.9488410000761 -93.3160639999584,44.9489749999546 -93.3154129999602,44.9491850000058 -93.313951000029,44.9496560003853 -93.3137880002511,44.9497090002775 -93.3131679996945,44.949904000404 -93.3126959994018,44.9500720000971 -93.3121049999598,44.9502599996894 -93.3117799997703,44.9503510001902 -93.3116380003553,44.9503850003529 -93.3115239998713,44.9504100002789 -93.3113669996795,44.9504369996524 -93.31118299986,44.9504599998734 -93.311042999597,44.9504689997777 -93.3108930006293,44.9504769996006 -93.3107030000031,44.9504790001997 -93.3104760002838,44.9504689996765 -93.3103179995132,44.9504530004439 -93.3101179994271,44.9504229999012 -93.3099750005238,44.9503979997591 -93.3098329994849,44.9503650002482 -93.3096500003105,44.9503120003452 -93.3094299996764,44.9502410000722 -93.3092550000147,44.9501740004447 -93.3090140000781,44.9500780000443 -93.3085880002882,44.9499000002674 -93.3081419995524,44.9497190002823 -93.3075189996906,44.9494580000406 -93.3068120002108,44.9491650002951 -93.3057400002581,44.9486239999213 -93.3054679998779,44.9484970000622 -93.3053939997046,44.9484659997044 -93.3053170000017,44.9484389997087 -93.3052369997196,44.9484170001953 -93.3051540003323,44.9484010003771 -93.3050690004991,44.9483900001571 -93.3049840005537,44.9483839995903 -93.3049760001817,44.948383000127 -93.3046470003668,44.9483779999099 -93.3033749996266,44.9483659997085 -93.3021190005468,44.9483660003015 -93.3008379994201,44.9483649997088 -93.3003430004535,44.9483639998437 -93.299550999556,44.9483620002352 -93.2982889994947,44.9483619996516 -93.2979770002019,44.9483629995686 -93.2970100004941,44.9483649999954 -93.2957530002461,44.9483690002872 -93.2944620005616,44.9483529999296 -93.2933739999346,44.9483609995656 -93.293192999665,44.9483630001245</coordinates>
					</LineString>
					<LineString>
						<coordinates>-93.293192999665,44.9483630001245 -93.2919169996472,44.9483589996825</coordinates>
					</LineString>
					<LineString>
						<coordinates>-93.2919169996472,44.9483589996825 -93.290851000017,44.9483620003456 -93.2906539993796,44.9483629996965</coordinates>
					</LineString>
					<LineString>
						<coordinates>-93.2906539993796,44.9483629996965 -93.2893790006171,44.9483669999421</coordinates>
					</LineString>
					<LineString>
						<coordinates>-93.2893790006171,44.9483669999421 -93.2880930001408,44.9483650003641</coordinates>
					</LineString>
					<LineString>
						<coordinates>-93.2880930001408,44.9483650003641 -93.2881089999064,44.9467909997842 -93.2881120001516,44.9466080002073</coordinates>
					</LineString>
					<LineString>
						<coordinates>-93.2881120001516,44.9466080002073 -93.2881699994978,44.9463099997761 -93.2881819997368,44.9460099999088 -93.2881970003145,44.9457849999336 -93.2881789995066,44.9451570000218 -93.2881879998439,44.9447330003996 -93.28819200053,44.9443130003546 -93.2881959998263,44.9439510002763 -93.288202999728,44.9433750002437 -93.2882080004613,44.943143000223 -93.2882129997593,44.9429130004447 -93.2882129994525,44.9422150001006 -93.2882169998073,44.9418720004493 -93.2882340001629,44.9413110002396 -93.2882289997761,44.9408939996266 -93.2882310006168,44.9403499996865 -93.2882349997868,44.9399839997566 -93.2882430002818,44.9395989999354 -93.2882450005719,44.9394999996323 -93.2882440000555,44.9390310003003 -93.2882480004157,44.9382830002348 -93.2882529998944,44.9377759998077 -93.2882539995351,44.9376860004242 -93.2882589995531,44.937456000422 -93.288260999995,44.937048000089 -93.2882639996083,44.9366710001902 -93.2882730000571,44.9359719996427 -93.2882739999777,44.9358769996024 -93.2882770001909,44.9349540003671 -93.2882809996043,44.9344429998639 -93.2882400005077,44.9340719999778</coordinates>
					</LineString>
					<LineString>
						<coordinates>-93.2882400005077,44.9340719999778 -93.2877630001185,44.9340739995534 -93.2869489994279,44.9340780002335</coordinates>
					</LineString>
					<LineString>
						<coordinates>-93.2869489994279,44.9340780002335 -93.2856519997699,44.934083999999</coordinates>
					</LineString>
					<LineString>
						<coordinates>-93.2856519997699,44.934083999999 -93.2845050002129,44.9340929998214 -93.2843659997902,44.9340939995588</coordinates>
					</LineString>
					<LineString>
						<coordinates>-93.2843659997902,44.9340939995588 -93.2830800001519,44.9340990002113</coordinates>
					</LineString>
					<LineString>
						<coordinates>-93.2830800001519,44.9340990002113 -93.2814109998454,44.9341019997087</coordinates>
					</LineString>
					<LineString>
						<coordinates>-93.2814109998454,44.9341019997087 -93.2812370005568,44.9341029999539 -93.2797540006097,44.9341130004365</coordinates>
					</LineString>
					<LineString>
						<coordinates>-93.2797540006097,44.9341130004365 -93.2781170002987,44.9341199999353 -93.2779049997717,44.93412100032</coordinates>
					</LineString>
					<LineString>
						<coordinates>-93.2779049997717,44.93412100032 -93.2766219995566,44.9341229997932</coordinates>
					</LineString>
					<LineString>
						<coordinates>-93.2766219995566,44.9341229997932 -93.2753249994676,44.9341319996805 -93.2747890000394,44.9341329998404 -93.2745120004685,44.9341329998425 -93.2740269996596,44.9341349999849</coordinates>
					</LineString>
					<LineString>
						<coordinates>-93.2740269996596,44.9341349999849 -93.2728990004085,44.9341420003364 -93.2727290002309,44.9341439997935</coordinates>
					</LineString>
					<LineString>
						<coordinates>-93.2727290002309,44.9341439997935 -93.2714340003547,44.9341489997224</coordinates>
					</LineString>
					<LineString>
						<coordinates>-93.2714340003547,44.9341489997224 -93.2705814674756,44.9341504943544</coordinates>
					</LineString>
					<LineString>
						<coordinates>-93.2705814674756,44.9341504943544 -93.2702929995112,44.9341510001047 -93.2701229996003,44.9341520000571</coordinates>
					</LineString>
					<LineString>
						<coordinates>-93.2701229996003,44.9341520000571 -93.2688360003728,44.9341529997103</coordinates>
					</LineString>
					<LineString>
						<coordinates>-93.2688360003728,44.9341529997103 -93.2677500005906,44.9341580004138 -93.2675389996693,44.9341589999168</coordinates>
					</LineString>
					<LineString>
						<coordinates>-93.2675389996693,44.9341589999168 -93.2662720004841,44.9341619996899</coordinates>
					</LineString>
					<LineString>
						<coordinates>-93.2662720004841,44.9341619996899 -93.2650229995459,44.9341549999968</coordinates>
					</LineString>
					<LineString>
						<coordinates>-93.2650229995459,44.9341549999968 -93.2647709998658,44.9341540001478 -93.2637559993932,44.9341470001821</coordinates>
					</LineString>
					<LineString>
						<coordinates>-93.2637559993932,44.9341470001821 -93.2630319998438,44.9341509996836 -93.2624959995098,44.9341529998888 -93.261224999834,44.9341429998401</coordinates>
					</LineString>
					<LineString>
						<coordinates>-93.261224999834,44.9341429998401 -93.2601440001762,44.9341439999944 -93.2599630001689,44.9341439998511</coordinates>
					</LineString>
					<LineString>
						<coordinates>-93.2599630001689,44.9341439998511 -93.2587089994277,44.9341479996813</coordinates>
					</LineString>
					<LineString>
						<coordinates>-93.2587089994277,44.9341479996813 -93.2574389997842,44.9341370001163</coordinates>
					</LineString>
					<LineString>
						<coordinates>-93.2574389997842,44.9341370001163 -93.2563780000634,44.9341399999079 -93.2561740004149,44.9341400003787</coordinates>
					</LineString>
					<LineString>
						<coordinates>-93.2561740004149,44.9341400003787 -93.2549220001146,44.9341329995658</coordinates>
					</LineString>
					<LineString>
						<coordinates>-93.2549220001146,44.9341329995658 -93.253649999594,44.9341269998689</coordinates>
					</LineString>
					<LineString>
						<coordinates>-93.253649999594,44.9341269998689 -93.252593999613,44.93412799996 -93.2524010004992,44.9341279999671</coordinates>
					</LineString>
					<LineString>
						<coordinates>-93.2524010004992,44.9341279999671 -93.2511290000384,44.9341259997004</coordinates>
					</LineString>
					<LineString>
						<coordinates>-93.2511290000384,44.9341259997004 -93.2500129993708,44.9341249995714 -93.249873000344,44.9341249998958</coordinates>
					</LineString>
					<LineString>
						<coordinates>-93.249873000344,44.9341249998958 -93.2486129996498,44.9341140000312</coordinates>
					</LineString>
					<LineString>
						<coordinates>-93.2486129996498,44.9341140000312 -93.2475370004525,44.934115999723 -93.2473480003202,44.9341169997526</coordinates>
					</LineString>
					<LineString>
						<coordinates>-93.2473480003202,44.9341169997526 -93.24606199953,44.9341140002515 -93.2448039996469,44.9341200003002</coordinates>
					</LineString>
					<LineString>
						<coordinates>-93.2448039996469,44.9341200003002 -93.2446450002546,44.9341189997086 -93.2435389995494,44.9341160001615</coordinates>
					</LineString>
					<LineString>
						<coordinates>-93.2435389995494,44.9341160001615 -93.2423890002807,44.9341180002044 -93.2422619994867,44.9341189997445</coordinates>
					</LineString>
					<LineString>
						<coordinates>-93.2422619994867,44.9341189997445 -93.2410009998113,44.9341129996639</coordinates>
					</LineString>
					<LineString>
						<coordinates>-93.2410009998113,44.9341129996639 -93.2397209997312,44.934112000067 -93.2388830003021,44.9341150000627</coordinates>
					</LineString>
					<LineString>
						<coordinates>-93.2388830003021,44.9341150000627 -93.2384600002919,44.9341129998158</coordinates>
					</LineString>
					<LineString>
						<coordinates>-93.2384600002919,44.9341129998158 -93.2382859998894,44.9341130002129 -93.2371980005744,44.9341089996924</coordinates>
					</LineString>
					<LineString>
						<coordinates>-93.2371980005744,44.9341089996924 -93.2359170006181,44.9341119996491</coordinates>
					</LineString>
					<LineString>
						<coordinates>-93.2359170006181,44.9341119996491 -93.2347679997431,44.9341230003385 -93.2346550003581,44.9341240004448</coordinates>
					</LineString>
					<LineString>
						<coordinates>-93.2346550003581,44.9341240004448 -93.2333839995067,44.934123000452</coordinates>
					</LineString>
					<LineString>
						<coordinates>-93.2333839995067,44.934123000452 -93.2322699997429,44.934124999667 -93.2321160004338,44.9341250003951</coordinates>
					</LineString>
					<LineString>
						<coordinates>-93.2321160004338,44.9341250003951 -93.2308430003977,44.9341210001143</coordinates>
					</LineString>
					<LineString>
						<coordinates>-93.2308430003977,44.9341210001143 -93.2297309997049,44.9341189997255</coordinates>
					</LineString>
					<LineString>
						<coordinates>-93.4040839998083,44.8989670000869 -93.404205000262,44.8989769999094 -93.4043279997352,44.8989799997051 -93.4051620004907,44.898995000429 -93.4052909994169,44.898991999617 -93.4054199999302,44.8989839997946 -93.4055470001191,44.8989699998371 -93.4056729999653,44.8989509999316 -93.406000000243,44.8988859995994 -93.406063000075,44.8988729998528 -93.4061879995149,44.8988530001033 -93.4063149999404,44.8988400003227 -93.4064420002272,44.8988340004244 -93.4065700002908,44.8988340003177 -93.406697999755,44.8988420002248 -93.4068239998632,44.8988559998002 -93.4069489994338,44.8988770001243 -93.4070709998665,44.8989050002223 -93.4071720002299,44.8989339995777 -93.407268999997,44.8989670001348 -93.4073639998062,44.8990050003007 -93.4073910005335,44.8990190003546 -93.4074530002416,44.8990519995732 -93.4075370002769,44.8991040001753 -93.4076159997073,44.8991590000546 -93.4076889994157,44.899219000351 -93.4077180001835,44.8992450001706 -93.4077870001862,44.8992980002567 -93.4078620001875,44.8993459998187 -93.4079429996616,44.8993899998787 -93.4080289998028,44.8994290002599 -93.4081179999258,44.8994619998672 -93.4082080006183,44.8994880003072 -93.408300999974,44.8995079999672 -93.4083950000608,44.8995229998149 -93.4084909994362,44.8995319997452 -93.4085559999205,44.8995349998789 -93.4086200000947,44.8995349995584 -93.4087180003311,44.899530000196 -93.408813999385,44.8995200000526 -93.4089089996119,44.8995039999134 -93.4090009997918,44.8994819997462 -93.4090909999874,44.8994549997085 -93.4091769994947,44.8994219996398 -93.4092590003224,44.8993839996736 -93.4093360000946,44.8993419999422 -93.4094490002433,44.8992859997789 -93.4095680002193,44.899236999614 -93.4096900005456,44.8991930000231 -93.409817000164,44.8991560003889 -93.4099470004586,44.8991259997671 -93.4100799994422,44.8991019998233 -93.4102149998687,44.8990849997599 -93.4103519997444,44.8990740003455 -93.4104889994879,44.8990710000217 -93.4111000001088,44.8990799999353 -93.4121330001061,44.8990940000855 -93.4126250004255,44.899100999658 -93.4140589997387,44.8991230003464 -93.4141669996285,44.8991210000572 -93.4142749999628,44.8991269998189 -93.4143829995069,44.8991380001406 -93.4144890000751,44.8991560004362 -93.4145920002532,44.8991799997139 -93.4146920000825,44.8992099997818 -93.4147880002587,44.8992459997761 -93.4148790002124,44.8992879997411 -93.4157210004457,44.8996919995692 -93.4157789998447,44.8997239996914 -93.4158329995362,44.8997590003394 -93.4158840005053,44.8997960004425 -93.415944999662,44.8998499996556 -93.4159989998917,44.8999070004195 -93.4160459995095,44.8999680001814 -93.4160840006053,44.9000309996639 -93.4161139995808,44.9000969998784 -93.4161339993776,44.9001649998742 -93.4161689997507,44.9003669997526 -93.4161850001864,44.9004570001019 -93.4162100002472,44.9005459999252 -93.4162449997118,44.9006329999421 -93.4162879995389,44.9007190003602 -93.4163399998701,44.9008019999619 -93.4164009994761,44.9008819996398 -93.4164699994161,44.9009580001903 -93.4165459999606,44.9010309999756 -93.4166290002407,44.9010999997538 -93.4167200000032,44.9011640002314 -93.4167430002472,44.9011780000631 -93.4168170005202,44.9012229996821 -93.4169189999048,44.9012769999481 -93.4170270000316,44.9013260000581 -93.4171400006273,44.9013689999167 -93.4172560004105,44.9014059996193 -93.4173770006153,44.9014369999451 -93.4174999996783,44.9014610000169 -93.417624999731,44.9014789999521 -93.4177329996079,44.9014889996689 -93.4178419994086,44.9014940003692 -93.417950999375,44.9014950004391 -93.4187910005262,44.9014919997254 -93.4189399995451,44.9014880000433 -93.4190880005894,44.9014760000768 -93.4192339997732,44.901458000177 -93.4193789996059,44.9014320000082 -93.4195209993861,44.9013999999847 -93.4196590003616,44.9013599999239 -93.4197939999338,44.9013140000376 -93.4199240006094,44.9012619995793 -93.4200480004833,44.9012040004504 -93.4201670001393,44.9011399998893 -93.4202789995919,44.9010699998703 -93.4203839997804,44.9009949996415 -93.4204819994452,44.9009150001271 -93.4205720004919,44.9008299996191 -93.420733000315,44.9006680001301 -93.4213059999627,44.9000869996634 -93.4213539995512,44.9000239997263 -93.4213950001731,44.8999600002562 -93.4214269999595,44.8998930002823 -93.4214519998454,44.8998239997614 -93.4214690002343,44.8997539998182 -93.4214770005494,44.8996829996479 -93.4214769998681,44.8996120001978 -93.4214689994734,44.899540999663 -93.4214620000235,44.8995120000676 -93.421458999819,44.8994980002926 -93.4214379999164,44.8993820003863 -93.4214239997589,44.8992639995864 -93.421416000381,44.8991470001767 -93.4214060003581,44.8987320003498 -93.4214110005777,44.8986810003769 -93.4214229994897,44.8986309999156 -93.4214439998079,44.8985810004432 -93.421471000142,44.8985339999242 -93.4215059997015,44.8984879997138 -93.4215479995503,44.8984460002872 -93.4215960003591,44.8984079999245 -93.4216490005866,44.8983730003836 -93.4219159993897,44.8982199996315 -93.4220539999385,44.8981400003775 -93.4219099994084,44.8979999999534 -93.4218040001847,44.8978800002691 -93.4217050005809,44.8977589997114 -93.4215350006182,44.8975300002285 -93.4214499999166,44.897396000065 -93.4213770004259,44.8972689996902 -93.4213120001249,44.8971480002564 -93.4212370000826,44.896983000342 -93.4211999996916,44.8968820001264 -93.4211499997213,44.8967519998904 -93.4210690003022,44.8964890000102 -93.4209970000347,44.8962180000358 -93.4209419994555,44.8959509999897 -93.4209029994051,44.895766000407 -93.4208330002904,44.8954090004295 -93.4208000004628,44.8952399997084 -93.4207629993849,44.8950069998292 -93.4207280001885,44.8947310003543 -93.4206850001399,44.8944580001187 -93.4206519998896,44.8942690002751 -93.4203980005252,44.8942900003269 -93.4201030004984,44.8943110003082 -93.419974999664,44.8943209998086 -93.4198450000371,44.8943240001835 -93.4197159993752,44.8943200003114 -93.419666999942,44.8943159998081 -93.4195869997526,44.894309000261 -93.4194249998491,44.8943059998994 -93.4192630002323,44.894305999705 -93.4191010002077,44.8943109999458 -93.4190080002803,44.8943140004138 -93.4189150005116,44.894308999744 -93.4188229995132,44.8942979999407 -93.4187340002646,44.8942789996984 -93.4186650005717,44.8942539999924 -93.4186009995347,44.8942219998982 -93.4185429995163,44.8941849996168 -93.4184930002653,44.8941429999312 -93.4184510005045,44.8940959999563 -93.418417000327,44.8940509997294 -93.4183920002173,44.8940080000934 -93.418359000167,44.8939680004491 -93.4183189994131,44.8939309998302 -93.4181630006059,44.8937709998613 -93.4180889994812,44.8937060002031 -93.4180089997587,44.8936469998439 -93.4179209999023,44.8935920004287 -93.4178279993997,44.893543000233 -93.4177279997913,44.8935000002533 -93.4176240000006,44.8934630003071 -93.4175160000026,44.8934320003839 -93.4174039993995,44.8934079997064 -93.417214,44.8933770002977 -93.4170210000027,44.893350999591 -93.4168280004724,44.8933310002536 -93.4160480000734,44.8932600002834 -93.4157459995599,44.8932249998732 -93.4154440001437,44.8931849997961 -93.4151440003412,44.8931399999889 -93.4143810000427,44.8929539997661 -93.4141810001898,44.8929050003945 -93.4140359996495,44.8928700002979 -93.4137029994354,44.8927599996699 -93.4133739995166,44.8926450000285 -93.4130489999421,44.8925249996071 -93.4128750000966,44.8924640004323 -93.4126970002845,44.8924079999078 -93.4125149995861,44.8923590000848 -93.4123310005996,44.8923159998825 -93.412144000275,44.8922790002106 -93.4119539998194,44.8922480001499 -93.4117660004833,44.892228000323 -93.4115759997361,44.8922119998298 -93.4113860005488,44.8922009996801 -93.4111960000164,44.8921929996183 -93.4108259996953,44.8921750001139 -93.4087079994743,44.8920500004467 -93.4086209996258,44.8920519996577 -93.4085339994266,44.8920619998684 -93.4084500005281,44.8920769998466 -93.4083680001353,44.8920989998498 -93.4082899996791,44.8921269997956 -93.4082889999551,44.892127999902 -93.4082169996099,44.892160999717 -93.4081489999139,44.8922009996233 -93.4080869995757,44.8922450001888 -93.4080550003885,44.892287000388 -93.4080310000696,44.8923310001723 -93.4080149993746,44.8923779996769 -93.4080089995945,44.8924250003584 -93.4080130002079,44.8924729996526 -93.4080260005708,44.8925199999672 -93.408047999958,44.8925650002686 -93.4081220004461,44.8926959999228 -93.4081450003586,44.8927459999941 -93.4081640004007,44.8927970000855 -93.4081769996013,44.892849000149 -93.408185999956,44.8928999999669 -93.4081909998824,44.8929529999446 -93.4081900005044,44.8930040003939 -93.4081779996261,44.893218999846 -93.4081840005338,44.89328800017 -93.408200000013,44.8933569998635 -93.4082240001805,44.8934249996296 -93.4082570000738,44.8934900001271 -93.4082990004497,44.8935529996781 -93.4083479996129,44.8936129998959 -93.4084030004286,44.8936660002054 -93.4084630003155,44.8937160002141 -93.4085300000393,44.8937609996932 -93.4086020001105,44.8938029997484 -93.4086789995415,44.8938389999755 -93.4087610003302,44.8938699995899 -93.4090289995469,44.893962000184 -93.4090909998165,44.8939899996774 -93.4091479994129,44.8940219995792 -93.4092019998487,44.8940569997944 -93.4092489993678,44.8940969996294 -93.4092910004939,44.8941389996198 -93.4093279996799,44.8941850000489 -93.4093819999928,44.8942659999818 -93.4094280004667,44.8943490000267 -93.4094650000623,44.8944350003144 -93.4094930005065,44.8945229998142 -93.4095099999855,44.894612000177 -93.409519000482,44.8947010004126 -93.4094009994023,44.8950759997005 -93.4093779997898,44.8951370002129 -93.4093289998244,44.8952419998217 -93.4093149996875,44.8952880002835 -93.4093069996274,44.8953350000765 -93.4093060001893,44.895383000117 -93.4093040002535,44.8954510000914 -93.4092920006147,44.8955179997621 -93.4092299998735,44.8955399998099 -93.4091720004363,44.8955660004214 -93.409117000489,44.8955959997902 -93.4090669998289,44.8956299997596 -93.4090220002301,44.8956670001973 -93.4087209994347,44.8959050002986 -93.4086579999141,44.8959420001939 -93.4085889996919,44.8959740001563 -93.4085150005777,44.8960010001922 -93.4084380003745,44.8960220002165 -93.4083589996392,44.8960370002462 -93.4082770003916,44.8960460002443 -93.4081940004519,44.8960480001327 -93.4081120003978,44.8960440000944 -93.4080300002449,44.896032999971 -93.4079509998358,44.8960159999816 -93.407873999395,44.8959940002345 -93.4078020003321,44.8959649996539 -93.4077339998153,44.8959310002937 -93.4076729999756,44.8958910003142 -93.4076169994186,44.8958480000654 -93.40740600039,44.8956749999846 -93.4073319993768,44.8956229996 -93.4072500004462,44.8955760004436 -93.4071630000931,44.8955339999171 -93.4070709997658,44.8954990000693 -93.4069740005222,44.8954689997194 -93.4068740004976,44.8954470002354 -93.4067499998844,44.8954239995942 -93.4066240000875,44.89540700043 -93.4064959999445,44.8953980003048 -93.4063680003031,44.8953949999292 -93.4062390006046,44.8953980001617 -93.4061119999861,44.895408999601 -93.4059860002729,44.8954259997369 -93.4058620001159,44.8954499998566 -93.4057400000384,44.8954799998323 -93.4056309999087,44.895512999813 -93.405526000176,44.8955509996502 -93.4054239997277,44.8955950003406 -93.4053539995555,44.8956280002322 -93.4053330004396,44.8956379995711 -93.405245000314,44.8956850003191 -93.4051599998968,44.8957349997563 -93.4050629994772,44.8957999995689 -93.4049720004086,44.8958700002847 -93.4048879999926,44.8959440000502 -93.404811000196,44.8960229999062 -93.4047419995218,44.8961040004319 -93.4046800000761,44.8961890000411 -93.4046269997499,44.8962769996362 -93.4045820004791,44.8963659998 -93.404546000396,44.8964579999714 -93.4045189995382,44.8965530001588 -93.4045009997998,44.8966500002292 -93.4044919998665,44.896746999927 -93.4044919997899,44.8968440001544 -93.404502000161,44.8969410000679 -93.4045209998033,44.8970370003784 -93.4045480001458,44.8971330002498 -93.4045850003062,44.8972260002995 -93.404630000567,44.8973179997656 -93.4046849994651,44.8974070002947 -93.4047789993768,44.8975819999625 -93.4048620001085,44.8977349996264 -93.4049140004836,44.8978460000713 -93.4049310000882,44.897919999983 -93.4049339998892,44.8979799999712 -93.4049269994247,44.8980590001166 -93.4049259999619,44.8980680003478 -93.404914999985,44.8981400002446 -93.4048909999143,44.8982079997912 -93.4048489998173,44.8982929996715 -93.4047790000437,44.8983929999355 -93.4046889994686,44.8984849997587 -93.4046080001619,44.8985529995608 -93.4045480003575,44.8985970000709 -93.4044999996933,44.898623999917 -93.4044300000734,44.8986640001466 -93.4043680006081,44.8986899998665 -93.4042920001144,44.8987210002665 -93.4042120000899,44.8987450003451 -93.4041390001243,44.8987650002744 -93.403982999792,44.8988019998647 -93.4040839998083,44.8989670000869</coordinates>
					</LineString>
					<LineString>
						<coordinates>-93.2297320004213,44.9343219998418 -93.2296700005166,44.9343619999434 -93.2296239994648,44.9343950002716 -93.2295749996552,44.9344410001422 -93.2295779998744,44.9344849996439 -93.2295980004875,44.9345370001825 -93.2296349999068,44.9345949997002 -93.2297630004909,44.9348050000049 -93.2297670002887,44.9348120000393 -93.2298469996474,44.9349420003325 -93.2298799998509,44.9349799999011 -93.2298860002692,44.9349840000282 -93.2299219998808,44.9350059996383 -93.2299430002351,44.9350139997723 -93.2299800000424,44.9350170003641 -93.2300249999171,44.9350159996319 -93.2300619994035,44.9350040001134 -93.2300799998008,44.9349980000055 -93.2301059995341,44.934971000043 -93.2301119996279,44.9349600000745 -93.2301219998445,44.9349309996858 -93.2301260000124,44.9349000003327 -93.2301259996363,44.934865000436 -93.2301199993712,44.9348419997338 -93.2301060006292,44.9347979999049 -93.2300660005919,44.9347390001595 -93.2299339996002,44.9346179996311 -93.2298439993709,44.9345259999916 -93.2297850004418,44.9344230004394 -93.2297619994351,44.9343890001307 -93.2297320004213,44.9343219998418</coordinates>
					</LineString>
					<LineString>
						<coordinates>-93.2297320004213,44.9343219998418 -93.2297309997049,44.9341189997255</coordinates>
					</LineString>
					<LineString>
						<coordinates>-93.2297309997049,44.9341189997255 -93.2290809994981,44.9341169998434 -93.2287410002062,44.9341219996058 -93.2285519997286,44.9341230000372 -93.2274920002416,44.9341279997777 -93.2270500000254,44.9341310002453 -93.2266150003143,44.934141999621</coordinates>
					</LineString>
					<LineString>
						<coordinates>-93.2266150003143,44.934141999621 -93.2257819994145,44.9341449997907 -93.2256610002772,44.9341450003857</coordinates>
					</LineString>
					<LineString>
						<coordinates>-93.2256610002772,44.9341450003857 -93.2250063382293,44.9341516563812</coordinates>
					</LineString>
					<LineString>
						<coordinates>-93.2250063382293,44.9341516563812 -93.2239889995587,44.9341620001832 -93.2239119999365,44.9341630000668</coordinates>
					</LineString>
					<LineString>
						<coordinates>-93.2239119999365,44.9341630000668 -93.2229410005214,44.9341649996095</coordinates>
					</LineString>
					<LineString>
						<coordinates>-93.2229410005214,44.9341649996095 -93.2216739994523,44.9341809995552</coordinates>
					</LineString>
					<LineString>
						<coordinates>-93.2216739994523,44.9341809995552 -93.220565000531,44.9341899999962 -93.2204089999378,44.9341909997313</coordinates>
					</LineString>
					<LineString>
						<coordinates>-93.2204089999378,44.9341909997313 -93.2191499995846,44.9342120000729</coordinates>
					</LineString>
					<LineString>
						<coordinates>-93.2191499995846,44.9342120000729 -93.2180259993969,44.9342230003942 -93.2178759995242,44.9342239996166</coordinates>
					</LineString>
					<LineString>
						<coordinates>-93.2178759995242,44.9342239996166 -93.2165949994572,44.9342349998987</coordinates>
					</LineString>
					<LineString>
						<coordinates>-93.2165949994572,44.9342349998987 -93.2154800005117,44.9342420025978 -93.2153219998173,44.934243000058</coordinates>
					</LineString>
					<LineString>
						<coordinates>-93.2153219998173,44.934243000058 -93.2140440002499,44.9342499997738</coordinates>
					</LineString>
					<LineString>
						<coordinates>-93.2140440002499,44.9342499997738 -93.2129429998374,44.9342679996609 -93.2127689999052,44.9342710002658</coordinates>
					</LineString>
					<LineString>
						<coordinates>-93.2127689999052,44.9342710002658 -93.212605999542,44.9342709995564 -93.211488000532,44.9342710003925</coordinates>
					</LineString>
					<LineString>
						<coordinates>-93.211488000532,44.9342710003925 -93.2103659998238,44.9342840001906 -93.2102090001354,44.9342850004359</coordinates>
					</LineString>
					<LineString>
						<coordinates>-93.2102090001354,44.9342850004359 -93.2089409999943,44.934296999987</coordinates>
					</LineString>
					<LineString>
						<coordinates>-93.2089409999943,44.934296999987 -93.2078010001947,44.9343059998087 -93.2076640001278,44.9343079998983</coordinates>
					</LineString>
					<LineString>
						<coordinates>-93.2076640001278,44.9343079998983 -93.2076480001147,44.9333360002738</coordinates>
					</LineString>
					<LineString>
						<coordinates>-93.2076480001147,44.9333360002738 -93.2076559997058,44.9324909998676</coordinates>
					</LineString>
					<LineString>
						<coordinates>-93.2076559997058,44.9324909998676 -93.2076490004718,44.9308049995918 -93.2076489995488,44.9306820002496</coordinates>
					</LineString>
					<LineString>
						<coordinates>-93.2076489995488,44.9306820002496 -93.2076559998847,44.929902999717</coordinates>
					</LineString>
					<LineString>
						<coordinates>-93.2076559998847,44.929902999717 -93.2076539996878,44.9288649997288 -93.207651999634,44.9278270004514</coordinates>
					</LineString>
					<LineString>
						<coordinates>-93.207651999634,44.9278270004514 -93.2076499999755,44.9271829997351 -93.207650000194,44.9270479996882</coordinates>
					</LineString>
					<LineString>
						<coordinates>-93.207650000194,44.9270479996882 -93.2076449953807,44.9259834594112</coordinates>
					</LineString>
					<LineString>
						<coordinates>-93.2076449953807,44.9259834594112 -93.2076424384525,44.9254393696104</coordinates>
					</LineString>
					<LineString>
						<coordinates>-93.2076424384525,44.9254393696104 -93.2076419994542,44.9253460002842 -93.2076410001724,44.9252480004223</coordinates>
					</LineString>
					<LineString>
						<coordinates>-93.2076410001724,44.9252480004223 -93.2076409995983,44.9247670003529</coordinates>
					</LineString>
					<LineString>
						<coordinates>-93.2076409995983,44.9247670003529 -93.2076420005892,44.9235450001907 -93.2076420000595,44.9234139996695</coordinates>
					</LineString>
					<LineString>
						<coordinates>-93.2076420000595,44.9234139996695 -93.2076379996919,44.921602000331</coordinates>
					</LineString>
					<LineString>
						<coordinates>-93.2076379996919,44.921602000331 -93.2076560002808,44.9199050003764 -93.2076570002277,44.9197700001396</coordinates>
					</LineString>
					<LineString>
						<coordinates>-93.2076570002277,44.9197700001396 -93.2076569997706,44.9196450003015</coordinates>
					</LineString>
					<LineString>
						<coordinates>-93.2076569997706,44.9196450003015 -93.2076559997716,44.9187429997006 -93.2076559996146,44.9186420002235</coordinates>
					</LineString>
					<LineString>
						<coordinates>-93.2076559996146,44.9186420002235 -93.2075960003618,44.9184930001291</coordinates>
					</LineString>
					<LineString>
						<coordinates>-93.2075960003618,44.9184930001291 -93.207398999797,44.9182909999077 -93.2072319999724,44.9182009998194 -93.2069099997087,44.9181250004467 -93.206592000457,44.9180360002572 -93.2064920001708,44.9179540004214 -93.2064319995768,44.9178510002175 -93.2063649997087,44.9176940002774 -93.2062839996768,44.917362999581 -93.2062790003905,44.9172599998493 -93.2063169997589,44.9171610003777 -93.2063969999356,44.9170339997051 -93.2067899996012,44.9164930004496 -93.2068619993844,44.9163549999011 -93.2069120004335,44.9162309995582 -93.2069240006064,44.916119000281 -93.2069320001871,44.9159629998727 -93.2069110004279,44.9158030001748 -93.206884999532,44.9156700004098 -93.2068590000582,44.9155190001103 -93.2068369993995,44.9152600002194 -93.2068149998409,44.9151330002552 -93.2067810001743,44.9149939997573 -93.206733000461,44.9148470001504 -93.2066650005491,44.9146869999256 -93.2066179993752,44.9145940000335 -93.2065219998329,44.9144819998609 -93.206299999969,44.9143110000029 -93.206007000517,44.914046000418 -93.2058919997848,44.9139500000397 -93.2056789997499,44.9138290000045 -93.2055520000945,44.9139259999478 -93.2053150005182,44.9140440004258 -93.2051790002245,44.9140709998768 -93.2049580002184,44.9140810001087</coordinates>
					</LineString>
					<LineString>
						<coordinates>-93.2049580002184,44.9140810001087 -93.2049319999614,44.9140849995733 -93.2048569994363,44.9140959996221</coordinates>
					</LineString>
					<LineString>
						<coordinates>-93.2048569994363,44.9140959996221 -93.2047339994869,44.9141290003044</coordinates>
					</LineString>
					<LineString>
						<coordinates>-93.2047339994869,44.9141290003044 -93.2045299999316,44.9141929996186 -93.2044490001224,44.9142300000021 -93.2043739996526,44.914299000031 -93.2042629998132,44.9143930001188 -93.2041450005266,44.9144410003616 -93.2039999998216,44.9144779995838 -93.2038810005963,44.9144779996359 -93.2037419998744,44.9144479998632 -93.2035879998062,44.9143779998848 -93.2034719996683,44.9143169997811 -93.2034040000338,44.9142610002446 -93.2033489998866,44.9141829998825 -93.2033239999699,44.9140959998349 -93.2032809996291,44.9139829996524 -93.2032259997541,44.9139009996095 -93.2031339994793,44.9138180004122 -93.2030240006287,44.9137399995763 -93.202961999413,44.913671000028 -93.2029370004481,44.9135969997682 -93.2027220003159,44.9131589999339 -93.202673000593,44.9130330003674 -93.2026380003323,44.9129280002635 -93.202620999408,44.9128600000138 -93.2026139998833,44.9127940002808 -93.2025940001809,44.912730999692 -93.2025610004598,44.9126310002588 -93.2024120004991,44.9122170001241</coordinates>
					</LineString>
					<LineString>
						<coordinates>-93.2024120004991,44.9122170001241 -93.2025100005359,44.9122219998798 -93.2026250001326,44.9122239996098 -93.2027900000601,44.9122170002054 -93.202927999858,44.9121949997858 -93.2030990001492,44.9121719998012 -93.2032629999467,44.9121249999059 -93.2032400000108,44.9120890001623 -93.203224000294,44.9120500001712 -93.2032170001071,44.9119979995821 -93.2032120004462,44.9117760003861 -93.2032080000362,44.9117200002387 -93.2031940005922,44.9116680003962 -93.2031609995133,44.9116170002771 -93.2030979994903,44.9115529996018 -93.2030189995628,44.9114929999472 -93.2029770002486,44.9114559995818 -93.2028659999201,44.9114330002786 -93.2027410003807,44.9114169996225 -93.2026520006213,44.9114100000383 -93.2025890004452,44.9114110003157 -93.2025599999731,44.9114110004442 -93.2024780001413,44.9114149996388 -93.2024119996049,44.9114219996153 -93.2023400000947,44.9114480000456 -93.2023000003141,44.9114759998239 -93.2022580001335,44.9115300002037 -93.2022380004473,44.91158200006 -93.2022320005046,44.911642999696 -93.2022390005009,44.9117269999999 -93.2022619994308,44.9118200001424 -93.2022889995345,44.9119159998822 -93.2023489994249,44.9120790002506 -93.2024120004991,44.9122170001241</coordinates>
					</LineString>
					<LineString>
						<coordinates>-93.2308430003977,44.9341210001143 -93.2319659995716,44.9341249999959 -93.2321160004338,44.9341250003951</coordinates>
					</LineString>
					<LineString>
						<coordinates>-93.2321160004338,44.9341250003951 -93.2333839995067,44.934123000452</coordinates>
					</LineString>
					<LineString>
						<coordinates>-93.2333839995067,44.934123000452 -93.234517999852,44.9341240000905 -93.2346550003581,44.9341240004448</coordinates>
					</LineString>
					<LineString>
						<coordinates>-93.2346550003581,44.9341240004448 -93.2359170006181,44.9341119996491</coordinates>
					</LineString>
					<LineString>
						<coordinates>-93.2371980005744,44.9341089996924 -93.2384600002919,44.9341129998158</coordinates>
					</LineString>
					<LineString>
						<coordinates>-93.2384600002919,44.9341129998158 -93.238722000243,44.9341150000365 -93.2388830003021,44.9341150000627</coordinates>
					</LineString>
					<LineString>
						<coordinates>-93.2410009998113,44.9341129996639 -93.2421340004966,44.934118000108 -93.2422619994867,44.9341189997445</coordinates>
					</LineString>
					<LineString>
						<coordinates>-93.2422619994867,44.9341189997445 -93.2435389995494,44.9341160001615</coordinates>
					</LineString>
					<LineString>
						<coordinates>-93.2435389995494,44.9341160001615 -93.2446529996911,44.9341189996762 -93.2448039996469,44.9341200003002</coordinates>
					</LineString>
					<LineString>
						<coordinates>-93.2473480003202,44.9341169997526 -93.2479320005014,44.9341159998815 -93.2486129996498,44.9341140000312</coordinates>
					</LineString>
					<LineString>
						<coordinates>-93.2486129996498,44.9341140000312 -93.2497259994764,44.9341229998043 -93.249873000344,44.9341249998958</coordinates>
					</LineString>
					<LineString>
						<coordinates>-93.249873000344,44.9341249998958 -93.2511290000384,44.9341259997004</coordinates>
					</LineString>
					<LineString>
						<coordinates>-93.2511290000384,44.9341259997004 -93.2521949997623,44.9341279995532 -93.2524010004992,44.9341279999671</coordinates>
					</LineString>
					<LineString>
						<coordinates>-93.2524010004992,44.9341279999671 -93.253649999594,44.9341269998689</coordinates>
					</LineString>
					<LineString>
						<coordinates>-93.2549220001146,44.9341329995658 -93.2560279998604,44.9341389999795 -93.2561740004149,44.9341400003787</coordinates>
					</LineString>
					<LineString>
						<coordinates>-93.2561740004149,44.9341400003787 -93.2574389997842,44.9341370001163</coordinates>
					</LineString>
					<LineString>
						<coordinates>-93.2587089994277,44.9341479996813 -93.2597729995257,44.9341440000899 -93.2599630001689,44.9341439998511</coordinates>
					</LineString>
					<LineString>
						<coordinates>-93.2599630001689,44.9341439998511 -93.261224999834,44.9341429998401</coordinates>
					</LineString>
					<LineString>
						<coordinates>-93.2637559993932,44.9341470001821 -93.2648059999566,44.9341540000173 -93.2650229995459,44.9341549999968</coordinates>
					</LineString>
					<LineString>
						<coordinates>-93.2662720004841,44.9341619996899 -93.2673399996022,44.9341589996189 -93.2675389996693,44.9341589999168</coordinates>
					</LineString>
					<LineString>
						<coordinates>-93.2675389996693,44.9341589999168 -93.2688360003728,44.9341529997103</coordinates>
					</LineString>
					<LineString>
						<coordinates>-93.2701229996003,44.9341520000571 -93.2705814674756,44.9341504943544</coordinates>
					</LineString>
					<LineString>
						<coordinates>-93.2705814674756,44.9341504943544 -93.270731999627,44.9341499998748 -93.2714340003547,44.9341489997224</coordinates>
					</LineString>
					<LineString>
						<coordinates>-93.2714340003547,44.9341489997224 -93.2725569995957,44.9341439999194 -93.2727290002309,44.9341439997935</coordinates>
					</LineString>
					<LineString>
						<coordinates>-93.2727290002309,44.9341439997935 -93.2740269996596,44.9341349999849</coordinates>
					</LineString>
					<LineString>
						<coordinates>-93.2766219995566,44.9341229997932 -93.2777170003311,44.9341210003368 -93.2779049997717,44.93412100032</coordinates>
					</LineString>
					<LineString>
						<coordinates>-93.2779049997717,44.93412100032 -93.2797540006097,44.9341130004365</coordinates>
					</LineString>
					<LineString>
						<coordinates>-93.2797540006097,44.9341130004365 -93.2814109998454,44.9341019997087</coordinates>
					</LineString>
					<LineString>
						<coordinates>-93.2814109998454,44.9341019997087 -93.2815850002164,44.9341020002217 -93.2830800001519,44.9340990002113</coordinates>
					</LineString>
					<LineString>
						<coordinates>-93.2830800001519,44.9340990002113 -93.2842279994326,44.9340940001131 -93.2843659997902,44.9340939995588</coordinates>
					</LineString>
					<LineString>
						<coordinates>-93.2843659997902,44.9340939995588 -93.2856519997699,44.934083999999</coordinates>
					</LineString>
					<LineString>
						<coordinates>-93.2869489994279,44.9340780002335 -93.288056999534,44.9340730000253 -93.2882400005077,44.9340719999778</coordinates>
					</LineString>
					<LineString>
						<coordinates>-93.2882400005077,44.9340719999778 -93.2881960003846,44.9344380004138 -93.2881979996349,44.9346529998914 -93.2881939993923,44.9350529999352 -93.2881920002156,44.9354540004279 -93.288186000468,44.9357159998453 -93.2881819998519,44.9358770004378 -93.2881820001322,44.9362089997764 -93.2881790005841,44.9367079996917 -93.2881729995215,44.9372110004364 -93.2881690003394,44.9374049997134 -93.2881650002909,44.9376859999732 -93.2881620002171,44.9380600003284 -93.2881640003994,44.938541999744 -93.288159999397,44.9390410001811 -93.2881490002899,44.93941600005 -93.2881469995916,44.9395000002817 -93.2881510003448,44.9399930004016 -93.288145000123,44.9408680004063 -93.2881309996277,44.9413109999903 -93.288132000071,44.9416210000521 -93.2881309996034,44.9420169996407 -93.2881280005247,44.9425020000054 -93.2881189999173,44.9427420003315 -93.2881120003238,44.9429129996292 -93.288116000486,44.9434529998906 -93.2881089994275,44.9443109997793 -93.2880959995124,44.9447330002663 -93.2880950002609,44.9450900002062 -93.2880949995222,44.9455260001827 -93.2880860001398,44.9460539999983 -93.2880820002256,44.9463400004468 -93.2881120001516,44.9466080002073</coordinates>
					</LineString>
					<LineString>
						<coordinates>-93.2881120001516,44.9466080002073 -93.2881089996487,44.9468320003497 -93.2880930001408,44.9483650003641</coordinates>
					</LineString>
					<LineString>
						<coordinates>-93.2880930001408,44.9483650003641 -93.2882660003194,44.9483650004218 -93.2893790006171,44.9483669999421</coordinates>
					</LineString>
					<LineString>
						<coordinates>-93.2893790006171,44.9483669999421 -93.2904489998612,44.9483640001465 -93.2906539993796,44.9483629996965</coordinates>
					</LineString>
					<LineString>
						<coordinates>-93.2906539993796,44.9483629996965 -93.2919169996472,44.9483589996825</coordinates>
					</LineString>
					<LineString>
						<coordinates>-93.293192999665,44.9483630001245 -93.2932489999456,44.9485070001236 -93.2933490004643,44.948687000441 -93.2935179993815,44.9488250000197 -93.2937029996464,44.9489219999551 -93.2939810003285,44.9490199998069 -93.2942990005656,44.9491149999648 -93.2944559994066,44.9491619998583 -93.2947880001434,44.9492050002608 -93.2957320002377,44.9492539998688 -93.2970019998317,44.949253999803 -93.29828200041,44.9492570003723 -93.2985100000134,44.9492579998091 -93.2995559999598,44.9492599996353 -93.3008190000664,44.9492630001564 -93.3009930005974,44.9492629999044 -93.302095000312,44.9492590000714 -93.303356999742,44.9492590000074 -93.3049739996144,44.9492559995989 -93.3051389997241,44.9492339999525 -93.3051910000451,44.9492250003267 -93.3053029993998,44.9492060002029 -93.3054639994774,44.9491720003003 -93.3055679995049,44.9491469998685 -93.3056739999802,44.9491280001277 -93.3057819996622,44.9491150001755 -93.3058909996608,44.9491079999812 -93.3060010000145,44.949107000442 -93.3061100003682,44.9491119997151 -93.3062179997447,44.9491239997295 -93.3063250002202,44.9491410002362 -93.3064300006092,44.9491640004466 -93.3065320004983,44.9491920002276 -93.3066299999721,44.9492259996942 -93.3067250005193,44.9492659997679 -93.3067419995004,44.9492740001069 -93.3078169997539,44.9497029997532 -93.3080929996117,44.9498179997289 -93.3085039995854,44.9500059998953 -93.3090160005706,44.9502200003901 -93.3091660003577,44.9502799996878 -93.3093510004198,44.9503489996143 -93.3094399994526,44.9503799999688 -93.3095440001411,44.9504139995715 -93.3097309994374,44.9504679997202 -93.3098580003099,44.9505019996702 -93.310018999443,44.9505349997906 -93.3101149994044,44.9505500002517 -93.3102210002929,44.9505649995722 -93.3103389993882,44.9505780001531 -93.3104689998538,44.9505910003939 -93.3106020003517,44.9505979996921 -93.3107349999136,44.9506020002696 -93.3108849999222,44.9505999995884 -93.311016999517,44.950596999899 -93.3111339998801,44.950587000452 -93.311257999766,44.9505749995669 -93.311494000112,44.9505420002092 -93.3116080006202,44.9505199997822 -93.3117320002054,44.9504930001403 -93.3119980001848,44.9504239998446 -93.3124649996313,44.9502820001213 -93.3137050006011,44.9498820002241 -93.313715000236,44.9498790002933 -93.3138680001724,44.9498369996363 -93.3153929996614,44.9493530003084 -93.3155020006113,44.9493190002175 -93.3165240004635,44.9489909999246 -93.3173109996864,44.9486959995643 -93.317656999642,44.9485709999166 -93.3183069995678,44.9483360002598 -93.3186150001181,44.9482359995644 -93.3203939994687,44.9476270002695 -93.3204380005558,44.9476120000959 -93.3205960003207,44.9474749997627</coordinates>
					</LineString>
					<LineString>
						<coordinates>-93.3207769994864,44.9473970004062 -93.3210900000897,44.9472210001985</coordinates>
					</LineString>
					<LineString>
						<coordinates>-93.3212570003922,44.9470450003262 -93.3217050001678,44.9466080004347 -93.3224730002157,44.9458580003336</coordinates>
					</LineString>
					<LineString>
						<coordinates>-93.3228310002877,44.945507999736 -93.3233090004614,44.9450809998854 -93.3233950005477,44.9450039998102</coordinates>
					</LineString>
					<LineString>
						<coordinates>-93.3270120000886,44.9421499999105 -93.327383000554,44.9419229998023 -93.3275930005755,44.9417549996547 -93.3279350000457,44.9414880003263 -93.3282789996287,44.941220000389 -93.3290800003391,44.940597000345 -93.3293130001648,44.9404129998411 -93.3294799995106,44.940281000426 -93.3296590002307,44.9401400001071 -93.33034000041,44.9395939995668 -93.3307579994191,44.9392619995652 -93.3308570000693,44.939183 -93.3320329995182,44.9382479998699 -93.3321370002412,44.9381650003475 -93.3324910002195,44.9378850001918 -93.3334070004864,44.9371550001601 -93.3338069995728,44.9368380000744 -93.3338500005412,44.9368039997488 -93.3339880003652,44.936695000292 -93.3343869994441,44.9363780001737 -93.3345829999356,44.9362219997975 -93.3349299994507,44.9359440001436 -93.3352669997512,44.935676000325 -93.3356270002032,44.9353920001157 -93.3360409997086,44.9350619997409 -93.3363710005362,44.9348290000113 -93.3366599998568,44.9346450003228 -93.3367239997317,44.9346089997611 -93.3369359993923,44.9344870001097 -93.3371909996704,44.9343559998078 -93.3374589996108,44.9342320001111 -93.3377439998916,44.9341050004423 -93.3379699995677,44.9340179996681 -93.3382140001116,44.9339330003017 -93.3386750005689,44.9337889996275 -93.3390660005342,44.9336700001361 -93.339898000211,44.9334150001255 -93.3401069997218,44.9333530002433 -93.3405889995823,44.9332049999017 -93.3416010003659,44.9328929996556 -93.3421010000565,44.9327409997893 -93.3425970000335,44.9325889998262 -93.3430410002458,44.9324530001922 -93.3432810002844,44.9323799999053 -93.3435019999152,44.9323149996592 -93.3441859994155,44.9321180003246 -93.3447519998826,44.9319519996834 -93.345470000425,44.9317380003819 -93.3456430006284,44.9316840003298 -93.3460740001918,44.9315499996747 -93.346291000586,44.9314880002182 -93.3465720000973,44.9314039996184 -93.3469290005037,44.9312940000478 -93.3472659997766,44.9311870002442 -93.3474630002727,44.9311239998298 -93.3479080002748,44.930979999692 -93.3479139998273,44.930979000193 -93.3483290002488,44.9308520001251 -93.3484430004626,44.9308099999365 -93.3487669994324,44.930707999982 -93.349151000272,44.9305850002705 -93.3495029996829,44.9304630001089 -93.3498750003128,44.9303540004434 -93.3500500000479,44.9303029996587 -93.3502949998616,44.9302229999016 -93.3503939994584,44.9301910000248 -93.3507739997862,44.9300700001704 -93.351297000561,44.9299029999471 -93.3515539998049,44.9298250004342 -93.3517050002889,44.9297780003727 -93.3524199993826,44.9295569998606 -93.3525920000167,44.9295000000682 -93.3527559996085,44.9294459999041 -93.3530710003043,44.9293479998111 -93.3531549996027,44.9293200003059 -93.3533189998667,44.9292699998361 -93.353451000464,44.9292290002874 -93.3536689993696,44.9291599999139 -93.3540689999126,44.9290359996723 -93.3542700005829,44.9289710000428 -93.3547459995999,44.9288079997627 -93.355184000368,44.9286630000316 -93.3555369999015,44.9285520002194 -93.35578600014,44.928473999863 -93.3561480000487,44.9283360000037 -93.3564860001241,44.9282130001958 -93.3568179999164,44.9280980002424 -93.3571820006232,44.9279900000517 -93.3575450000151,44.92788300016 -93.3577279993768,44.9278310002247 -93.3579680002582,44.9277630002529 -93.3584790002938,44.9276219998849 -93.3588340004126,44.9275249997621 -93.3591660001586,44.9274369999972 -93.3593189995742,44.9273990000083 -93.3597510003062,44.9273000002421 -93.3599050002297,44.9272599996624 -93.3600879993807,44.9272070003145 -93.3603359997668,44.9271379997159 -93.3604800005341,44.9271009996825 -93.3606709998922,44.927061000103 -93.360844000071,44.9270359995674 -93.3610460006084,44.9270140001936 -93.3611530004997,44.9270089997161 -93.3612889997569,44.9270050002498 -93.3613910003877,44.927003000442 -93.3614929995489,44.9270040000285 -93.3617219999225,44.9270179995834 -93.3621209997887,44.9270449997424 -93.3623089995736,44.9270580001619 -93.3625130002472,44.9270689996397 -93.3627160000977,44.9270759996233 -93.362895999439,44.9270810000644 -93.3630839997318,44.9270880002449 -93.3642339995215,44.9271280000346 -93.3649480006255,44.9271549997742 -93.3651280004019,44.9271619996504 -93.3653610002592,44.9271759998256 -93.365591999374,44.9271940001365 -93.3658750002507,44.9272210001751 -93.3660550005143,44.9272389999851 -93.3661349994023,44.9272470002137 -93.3667379996726,44.927315999724 -93.3671330001457,44.9273579998181 -93.367508999682,44.9274000002786 -93.3679129997548,44.9274449997009 -93.3683009995243,44.9274880004298 -93.3689080003713,44.927556999883 -93.3691500005084,44.9275809996301 -93.3692770006055,44.9275899997844 -93.3694279999918,44.9275970002313 -93.3696359999673,44.927598999911 -93.3697879995377,44.9275939996229 -93.3698050001405,44.9275930002604 -93.3700139997701,44.9275780001589 -93.3701850006152,44.9275560004354 -93.3703049998761,44.9275400000622 -93.370370999369,44.9275289997943 -93.3704329995787,44.9275179998576 -93.3705550000157,44.9274929996901 -93.3706830002165,44.9274650002424 -93.3708900006224,44.9274099999496 -93.3711440001842,44.9273380001291 -93.3725449998391,44.9269389996219 -93.3731710000377,44.926761000097 -93.3736450001823,44.9266250002614 -93.3741200002377,44.9264959996702 -93.3743669998437,44.9264419998845 -93.3744790000928,44.9264199998759 -93.3746169996816,44.9263959997416 -93.374848999765,44.9263620002443 -93.3749990003212,44.9263449998558 -93.3751240006347,44.9263340002346 -93.3752729997602,44.9263229999374 -93.3757199998986,44.9263000000416 -93.376202999394,44.926268000199 -93.3762889994668,44.9262619996738 -93.3766709993915,44.9262319995667 -93.3769549997503,44.9261559998712</coordinates>
					</LineString>
					<LineString>
						<coordinates>-93.379148000392,44.9260229998091 -93.3804640153808,44.9259561750939</coordinates>
					</LineString>
					<LineString>
						<coordinates>-93.3804640153808,44.9259561750939 -93.3806249994784,44.925948000438 -93.3807139997853,44.9259440003382</coordinates>
					</LineString>
					<LineString>
						<coordinates>-93.3825260004952,44.9258520002178 -93.3827249993955,44.9258799996121 -93.3828770005958,44.9258739997728 -93.3830070001267,44.9258679997036 -93.3831389998303,44.9258640002321 -93.3835279993727,44.925856999839 -93.3839070006033,44.9258449995884 -93.3845530004696,44.9258450001752 -93.3846799994756,44.9258400003303 -93.3849419998498,44.9258310003772 -93.3853300000391,44.9258120001891 -93.3856400004147,44.9257969997448 -93.3858269994051,44.9257789995962 -93.3859689996435,44.9257659997312 -93.3861030000923,44.9257490001208 -93.386234000547,44.9257269999607 -93.386597999419,44.9256559998016 -93.3866279995393,44.9256500001029 -93.3869130006057,44.9255919997444 -93.3872530005268,44.9255209995815 -93.3875090000805,44.9254719999944 -93.3877570001821,44.9254209997332 -93.3882940005908,44.9253139997965 -93.3886000004526,44.9252509997077 -93.3889730002772,44.9251769996721 -93.3892330006034,44.9251240000859 -93.3895289998609,44.9250649996916 -93.3899459994003,44.9249809999543 -93.3901599997504,44.9249369998222 -93.3904030002073,44.92488899957 -93.3905350001534,44.9248630004491 -93.3908330002795,44.9248129999785 -93.3910580004396,44.9247799997278 -93.3913360002108,44.9247460000499 -93.3915770005549,44.9247199997527 -93.3917039995902,44.9247080002059 -93.3919359999001,44.9246890003041 -93.3920800000054,44.9246799999875 -93.3922830005045,44.9246690000341 -93.3925179999087,44.9246609999518 -93.3929250000836,44.924656999683 -93.3933289995495,44.9246579999333 -93.393687999943,44.9246600000778 -93.3942009994583,44.9246639999115 -93.3945840006265,44.9246659999123 -93.3947050001348,44.9246660003812 -93.3956229998744,44.9246700003946 -93.3960570005779,44.9246719997139 -93.3961880002876,44.9246719999389 -93.3962479994347,44.9246729998537 -93.3963529994459,44.9246740002031 -93.3965109998882,44.9246729998405 -93.3967010006075,44.9246700003782 -93.3969499996994,44.9246570004218 -93.3970169996689,44.9246509999129 -93.3972069993982,44.9246349997563 -93.3974339999281,44.9246089997814 -93.397628999638,44.9245819999255 -93.39784800036,44.9245469997276 -93.3978600001909,44.9245449999785 -93.3980049999316,44.9245179999177 -93.3981769999495,44.9244829999407 -93.398411999828,44.9244279997428 -93.3986570006131,44.9243619996571 -93.3989230000664,44.9242860000399 -93.3989859996667,44.9242680000169 -93.3991060004743,44.9242260002598 -93.3992499994185,44.9241760000824 -93.3993260004409,44.924149000082 -93.3994979993985,44.924091999813 -93.3997270001288,44.9240089999175 -93.3999269997056,44.9239279996552 -93.400108999953,44.9238500003711 -93.400415999467,44.9237170002849 -93.4006559994269,44.9236129995864 -93.4008430001653,44.9235390000997 -93.4010710002206,44.9234529997304 -93.4013069994243,44.9233699999858 -93.4014849995295,44.9233119998067 -93.4015700004802,44.9232839998492 -93.4017029996944,44.9232410001331 -93.4017869994343,44.9232170004452 -93.4018989993963,44.9231850001639 -93.4019189998777,44.9231800002558 -93.4021079997486,44.9231279998665 -93.4023409997125,44.9230689999021 -93.4026039994971,44.9230070004487 -93.4028979999173,44.9229400002133 -93.4029360004479,44.9229310000273 -93.4030840003729,44.9228959999074 -93.4032229993703,44.9228619999962 -93.4035930002027,44.9227749998161 -93.4037290000104,44.9227399998573 -93.4038120004541,44.922718999893 -93.403955000571,44.9226819998625 -93.4042139997903,44.9226189999175 -93.4046489994618,44.9225050004415 -93.4049819998646,44.9224220004323 -93.4054629998132,44.9223000002356 -93.4054999997977,44.9222910000471 -93.4058780006018,44.9222009996746 -93.4062840002683,44.9221060004305 -93.4063729997235,44.922084999766</coordinates>
					</LineString>
					<LineString>
						<coordinates>-93.4063210002325,44.9227190002401 -93.4062799995814,44.9232040000884 -93.406178000527,44.9244190002462</coordinates>
					</LineString>
					<LineString>
						<coordinates>-93.406178000527,44.9244190002462 -93.4073080000298,44.9244129997545 -93.4074890004131,44.9244120002944</coordinates>
					</LineString>
					<LineString>
						<coordinates>-93.4074890004131,44.9244120002944 -93.4088019994976,44.9244049997411</coordinates>
					</LineString>
					<LineString>
						<coordinates>-93.4101170003262,44.9243980003088 -93.4112260004224,44.9243970001864 -93.4114309995456,44.9243970000096</coordinates>
					</LineString>
					<LineString>
						<coordinates>-93.4114309995456,44.9243970000096 -93.4127010000528,44.924390999829</coordinates>
					</LineString>
					<LineString>
						<coordinates>-93.4139720004758,44.9243810002949 -93.4142630000544,44.924378999881 -93.4152430001218,44.9243749997306</coordinates>
					</LineString>
					<LineString>
						<coordinates>-93.4164899994364,44.924370999888 -93.4172069997967,44.9243680002262</coordinates>
					</LineString>
					<LineString>
						<coordinates>-93.4172069997967,44.9243680002262 -93.4176279997137,44.92436599966 -93.417802999942,44.9243650003931</coordinates>
					</LineString>
					<LineString>
						<coordinates>-93.420328000588,44.9243520000898 -93.4212660003915,44.9243499995591</coordinates>
					</LineString>
					<LineString>
						<coordinates>-93.4215960003453,44.9243480004288 -93.4218950001027,44.9243459996446 -93.4221729998214,44.9243440000922</coordinates>
					</LineString>
					<LineString>
						<coordinates>-93.4241790000689,44.9243269996028 -93.4253130004462,44.9243190002823 -93.4255129994428,44.9243179996222</coordinates>
					</LineString>
					<LineString>
						<coordinates>-93.4270659999534,44.9225570004088 -93.427067999394,44.9224590002163 -93.4270860004238,44.9217670001801</coordinates>
					</LineString>
					<LineString>
						<coordinates>-93.4270860004238,44.9217670001801 -93.4270989996922,44.921234000405</coordinates>
					</LineString>
					<LineString>
						<coordinates>-93.4270989996922,44.921234000405 -93.4271070002851,44.9208910003939 -93.4271089997711,44.9207660003152 -93.4264120004754,44.9207700002001 -93.4258989999994,44.9207740002527 -93.425810000267,44.9207739999476 -93.4251070005156,44.9207759995808 -93.4244669999855,44.9207809996904 -93.4240669998742,44.9207829997055 -93.4228090001365,44.9207900000673 -93.4226730006262,44.9207900002726 -93.4222980001697,44.9207929998147 -93.4219869993829,44.920796000217 -93.4216450001925,44.9207950002857 -93.4213109995688,44.9207949996578 -93.4212509999337,44.9207950004369 -93.4209029994319,44.9207959999711 -93.4205069994581,44.9207969996522 -93.4194840004239,44.9207959997374 -93.4188719996886,44.9207970001602 -93.4183669999502,44.9207970004354 -93.417843999656,44.9207960002958 -93.417477999812,44.9207960002061 -93.4163279998746,44.9207749997467 -93.4158269996995,44.9207670001911 -93.4154910006367,44.9207650003642 -93.415270999955,44.9207650002644 -93.4151999998662,44.9207650000553 -93.414675999402,44.9207660001021 -93.4141559993965,44.9207660002129</coordinates>
					</LineString>
					<LineString>
						<coordinates>-93.4141699997278,44.9202850003451 -93.4141900001697,44.9195650002327 -93.4141909996555,44.9195259997067</coordinates>
					</LineString>
					<LineString>
						<coordinates>-93.4141909996555,44.9195259997067 -93.414253999528,44.9185830003331</coordinates>
					</LineString>
					<LineString>
						<coordinates>-93.414253999528,44.9185830003331 -93.4142750005754,44.9179179998326 -93.4143020004963,44.9170880003639</coordinates>
					</LineString>
					<LineString>
						<coordinates>-93.4143020004963,44.9170880003639 -93.4142820002036,44.9166679999393</coordinates>
					</LineString>
					<LineString>
						<coordinates>-93.414278000348,44.9160110000154 -93.4142810000608,44.9157289995878 -93.414285000145,44.915292999955</coordinates>
					</LineString>
					<LineString>
						<coordinates>-93.414285000145,44.915292999955 -93.4142980003464,44.9143669997803</coordinates>
					</LineString>
					<LineString>
						<coordinates>-93.4142980003464,44.9143669997803 -93.4143000004755,44.9136100000034 -93.4143010000943,44.9134759997514</coordinates>
					</LineString>
					<LineString>
						<coordinates>-93.4143010000943,44.9134759997514 -93.414296999541,44.9127970002166</coordinates>
					</LineString>
					<LineString>
						<coordinates>-93.414296999541,44.9127970002166 -93.414291999671,44.9121329998684 -93.4142920004892,44.9121280001178</coordinates>
					</LineString>
					<LineString>
						<coordinates>-93.4142819994072,44.9112450002289 -93.414277999594,44.9106810000541</coordinates>
					</LineString>
					<LineString>
						<coordinates>-93.414277999594,44.9106810000541 -93.4142770004084,44.9105829999563 -93.4142769994375,44.9105580003144</coordinates>
					</LineString>
					<LineString>
						<coordinates>-93.4142540005794,44.9086099996921 -93.4142450001364,44.9076279998255 -93.414243857558,44.9075128368415</coordinates>
					</LineString>
					<LineString>
						<coordinates>-93.414243857558,44.9075128368415 -93.4142310003607,44.9062159995836</coordinates>
					</LineString>
					<LineString>
						<coordinates>-93.413886999806,44.9062069997318 -93.4135728985635,44.9062037527234</coordinates>
					</LineString>
					<LineString>
						<coordinates>-93.4135728985635,44.9062037527234 -93.4134999995231,44.9062030003588 -93.4131420005001,44.9062000002186</coordinates>
					</LineString>
					<LineString>
						<coordinates>-93.4131420005001,44.9062000002186 -93.4117800001494,44.9061770002008 -93.411622999543,44.9061749996905</coordinates>
					</LineString>
					<LineString>
						<coordinates>-93.411622999543,44.9061749996905 -93.4108400004836,44.9061679996869</coordinates>
					</LineString>
					<LineString>
						<coordinates>-93.4094840005926,44.9061609996003 -93.4081129999746,44.9061550002416 -93.4079339998457,44.9061539995874</coordinates>
					</LineString>
					<LineString>
						<coordinates>-93.4079339998457,44.9061539995874 -93.4065460001282,44.9061479998257</coordinates>
					</LineString>
					<LineString>
						<coordinates>-93.4063849995544,44.9061550003273 -93.4062680002962,44.9061679997003 -93.4061530004814,44.9061890000893 -93.4060500001117,44.9062079997478 -93.4059460005125,44.9062220004117 -93.4058400004212,44.9062320003657 -93.4057339998877,44.9062360003395 -93.4054019994458,44.9062349999553 -93.4046319996478,44.9062319999847 -93.4045239998571,44.9062299997339 -93.4044169998457,44.9062210003274 -93.4043110002289,44.9062039998349 -93.4042080000377,44.9061810004472 -93.4041090005928,44.9061510002988 -93.4040170003346,44.9061159998565 -93.4039289996831,44.906075999844 -93.4038470000006,44.9060290001336 -93.4037720002082,44.9059780002991 -93.4037030001955,44.9059220001578 -93.4036410000686,44.9058619999173 -93.4035879999632,44.9057979997223 -93.40354299982,44.9057309996487 -93.4035069997775,44.9056640001652 -93.4034799997395,44.9055950001189 -93.4034610002488,44.9055240003465 -93.4034519995328,44.9054520002249 -93.4034510006202,44.9053799997403 -93.40345899978,44.9053090000051 -93.4034749994145,44.90523799991 -93.4035010002799,44.9051679997153 -93.4035339996639,44.9051000002526 -93.4035770002737,44.9050350000378 -93.4036259999248,44.9049719995706 -93.4036839994784,44.9049130002005 -93.4037509999073,44.9048499999632 -93.4038110003069,44.9047829996083 -93.4038629994116,44.9047130001177 -93.4039049996587,44.9046399995648 -93.4039390005982,44.9045650000213 -93.4039639996308,44.9044870004087 -93.4039789993821,44.9044090001525 -93.4039849999076,44.9043300000892 -93.4040070004435,44.9032150002961 -93.4040199994188,44.9025360002537</coordinates>
					</LineString>
					<LineString>
						<coordinates>-93.4040730005899,44.8997250002935 -93.4040729993698,44.8996929996824 -93.4040839998083,44.8989670000869</coordinates>
					</LineString>
					<LineString>
						<coordinates>-93.2047339994869,44.9141290003044 -93.2048150003087,44.9141069998557 -93.2048569994363,44.9140959996221</coordinates>
					</LineString>
					<LineString>
						<coordinates>-93.2048569994363,44.9140959996221 -93.2049580002184,44.9140810001087</coordinates>
					</LineString>
					<LineString>
						<coordinates>-93.2075960003618,44.9184930001291 -93.2076030005039,44.9185119997492 -93.2076559996146,44.9186420002235</coordinates>
					</LineString>
					<LineString>
						<coordinates>-93.2076559996146,44.9186420002235 -93.2076569997706,44.9196450003015</coordinates>
					</LineString>
					<LineString>
						<coordinates>-93.2076570002277,44.9197700001396 -93.2076539999541,44.9200879995843 -93.2076379996919,44.921602000331</coordinates>
					</LineString>
					<LineString>
						<coordinates>-93.2076379996919,44.921602000331 -93.2076419993702,44.9233219996252 -93.2076420000595,44.9234139996695</coordinates>
					</LineString>
					<LineString>
						<coordinates>-93.2076420000595,44.9234139996695 -93.2076409995983,44.9247670003529</coordinates>
					</LineString>
					<LineString>
						<coordinates>-93.2076410001724,44.9252480004223 -93.2076424384525,44.9254393696104</coordinates>
					</LineString>
					<LineString>
						<coordinates>-93.2076424384525,44.9254393696104 -93.2076430000185,44.925514000053 -93.2076449953807,44.9259834594112</coordinates>
					</LineString>
					<LineString>
						<coordinates>-93.2076449953807,44.9259834594112 -93.2076489994933,44.9269250002822 -93.207650000194,44.9270479996882</coordinates>
					</LineString>
					<LineString>
						<coordinates>-93.207650000194,44.9270479996882 -93.207651999634,44.9278270004514</coordinates>
					</LineString>
					<LineString>
						<coordinates>-93.2076559998847,44.929902999717 -93.2076499997435,44.9305910004298 -93.2076489995488,44.9306820002496</coordinates>
					</LineString>
					<LineString>
						<coordinates>-93.2076489995488,44.9306820002496 -93.2076559997058,44.9324909998676</coordinates>
					</LineString>
					<LineString>
						<coordinates>-93.2076480001147,44.9333360002738 -93.2076629997258,44.9342079999412 -93.2076640001278,44.9343079998983</coordinates>
					</LineString>
					<LineString>
						<coordinates>-93.2076640001278,44.9343079998983 -93.2089409999943,44.934296999987</coordinates>
					</LineString>
					<LineString>
						<coordinates>-93.2102090001354,44.9342850004359 -93.211488000532,44.9342710003925</coordinates>
					</LineString>
					<LineString>
						<coordinates>-93.2127689999052,44.9342710002658 -93.2140440002499,44.9342499997738</coordinates>
					</LineString>
					<LineString>
						<coordinates>-93.2140440002499,44.9342499997738 -93.2151860001601,44.9342439999574 -93.2153219998173,44.934243000058</coordinates>
					</LineString>
					<LineString>
						<coordinates>-93.2165949994572,44.9342349998987 -93.2177360002334,44.9342250002806 -93.2178759995242,44.9342239996166</coordinates>
					</LineString>
					<LineString>
						<coordinates>-93.2178759995242,44.9342239996166 -93.2191499995846,44.9342120000729</coordinates>
					</LineString>
					<LineString>
						<coordinates>-93.2191499995846,44.9342120000729 -93.2202610000977,44.9341940002782 -93.2204089999378,44.9341909997313</coordinates>
					</LineString>
					<LineString>
						<coordinates>-93.2204089999378,44.9341909997313 -93.2216739994523,44.9341809995552</coordinates>
					</LineString>
					<LineString>
						<coordinates>-93.2229410005214,44.9341649996095 -93.2237610003128,44.934162999851 -93.2239119999365,44.9341630000668</coordinates>
					</LineString>
					<LineString>
						<coordinates>-93.2239119999365,44.9341630000668 -93.2250063382293,44.9341516563812</coordinates>
					</LineString>
					<LineString>
						<coordinates>-93.2250063382293,44.9341516563812 -93.2255520004082,44.9341459997859 -93.2256610002772,44.9341450003857</coordinates>
					</LineString>
					<LineString>
						<coordinates>-93.2256610002772,44.9341450003857 -93.2266150003143,44.934141999621</coordinates>
					</LineString>
					<LineString>
						<coordinates>-93.2076569997706,44.9196450003015 -93.207564000539,44.9196260003851 -93.2074670004747,44.9195990003325 -93.2073949994236,44.9195750001979 -93.2073290004987,44.9195499997957 -93.2072539998596,44.9195170002612 -93.2071809994851,44.9194800001359 -93.2070810001176,44.9194200000588 -93.207008999856,44.9193759998112 -93.2069510004076,44.9193369999959 -93.2068430000097,44.9192370000683 -93.2067360001573,44.9191170001579 -93.2065400004354,44.9189309996209</coordinates>
					</LineString>
					<LineString>
						<coordinates>-93.2065400004354,44.9189309996209 -93.2064450004481,44.9187929997216 -93.2063739999616,44.9186969995809 -93.2062929996846,44.9186049999678 -93.2062049998888,44.9185169999452 -93.2061089996663,44.9184330004032 -93.206005000296,44.9183530004194 -93.2058939997184,44.9182790002304 -93.2057770003448,44.9182099996818 -93.2056529999828,44.9181459996597 -93.2055249998761,44.9180880002705 -93.2053899995333,44.9180369998239 -93.2052520005446,44.9179909998486 -93.205110000209,44.9179519996912 -93.204963999753,44.917920000235 -93.2048159999382,44.9178940004486 -93.2046660002165,44.9178759996824 -93.2045149994242,44.9178640003835 -93.2043619998797,44.9178600000898 -93.201494999727,44.9178750002452 -93.1988219997787,44.917882000319 -93.1984560003025,44.9178829996891</coordinates>
					</LineString>
					<LineString>
						<coordinates>-93.1984560003025,44.9178829996891 -93.1980230001121,44.9178499998799 -93.1976369994591,44.9178429996675 -93.1969549995638,44.917838999874 -93.1959300003255,44.9178510000939 -93.1954930003156,44.9178559997431 -93.1926839999457,44.9178610003972 -93.1924759997612,44.9178610000589 -93.1899079998697,44.9178739996477 -93.1889370004999,44.9178749998176 -93.1873790000242,44.9178760003243 -93.1874420004491,44.9177449998114 -93.1874439996714,44.9170629996425 -93.1873150000398,44.9170629997465 -93.1848339996884,44.9170640002307 -93.1848319998032,44.9176419995733 -93.1848310002014,44.9178740004401 -93.1848310004512,44.9179630001879 -93.1871379994599,44.9179660001702 -93.1873790005725,44.9179670003289 -93.1899120002212,44.9179629999453 -93.1903809997111,44.9179620003348 -93.192301999586,44.9179550001015 -93.1924759998285,44.9179540003216 -93.1953990005709,44.9179419997355 -93.1955849999006,44.9179420000229 -93.1967699995264,44.9179419998454 -93.1969539995591,44.9179420004476 -93.1980529995491,44.9179299995619 -93.1984560003025,44.9178829996891</coordinates>
					</LineString>
					<LineString>
						<coordinates>-93.2065400004354,44.9189309996209 -93.2066440002531,44.9191400003755 -93.2067599996269,44.9192950002764 -93.206814999396,44.9193599999577 -93.2068639997828,44.9194140000645 -93.2069320002182,44.9194690000608 -93.2070150005829,44.9195319999603 -93.2070800003368,44.9195719997802 -93.2071539994014,44.9196139997 -93.2072239993926,44.9196460001432 -93.2072990005955,44.9196770003391 -93.207423000416,44.9197190002353 -93.2074790005859,44.9197359997169 -93.2075459998097,44.9197529998877 -93.2076570002277,44.9197700001396</coordinates>
					</LineString>
					<LineString>
						<coordinates>-93.2089409999943,44.934296999987 -93.2100809997499,44.9342860002368 -93.2102090001354,44.9342850004359</coordinates>
					</LineString>
				</MultiGeometry>
			</Placemark>
			<Placemark id="Metro_Transit_Routes.3">
				<Style>
					<LineStyle>
						<color>ff0000ff</color>
					</LineStyle>
					<PolyStyle>
						<fill>0</fill>
					</PolyStyle>
				</Style>
				<ExtendedData>
					<SchemaData schemaUrl="#Metro_Transit_Routes">
						<SimpleData name="OBJECTID">90</SimpleData>
						<SimpleData name="route">63</SimpleData>
						<SimpleData name="routesort">63</SimpleData>
						<SimpleData name="RouteDescription">Raymond Sta - Grand Av - Sunray</SimpleData>
						<SimpleData name="RouteOperator">M</SimpleData>
						<SimpleData name="EffectiveDate">2026/03/14 00:00:00+00</SimpleData>
						<SimpleData name="payleavedirectionid">0</SimpleData>
						<SimpleData name="routepayleave">0</SimpleData>
						<SimpleData name="RouteClass">CoreLoc     </SimpleData>
						<SimpleData name="IsPublic">1</SimpleData>
						<SimpleData name="wk_ftrip">04:28:00</SimpleData>
						<SimpleData name="wk_ltrip">01:44:00</SimpleData>
						<SimpleData name="wk_span">21:16:00</SimpleData>
						<SimpleData name="wk_trip_freq">138</SimpleData>
						<SimpleData name="sat_ftrip">04:34:00</SimpleData>
						<SimpleData name="sat_ltrip">01:44:00</SimpleData>
						<SimpleData name="sat_span">21:10:00</SimpleData>
						<SimpleData name="sat_trip_freq">119</SimpleData>
						<SimpleData name="sun_ftrip">04:34:00</SimpleData>
						<SimpleData name="sun_ltrip">01:43:00</SimpleData>
						<SimpleData name="sun_span">21:09:00</SimpleData>
						<SimpleData name="sun_trip_freq">96</SimpleData>
						<SimpleData name="Shape__Length">36730.4009292651</SimpleData>
					</SchemaData>
				</ExtendedData>
				<MultiGeometry>
					<LineString>
						<coordinates>-93.1897030005592,44.9607150003243 -93.1896639996484,44.9607639999206 -93.1896199999887,44.9608190004279 -93.1897720001661,44.9608790000765 -93.1904040005486,44.9611300002731 -93.1912549995678,44.9614680001323 -93.1927519997027,44.9620679999794 -93.1928629999974,44.9621129998642 -93.1944720005877,44.9627510004394 -93.1958209996388,44.9632929996008 -93.1959769998251,44.9633549996509 -93.196085999576,44.9633989997051 -93.1974110003988,44.9639380001584 -93.197557000305,44.9639979997842 -93.1975510005911,44.9651729995702 -93.1975489996977,44.9655070000113 -93.19768699966,44.9655540000258 -93.1978220003876,44.9656060002686 -93.1979540000975,44.9656609996124 -93.1980829997139,44.9657199999868 -93.1995910002496,44.9663780002496 -93.2014000001939,44.9672010001322 -93.2018400003323,44.9673880001546 -93.2019990004157,44.9674549998347 -93.2021919998887,44.9675370003168 -93.2026339995751,44.9677250001503 -93.2044959996801,44.9686069997426 -93.2050760003546,44.9688819999717 -93.2054549995195,44.9690610000543 -93.2064210004852,44.969288000181 -93.2064300005176,44.968481999957 -93.2064510000048,44.9678110004158 -93.2064589995349,44.9675749999645 -93.2064599994139,44.9675369999007 -93.2064600001669,44.9675160000812 -93.206459999739,44.9674420002076 -93.2064589996362,44.9673699996795 -93.2051680003642,44.9668569997608 -93.2028519999929,44.9659519998052 -93.2026469998349,44.965872000346 -93.2021929998479,44.9656879997239 -93.2018230005234,44.9655389998197 -93.2013709997962,44.9653569998283 -93.2000939995206,44.9648529997868 -93.1994670000721,44.9646150003003 -93.1980229994906,44.9640379996316 -93.197558000521,44.9638520002542 -93.1963330000879,44.9633729998065 -93.1961639995803,44.9633060003653 -93.1960579995858,44.9632629998568 -93.1945619994031,44.9626499996884 -93.1930579998508,44.9620539999364 -93.1929470003345,44.9620100003602 -93.1913379996919,44.9613659999953 -93.190486999653,44.9610269997289 -93.1899030004127,44.9607949998988 -93.1897030005592,44.9607150003243</coordinates>
					</LineString>
					<LineString>
						<coordinates>-93.1897030005592,44.9607150003243 -93.1904350005,44.959797000392</coordinates>
					</LineString>
					<LineString>
						<coordinates>-93.1904350005,44.959797000392 -93.1912479999215,44.9587789999943</coordinates>
					</LineString>
					<LineString>
						<coordinates>-93.1912479999215,44.9587789999943 -93.191450000162,44.958523999646 -93.1922579994158,44.9575019997262</coordinates>
					</LineString>
					<LineString>
						<coordinates>-93.1922579994158,44.9575019997262 -93.1923879995099,44.9573520002002 -93.1924859995859,44.9571170000008 -93.1925139999319,44.9567419998479 -93.1925139996964,44.9567370001392 -93.1925100002209,44.9562920003553 -93.1925070004053,44.956046999842 -93.1925020003299,44.9555230001505 -93.19249900061,44.9554240003242 -93.1924960004383,44.9553259997187 -93.1924999995129,44.9543030003195 -93.1924539997693,44.9542360003376</coordinates>
					</LineString>
					<LineString>
						<coordinates>-93.1924539997693,44.9542360003376 -93.1924539995391,44.9541100002327</coordinates>
					</LineString>
					<LineString>
						<coordinates>-93.1924539995391,44.9541100002327 -93.1924529997655,44.9532619998651</coordinates>
					</LineString>
					<LineString>
						<coordinates>-93.1924529997655,44.9532619998651 -93.1924489994011,44.9520399999722 -93.1924490005647,44.9519879998928</coordinates>
					</LineString>
					<LineString>
						<coordinates>-93.1924490005647,44.9519879998928 -93.1924430000035,44.9508320004046</coordinates>
					</LineString>
					<LineString>
						<coordinates>-93.1924430000035,44.9508320004046 -93.1924419996274,44.9496289999739 -93.192427000049,44.948367000299</coordinates>
					</LineString>
					<LineString>
						<coordinates>-93.192427000049,44.948367000299 -93.1924285445778,44.9480465648403</coordinates>
					</LineString>
					<LineString>
						<coordinates>-93.1924285445778,44.9480465648403 -93.1924290006154,44.9479519997512 -93.1924309995499,44.9472550003622</coordinates>
					</LineString>
					<LineString>
						<coordinates>-93.1924309995499,44.9472550003622 -93.1924339999252,44.9463519998352 -93.1924340005121,44.9461969995683</coordinates>
					</LineString>
					<LineString>
						<coordinates>-93.1924340005121,44.9461969995683 -93.1924379997158,44.9451319996292</coordinates>
					</LineString>
					<LineString>
						<coordinates>-93.1924379997158,44.9451319996292 -93.192443999452,44.9431300004198</coordinates>
					</LineString>
					<LineString>
						<coordinates>-93.192443999452,44.9431300004198 -93.1924480002861,44.9419319995585 -93.1924489994373,44.9416429997125</coordinates>
					</LineString>
					<LineString>
						<coordinates>-93.1924489994373,44.9416429997125 -93.1924460004255,44.9414949998424 -93.1924529996726,44.9413519999467 -93.1924529999152,44.9413349996295 -93.1924710004847,44.9401079999856</coordinates>
					</LineString>
					<LineString>
						<coordinates>-93.1924710004847,44.9401079999856 -93.1920700005052,44.9401090000609 -93.1899389994534,44.9401150000252</coordinates>
					</LineString>
					<LineString>
						<coordinates>-93.1899389994534,44.9401150000252 -93.1873829996195,44.9401079995645</coordinates>
					</LineString>
					<LineString>
						<coordinates>-93.1873829996195,44.9401079995645 -93.1872090001189,44.9401079995576 -93.185269963992,44.9401067479255</coordinates>
					</LineString>
					<LineString>
						<coordinates>-93.185269963992,44.9401067479255 -93.1825619994705,44.9401050000396 -93.1823190002029,44.9401050002372</coordinates>
					</LineString>
					<LineString>
						<coordinates>-93.1823190002029,44.9401050002372 -93.1797660004722,44.9401000003014</coordinates>
					</LineString>
					<LineString>
						<coordinates>-93.1797660004722,44.9401000003014 -93.1771920004829,44.9400950001842</coordinates>
					</LineString>
					<LineString>
						<coordinates>-93.1771920004829,44.9400950001842 -93.1770179997531,44.940094999956 -93.174235000103,44.9400909996164</coordinates>
					</LineString>
					<LineString>
						<coordinates>-93.174235000103,44.9400909996164 -93.1716200003927,44.9400819998733 -93.1714940000248,44.9400820001054</coordinates>
					</LineString>
					<LineString>
						<coordinates>-93.1714940000248,44.9400820001054 -93.1713580005921,44.9400819998985 -93.1695659995753,44.9400820001158</coordinates>
					</LineString>
					<LineString>
						<coordinates>-93.1695659995753,44.9400820001158 -93.1672380003573,44.9400800001456 -93.1670130005209,44.9400799999301</coordinates>
					</LineString>
					<LineString>
						<coordinates>-93.1670130005209,44.9400799999301 -93.1644429997941,44.9400700003646</coordinates>
					</LineString>
					<LineString>
						<coordinates>-93.1644429997941,44.9400700003646 -93.1620429994593,44.9400609999755 -93.1618989995385,44.940059999731</coordinates>
					</LineString>
					<LineString>
						<coordinates>-93.1618989995385,44.940059999731 -93.1593420004362,44.9400529996481</coordinates>
					</LineString>
					<LineString>
						<coordinates>-93.1593420004362,44.9400529996481 -93.156825999959,44.940034999877 -93.1566609997025,44.9400350003835</coordinates>
					</LineString>
					<LineString>
						<coordinates>-93.1566609997025,44.9400350003835 -93.1566519994112,44.9400350001264 -93.1544080004237,44.9400259996852 -93.1542629994251,44.9400250001682</coordinates>
					</LineString>
					<LineString>
						<coordinates>-93.1542629994251,44.9400250001682 -93.1528900003634,44.9400200004498</coordinates>
					</LineString>
					<LineString>
						<coordinates>-93.1528900003634,44.9400200004498 -93.1523929994324,44.9400180001167 -93.1522320005094,44.9400169995626</coordinates>
					</LineString>
					<LineString>
						<coordinates>-93.1522320005094,44.9400169995626 -93.1492959998476,44.9400069996837 -93.1491520002831,44.9400059995699</coordinates>
					</LineString>
					<LineString>
						<coordinates>-93.1491520002831,44.9400059995699 -93.1467950000482,44.9399990000156 -93.146605000359,44.939997999995</coordinates>
					</LineString>
					<LineString>
						<coordinates>-93.146605000359,44.939997999995 -93.1440509996865,44.9399890000336</coordinates>
					</LineString>
					<LineString>
						<coordinates>-93.1440509996865,44.9399890000336 -93.1416570002121,44.9399740004173 -93.1415099995002,44.9399729997916</coordinates>
					</LineString>
					<LineString>
						<coordinates>-93.1415099995002,44.9399729997916 -93.1389710005822,44.9399689996891</coordinates>
					</LineString>
					<LineString>
						<coordinates>-93.1389710005822,44.9399689996891 -93.1365550004889,44.9399589997347 -93.1364200001103,44.9399589999376</coordinates>
					</LineString>
					<LineString>
						<coordinates>-93.1364200001103,44.9399589999376 -93.1338640003694,44.939949000376</coordinates>
					</LineString>
					<LineString>
						<coordinates>-93.1338640003694,44.939949000376 -93.131453999394,44.9399399999292 -93.1313110000811,44.9399399996988</coordinates>
					</LineString>
					<LineString>
						<coordinates>-93.1313110000811,44.9399399996988 -93.1287550001324,44.9399279998705</coordinates>
					</LineString>
					<LineString>
						<coordinates>-93.1287550001324,44.9399279998705 -93.1263320004386,44.9399189996127 -93.1261990005583,44.9399179997991</coordinates>
					</LineString>
					<LineString>
						<coordinates>-93.1261990005583,44.9399179997991 -93.1236569997775,44.9399210001047 -93.1235909995272,44.9399099999591 -93.1235280000792,44.9398940004066 -93.1234680001763,44.9398729996531 -93.123410999442,44.9398479996288 -93.1233589996017,44.9398179998517 -93.1233109998431,44.9397849998583</coordinates>
					</LineString>
					<LineString>
						<coordinates>-93.1233109998431,44.9397849998583 -93.1230750004703,44.9395570000123 -93.1229999995779,44.9394849998058</coordinates>
					</LineString>
					<LineString>
						<coordinates>-93.1229999995779,44.9394849998058 -93.1223809994939,44.9388829999488 -93.1222759995451,44.9388060001689 -93.1221669998632,44.9387320004441 -93.122094000094,44.9386839995919 -93.1220150004349,44.9386420004519 -93.1219310004447,44.9386039998942 -93.1218430001343,44.9385729999167 -93.1217510003206,44.9385470002592 -93.1216559997215,44.9385259998483 -93.1215589995839,44.9385129997865 -93.121416000468,44.9385059997937 -93.1212719996392,44.9385059997606 -93.1211280000194,44.9385120002949</coordinates>
					</LineString>
					<LineString>
						<coordinates>-93.1211280000194,44.9385120002949 -93.1210340006319,44.9385210002559 -93.1209849998636,44.9385249995641</coordinates>
					</LineString>
					<LineString>
						<coordinates>-93.1209849998636,44.9385249995641 -93.1208440003994,44.9385450001132</coordinates>
					</LineString>
					<LineString>
						<coordinates>-93.1208440003994,44.9385450001132 -93.1207039994719,44.938571000183 -93.1189920004681,44.9391889997838</coordinates>
					</LineString>
					<LineString>
						<coordinates>-93.1189920004681,44.9391889997838 -93.1169379996533,44.9399319996753 -93.1166540005615,44.9400349996014</coordinates>
					</LineString>
					<LineString>
						<coordinates>-93.1166540005615,44.9400349996014 -93.1165350000997,44.9400680000806 -93.1164129999504,44.9400950000441 -93.116289000183,44.9401160002643 -93.1161619995309,44.940130999953 -93.1160350004452,44.9401380003011 -93.1158120005371,44.9401330000803 -93.1154190000947,44.9401229996948 -93.1149030005344,44.9401109999962 -93.1143650002854,44.9400969999457 -93.1142420003108,44.9401010002223 -93.1141190000832,44.9401100000903 -93.1139970003156,44.9401249995759 -93.1138759995555,44.9401440002344 -93.113757999966,44.9401700004491 -93.1136420006246,44.9401999999507 -93.1135279996804,44.9402349997719 -93.1128549993956,44.9405480000755 -93.1125939996172,44.9406469999735 -93.1117449996021,44.9410989998735 -93.1114269998644,44.9413079999408</coordinates>
					</LineString>
					<LineString>
						<coordinates>-93.1114269998644,44.9413079999408 -93.1104639994162,44.9413059998905 -93.1094070002656,44.9413039998894</coordinates>
					</LineString>
					<LineString>
						<coordinates>-93.1094070002656,44.9413039998894 -93.1089990002539,44.9413069997029</coordinates>
					</LineString>
					<LineString>
						<coordinates>-93.1089990002539,44.9413069997029 -93.1086530001082,44.9415809998468</coordinates>
					</LineString>
					<LineString>
						<coordinates>-93.1086530001082,44.9415809998468 -93.108393999763,44.9417869997464 -93.107527999611,44.9424740000674</coordinates>
					</LineString>
					<LineString>
						<coordinates>-93.107527999611,44.9424740000674 -93.106634216548,44.9431798059953</coordinates>
					</LineString>
					<LineString>
						<coordinates>-93.106634216548,44.9431798059953 -93.1065199995064,44.9432700002806 -93.10642599989,44.9433439998856</coordinates>
					</LineString>
					<LineString>
						<coordinates>-93.10642599989,44.9433439998856 -93.1054499994323,44.9441199996368 -93.1053349998934,44.9442120001494</coordinates>
					</LineString>
					<LineString>
						<coordinates>-93.1053349998934,44.9442120001494 -93.1044179517449,44.9449404887508</coordinates>
					</LineString>
					<LineString>
						<coordinates>-93.1044179517449,44.9449404887508 -93.1041239996247,44.9451740002499 -93.1039169996247,44.9453390003809</coordinates>
					</LineString>
					<LineString>
						<coordinates>-93.1039169996247,44.9453390003809 -93.1037610005829,44.9454459997362</coordinates>
					</LineString>
					<LineString>
						<coordinates>-93.1037610005829,44.9454459997362 -93.1031749996914,44.9459219999354</coordinates>
					</LineString>
					<LineString>
						<coordinates>-93.1031749996914,44.9459219999354 -93.1029850002922,44.9460769997623</coordinates>
					</LineString>
					<LineString>
						<coordinates>-93.1029850002922,44.9460769997623 -93.1027830003109,44.9462410003808 -93.1024830000033,44.9464859996147</coordinates>
					</LineString>
					<LineString>
						<coordinates>-93.1024830000033,44.9464859996147 -93.1017339998933,44.9459729999824 -93.1015510003767,44.9459369999605 -93.1014819994468,44.9458769998572 -93.1014089996096,44.945820000033 -93.1013130000692,44.9457539996487 -93.10121099939,44.9456919995953 -93.1011039999433,44.9456360001174 -93.1009949995593,44.9455860003505 -93.100885000089,44.945543000428 -93.1008830006165,44.9455420002701 -93.1007669999422,44.9455029997285 -93.1006480001776,44.9454689996304 -93.1005260005074,44.9454410000913 -93.1004010004204,44.9454180000778 -93.1002749998182,44.9454019998724 -93.0975620006059,44.9451200003658 -93.0970059994059,44.9451320001648 -93.0966229995207,44.9451399999594 -93.0958419999922,44.9451620000255 -93.095637000225,44.9451420001624 -93.0954519997634,44.9451950003636 -93.0944539993949,44.9456910003459 -93.0932020001243,44.9462639998102 -93.0921439999274,44.946787000293 -93.0920459998702,44.9468349997334 -93.0908200002683,44.9474159998103 -93.0896339994044,44.9479799999938 -93.0894860002886,44.9480490003405 -93.0881239993763,44.9487129998469 -93.0869680003246,44.9492600000803 -93.0873740004164,44.9496889995694 -93.0877339999601,44.9500700000191</coordinates>
					</LineString>
					<LineString>
						<coordinates>-93.0877339999601,44.9500700000191 -93.0885690001216,44.9509099998128 -93.0875230006128,44.9514070003729 -93.0874170004311,44.9514579996007</coordinates>
					</LineString>
					<LineString>
						<coordinates>-93.0874170004311,44.9514579996007 -93.0870199997047,44.9517010004454 -93.0867349999375,44.9519880004105 -93.0866159995259,44.9521070000001 -93.086339000237,44.9523829996416 -93.0862439998068,44.9524609999677 -93.0861409997863,44.9525340002335 -93.0860310004212,44.9526019996643 -93.0859150004777,44.9526640000666 -93.0857929999699,44.9527199996218 -93.0856660004425,44.9527700002604 -93.085533999384,44.9528140001671 -93.0853989998697,44.9528519996276 -93.0852599999891,44.9528820000343 -93.0851469994369,44.9529020003699 -93.0849480004321,44.9529260002687 -93.0847509993997,44.9529570000958 -93.0845549998164,44.952994999699 -93.0843629996565,44.9530390003472 -93.084174000069,44.9530900002184 -93.0840440005008,44.9531289999138 -93.0839169995719,44.9531710003256 -93.0837909994678,44.9532170003515 -93.0833160001443,44.9534179997938 -93.0832839997812,44.9534350000102 -93.0824359999545,44.9538789998562 -93.0820749999269,44.9540530002875 -93.0815829999005,44.9542910002317 -93.0807350003126,44.9547300002725 -93.0798460001035,44.9551610000738 -93.07958999964,44.9552850003673 -93.0783270005858,44.9558979995769 -93.0763870000219,44.956835000153 -93.0759380004481,44.9570359999993</coordinates>
					</LineString>
					<LineString>
						<coordinates>-93.0759380004481,44.9570359999993 -93.075867999456,44.956941999965 -93.0757900000478,44.9568510001588 -93.0757050000354,44.956762999903 -93.0756129994844,44.9566790002042 -93.0746179995365,44.9560140001287 -93.0745890001149,44.9559930003069 -93.0745379998259,44.9559560002843 -93.072698999531,44.9548179998519 -93.0719590006175,44.9542179999736 -93.0717830004788,44.9543039997224</coordinates>
					</LineString>
					<LineString>
						<coordinates>-93.0717830004788,44.9543039997224 -93.0705349995897,44.9548959998949 -93.0704049996633,44.9549570002438</coordinates>
					</LineString>
					<LineString>
						<coordinates>-93.0704049996633,44.9549570002438 -93.0687990003629,44.9557440002633</coordinates>
					</LineString>
					<LineString>
						<coordinates>-93.0687990003629,44.9557440002633 -93.0669559993822,44.956617000338 -93.0667379995794,44.956730999599</coordinates>
					</LineString>
					<LineString>
						<coordinates>-93.0667379995794,44.956730999599 -93.066010000259,44.9567249997718 -93.0658659996362,44.9567239999719</coordinates>
					</LineString>
					<LineString>
						<coordinates>-93.0658659996362,44.9567239999719 -93.0634530005662,44.9567329998241</coordinates>
					</LineString>
					<LineString>
						<coordinates>-93.0634530005662,44.9567329998241 -93.0610639993982,44.9567429999005 -93.060902000199,44.9567440001067</coordinates>
					</LineString>
					<LineString>
						<coordinates>-93.060902000199,44.9567440001067 -93.0583419997603,44.9567499996084</coordinates>
					</LineString>
					<LineString>
						<coordinates>-93.0583419997603,44.9567499996084 -93.0559990000532,44.9567570003878 -93.0557859994817,44.9567580003294</coordinates>
					</LineString>
					<LineString>
						<coordinates>-93.0557859994817,44.9567580003294 -93.0543740002478,44.9567540002803</coordinates>
					</LineString>
					<LineString>
						<coordinates>-93.0543740002478,44.9567540002803 -93.0501180004153,44.9567659998132 -93.0499799998355,44.9567670000984</coordinates>
					</LineString>
					<LineString>
						<coordinates>-93.0499799998355,44.9567670000984 -93.0478979999152,44.9567719998801 -93.0459940006043,44.9567839999363</coordinates>
					</LineString>
					<LineString>
						<coordinates>-93.0459940006043,44.9567839999363 -93.0455900004744,44.9567790001795</coordinates>
					</LineString>
					<LineString>
						<coordinates>-93.0455900004744,44.9567790001795 -93.0453329998506,44.9567789998601 -93.0435729997029,44.9567830003515</coordinates>
					</LineString>
					<LineString>
						<coordinates>-93.0435729997029,44.9567830003515 -93.0415400003647,44.9567860003062</coordinates>
					</LineString>
					<LineString>
						<coordinates>-93.0415400003647,44.9567860003062 -93.0411210000455,44.9567869999286 -93.0395000005053,44.956789999922</coordinates>
					</LineString>
					<LineString>
						<coordinates>-93.0395000005053,44.956789999922 -93.0376269998445,44.9567940000201 -93.0374819998692,44.9567939999902</coordinates>
					</LineString>
					<LineString>
						<coordinates>-93.0374819998692,44.9567939999902 -93.036218935536,44.9567967615626</coordinates>
					</LineString>
					<LineString>
						<coordinates>-93.036218935536,44.9567967615626 -93.0356530004899,44.9567980000752 -93.0354330003373,44.9567980001284</coordinates>
					</LineString>
					<LineString>
						<coordinates>-93.0354330003373,44.9567980001284 -93.0329089999298,44.9567770001992</coordinates>
					</LineString>
					<LineString>
						<coordinates>-93.0329089999298,44.9567770001992 -93.0304870003962,44.9567829998127 -93.0303500004984,44.9567830002945</coordinates>
					</LineString>
					<LineString>
						<coordinates>-93.0303500004984,44.9567830002945 -93.0278219995649,44.9567820003649</coordinates>
					</LineString>
					<LineString>
						<coordinates>-93.0278219995649,44.9567820003649 -93.0259590005975,44.9567809996026 -93.0257119993925,44.9567809996669</coordinates>
					</LineString>
					<LineString>
						<coordinates>-93.0257119993925,44.9567809996669 -93.0252670001372,44.9567809999644 -93.0252589998379,44.9558990004172 -93.0252539996935,44.9550089999923</coordinates>
					</LineString>
					<LineString>
						<coordinates>-93.0252539996935,44.9550089999923 -93.0252490004074,44.9542159995891 -93.0252489996623,44.954115999961</coordinates>
					</LineString>
					<LineString>
						<coordinates>-93.0252489996623,44.954115999961 -93.0252446023412,44.9534320342518</coordinates>
					</LineString>
					<LineString>
						<coordinates>-93.0252446023412,44.9534320342518 -93.0252409998165,44.9528719997618 -93.025240000559,44.9526400003556</coordinates>
					</LineString>
					<LineString>
						<coordinates>-93.025240000559,44.9526400003556 -93.0252359998267,44.9519289995609</coordinates>
					</LineString>
					<LineString>
						<coordinates>-93.0252359998267,44.9519289995609 -93.025235000418,44.9518469996216 -93.0252319996427,44.9513550001995 -93.0252310003501,44.951198000042 -93.0252279997494,44.9506310003461 -93.0252219999371,44.9496849996245</coordinates>
					</LineString>
					<LineString>
						<coordinates>-93.0252219999371,44.9496849996245 -93.0246820001774,44.9496830003335 -93.0231167871024,44.9496754430223</coordinates>
					</LineString>
					<LineString>
						<coordinates>-93.0231167871024,44.9496754430223 -93.0213680000937,44.9496670003539 -93.0211579996549,44.9496659997204</coordinates>
					</LineString>
					<LineString>
						<coordinates>-93.0211579996549,44.9496659997204 -93.0203109998851,44.9496570002557</coordinates>
					</LineString>
					<LineString>
						<coordinates>-93.0203109998851,44.9496570002557 -93.018269999575,44.9496560001037 -93.0178230004686,44.9496559996221</coordinates>
					</LineString>
					<LineString>
						<coordinates>-93.0178230004686,44.9496559996221 -93.0176859997785,44.9496560002158 -93.0175920000544,44.9496560003309 -93.0174979999217,44.9496630003303 -93.0174060004088,44.9496749996626 -93.0173150000258,44.949692000285 -93.0165349994343,44.9498800003884 -93.0164410001092,44.9498959997247 -93.0163460000929,44.9499060001889 -93.0162499994143,44.949909999978</coordinates>
					</LineString>
					<LineString>
						<coordinates>-93.0162499994143,44.949909999978 -93.0162280000023,44.9499100004056 -93.0161529996515,44.9499090001127</coordinates>
					</LineString>
					<LineString>
						<coordinates>-93.0161529996515,44.9499090001127 -93.0151159995425,44.9499069995992</coordinates>
					</LineString>
					<LineString>
						<coordinates>-93.0151159995425,44.9499069995992 -93.0151300001979,44.9502749998096 -93.0151489996451,44.9507830003363 -93.0151530001059,44.9514269997026 -93.0151539997205,44.9515739996145 -93.0151559998997,44.9518859998352 -93.0151519998817,44.9520100002774</coordinates>
					</LineString>
					<LineString>
						<coordinates>-93.0151519998817,44.9520100002774 -93.0151400002033,44.9523790003189 -93.0151330003269,44.9525789996623</coordinates>
					</LineString>
					<LineString>
						<coordinates>-93.0151330003269,44.9525789996623 -93.0150170001738,44.9525729998355 -93.0149030000006,44.9525599996721 -93.0147910003617,44.9525420003231 -93.0146799995122,44.9525180000003 -93.0145720005184,44.9524880002513 -93.0144679998538,44.9524520000581 -93.0143680003286,44.9524109995537 -93.0142719994249,44.9523649996491 -93.0141809999392,44.9523140002297 -93.0140959995906,44.9522580002841 -93.0136969999123,44.9520300001622 -93.0134500005654,44.9518909998609 -93.0133319999532,44.951840000237 -93.0132019998283,44.9517859997098 -93.0131030003865,44.9517519997367 -93.0129650004558,44.9517109996518 -93.0128430001395,44.9516789996067 -93.0127349999323,44.9516549997529 -93.0125930000887,44.9516279995819 -93.0126020005288,44.9529180001643 -93.0126040003725,44.9533030002942 -93.0126050002713,44.9533939996246 -93.0126059994293,44.9536089997304 -93.0126080000995,44.9538469998314 -93.0126089997149,44.9540640001646 -93.0151379995891,44.9540759995786 -93.0151369994575,44.9535749996172 -93.0151330003269,44.9525789996623</coordinates>
					</LineString>
					<LineString>
						<coordinates>-93.0151330003269,44.9525789996623 -93.0151519998817,44.9520100002774</coordinates>
					</LineString>
					<LineString>
						<coordinates>-93.0151159995425,44.9499069995992 -93.0159909996041,44.9499090004059 -93.0161529996515,44.9499090001127</coordinates>
					</LineString>
					<LineString>
						<coordinates>-93.0161529996515,44.9499090001127 -93.0162499994143,44.949909999978</coordinates>
					</LineString>
					<LineString>
						<coordinates>-93.0178230004686,44.9496559996221 -93.0203109998851,44.9496570002557</coordinates>
					</LineString>
					<LineString>
						<coordinates>-93.0211579996549,44.9496659997204 -93.0216760001901,44.9496690001702 -93.0231167871024,44.9496754430223</coordinates>
					</LineString>
					<LineString>
						<coordinates>-93.0231167871024,44.9496754430223 -93.0245830002507,44.9496819999585 -93.0252219999371,44.9496849996245</coordinates>
					</LineString>
					<LineString>
						<coordinates>-93.0252359998267,44.9519289995609 -93.0252390000331,44.9525149996562 -93.025240000559,44.9526400003556</coordinates>
					</LineString>
					<LineString>
						<coordinates>-93.025240000559,44.9526400003556 -93.0252446023412,44.9534320342518</coordinates>
					</LineString>
					<LineString>
						<coordinates>-93.0252446023412,44.9534320342518 -93.0252480003482,44.9540169997741 -93.0252489996623,44.954115999961</coordinates>
					</LineString>
					<LineString>
						<coordinates>-93.0252489996623,44.954115999961 -93.0252539996935,44.9550089999923</coordinates>
					</LineString>
					<LineString>
						<coordinates>-93.0257119993925,44.9567809996669 -93.0278219995649,44.9567820003649</coordinates>
					</LineString>
					<LineString>
						<coordinates>-93.0278219995649,44.9567820003649 -93.0302109999541,44.956783000241 -93.0303500004984,44.9567830002945</coordinates>
					</LineString>
					<LineString>
						<coordinates>-93.0303500004984,44.9567830002945 -93.0329089999298,44.9567770001992</coordinates>
					</LineString>
					<LineString>
						<coordinates>-93.0329089999298,44.9567770001992 -93.0352579995673,44.9567960000337 -93.0354330003373,44.9567980001284</coordinates>
					</LineString>
					<LineString>
						<coordinates>-93.0354330003373,44.9567980001284 -93.036218935536,44.9567967615626</coordinates>
					</LineString>
					<LineString>
						<coordinates>-93.036218935536,44.9567967615626 -93.0373379995977,44.9567949995712 -93.0374819998692,44.9567939999902</coordinates>
					</LineString>
					<LineString>
						<coordinates>-93.0374819998692,44.9567939999902 -93.0395000005053,44.956789999922</coordinates>
					</LineString>
					<LineString>
						<coordinates>-93.0395000005053,44.956789999922 -93.0412999995824,44.956787000152 -93.0415400003647,44.9567860003062</coordinates>
					</LineString>
					<LineString>
						<coordinates>-93.0435729997029,44.9567830003515 -93.0455900004744,44.9567790001795</coordinates>
					</LineString>
					<LineString>
						<coordinates>-93.0455900004744,44.9567790001795 -93.0457869997851,44.9567809999301 -93.0459940006043,44.9567839999363</coordinates>
					</LineString>
					<LineString>
						<coordinates>-93.0499799998355,44.9567670000984 -93.0501540006281,44.9567660002127 -93.0543740002478,44.9567540002803</coordinates>
					</LineString>
					<LineString>
						<coordinates>-93.0543740002478,44.9567540002803 -93.0556459999429,44.9567580002138 -93.0557859994817,44.9567580003294</coordinates>
					</LineString>
					<LineString>
						<coordinates>-93.0557859994817,44.9567580003294 -93.0583419997603,44.9567499996084</coordinates>
					</LineString>
					<LineString>
						<coordinates>-93.0583419997603,44.9567499996084 -93.0607530003279,44.9567440002483 -93.060902000199,44.9567440001067</coordinates>
					</LineString>
					<LineString>
						<coordinates>-93.060902000199,44.9567440001067 -93.0634530005662,44.9567329998241</coordinates>
					</LineString>
					<LineString>
						<coordinates>-93.0634530005662,44.9567329998241 -93.0657479995338,44.9567249996719 -93.0658659996362,44.9567239999719</coordinates>
					</LineString>
					<LineString>
						<coordinates>-93.0658659996362,44.9567239999719 -93.0667379995794,44.956730999599</coordinates>
					</LineString>
					<LineString>
						<coordinates>-93.0687990003629,44.9557440002633 -93.070283999605,44.9550170001848 -93.0704049996633,44.9549570002438</coordinates>
					</LineString>
					<LineString>
						<coordinates>-93.0704049996633,44.9549570002438 -93.0717830004788,44.9543039997224</coordinates>
					</LineString>
					<LineString>
						<coordinates>-93.0717830004788,44.9543039997224 -93.072417999648,44.9547989996189 -93.0724240000727,44.9548029999035 -93.0731509994834,44.9552600001764 -93.0744360002625,44.9560670002325 -93.0754850005073,44.9567450001997 -93.0758279998408,44.9570859999605 -93.0759380004481,44.9570359999993</coordinates>
					</LineString>
					<LineString>
						<coordinates>-93.0874170004311,44.9514579996007 -93.0867840003695,44.9508070000074 -93.0865919994828,44.9506110001274 -93.0877339999601,44.9500700000191</coordinates>
					</LineString>
					<LineString>
						<coordinates>-93.0877339999601,44.9500700000191 -93.088904999857,44.949515000153 -93.0902519999097,44.9488749999379 -93.0911189997264,44.9484629997707 -93.0916200005732,44.9482239997691 -93.0928239995545,44.9476510001558 -93.0938330005249,44.9471700002018 -93.0939559995439,44.9471109998132 -93.0939759993713,44.9471020002499 -93.0952420004753,44.946498000281 -93.0962639997117,44.9460109995761 -93.0964950004069,44.9460319998738 -93.0968850000811,44.946068000016 -93.0972560001673,44.9461010002331 -93.0974179996618,44.9461159999481 -93.0989449997167,44.9462510001938 -93.0996040005506,44.9463079997281 -93.1003609998245,44.9463749997395 -93.1005470002088,44.9463920002747 -93.1007180001301,44.9464069999864 -93.1023269995284,44.9466040001514 -93.1024830000033,44.9464859996147</coordinates>
					</LineString>
					<LineString>
						<coordinates>-93.1024830000033,44.9464859996147 -93.1029850002922,44.9460769997623</coordinates>
					</LineString>
					<LineString>
						<coordinates>-93.1031749996914,44.9459219999354 -93.1035020004638,44.9456559996992 -93.1037610005829,44.9454459997362</coordinates>
					</LineString>
					<LineString>
						<coordinates>-93.1039169996247,44.9453390003809 -93.1044179517449,44.9449404887508</coordinates>
					</LineString>
					<LineString>
						<coordinates>-93.1044179517449,44.9449404887508 -93.1052079993782,44.9443119999902 -93.1053349998934,44.9442120001494</coordinates>
					</LineString>
					<LineString>
						<coordinates>-93.1053349998934,44.9442120001494 -93.10642599989,44.9433439998856</coordinates>
					</LineString>
					<LineString>
						<coordinates>-93.10642599989,44.9433439998856 -93.106634216548,44.9431798059953</coordinates>
					</LineString>
					<LineString>
						<coordinates>-93.106634216548,44.9431798059953 -93.1074239995991,44.942557000236 -93.107527999611,44.9424740000674</coordinates>
					</LineString>
					<LineString>
						<coordinates>-93.107527999611,44.9424740000674 -93.1086530001082,44.9415809998468</coordinates>
					</LineString>
					<LineString>
						<coordinates>-93.1086530001082,44.9415809998468 -93.1088969995287,44.9413879999728 -93.1089990002539,44.9413069997029</coordinates>
					</LineString>
					<LineString>
						<coordinates>-93.1094070002656,44.9413039998894 -93.1114269998644,44.9413079999408</coordinates>
					</LineString>
					<LineString>
						<coordinates>-93.1114269998644,44.9413079999408 -93.1120129994628,44.9413090002494 -93.1124640006048,44.9413100000413 -93.1131569997288,44.9413109997871 -93.1136370004757,44.9411240004016 -93.1138660005887,44.9410540003435 -93.1150039993772,44.9407030000783 -93.1160499998344,44.9402960002709 -93.1164019998543,44.9401609996867 -93.11644999986,44.9401419996945 -93.1166540005615,44.9400349996014</coordinates>
					</LineString>
					<LineString>
						<coordinates>-93.1166540005615,44.9400349996014 -93.1189920004681,44.9391889997838</coordinates>
					</LineString>
					<LineString>
						<coordinates>-93.1208440003994,44.9385450001132 -93.1208899995124,44.9385390001919 -93.1209849998636,44.9385249995641</coordinates>
					</LineString>
					<LineString>
						<coordinates>-93.1209849998636,44.9385249995641 -93.1211280000194,44.9385120002949</coordinates>
					</LineString>
					<LineString>
						<coordinates>-93.1229999995779,44.9394849998058 -93.1231369996545,44.9396170000868 -93.1233109998431,44.9397849998583</coordinates>
					</LineString>
					<LineString>
						<coordinates>-93.1261990005583,44.9399179997991 -93.1266350004055,44.939919999939 -93.1287550001324,44.9399279998705</coordinates>
					</LineString>
					<LineString>
						<coordinates>-93.1287550001324,44.9399279998705 -93.1311739999446,44.939939000376 -93.1313110000811,44.9399399996988</coordinates>
					</LineString>
					<LineString>
						<coordinates>-93.1313110000811,44.9399399996988 -93.1338640003694,44.939949000376</coordinates>
					</LineString>
					<LineString>
						<coordinates>-93.1338640003694,44.939949000376 -93.1362709994681,44.9399580003586 -93.1364200001103,44.9399589999376</coordinates>
					</LineString>
					<LineString>
						<coordinates>-93.1364200001103,44.9399589999376 -93.1389710005822,44.9399689996891</coordinates>
					</LineString>
					<LineString>
						<coordinates>-93.1389710005822,44.9399689996891 -93.1413680001381,44.9399730001123 -93.1415099995002,44.9399729997916</coordinates>
					</LineString>
					<LineString>
						<coordinates>-93.1415099995002,44.9399729997916 -93.1440509996865,44.9399890000336</coordinates>
					</LineString>
					<LineString>
						<coordinates>-93.146605000359,44.939997999995 -93.1467789995412,44.9399989998761 -93.1490089995407,44.9400059998966 -93.1491520002831,44.9400059995699</coordinates>
					</LineString>
					<LineString>
						<coordinates>-93.1491520002831,44.9400059995699 -93.1522320005094,44.9400169995626</coordinates>
					</LineString>
					<LineString>
						<coordinates>-93.1528900003634,44.9400200004498 -93.1540389998354,44.9400250000472 -93.1542629994251,44.9400250001682</coordinates>
					</LineString>
					<LineString>
						<coordinates>-93.1542629994251,44.9400250001682 -93.1566609997025,44.9400350003835</coordinates>
					</LineString>
					<LineString>
						<coordinates>-93.1593420004362,44.9400529996481 -93.161762000127,44.9400600003169 -93.1618989995385,44.940059999731</coordinates>
					</LineString>
					<LineString>
						<coordinates>-93.1618989995385,44.940059999731 -93.1644429997941,44.9400700003646</coordinates>
					</LineString>
					<LineString>
						<coordinates>-93.1670130005209,44.9400799999301 -93.1674960003896,44.9400810002596 -93.1695659995753,44.9400820001158</coordinates>
					</LineString>
					<LineString>
						<coordinates>-93.1714940000248,44.9400820001054 -93.174235000103,44.9400909996164</coordinates>
					</LineString>
					<LineString>
						<coordinates>-93.174235000103,44.9400909996164 -93.1771920004829,44.9400950001842</coordinates>
					</LineString>
					<LineString>
						<coordinates>-93.1771920004829,44.9400950001842 -93.1773650004546,44.9400960000259 -93.1797660004722,44.9401000003014</coordinates>
					</LineString>
					<LineString>
						<coordinates>-93.1797660004722,44.9401000003014 -93.1820740002423,44.9401040002821 -93.1823190002029,44.9401050002372</coordinates>
					</LineString>
					<LineString>
						<coordinates>-93.1823190002029,44.9401050002372 -93.185269963992,44.9401067479255</coordinates>
					</LineString>
					<LineString>
						<coordinates>-93.185269963992,44.9401067479255 -93.1873829996195,44.9401079995645</coordinates>
					</LineString>
					<LineString>
						<coordinates>-93.1873829996195,44.9401079995645 -93.1875570003896,44.9401080002044 -93.1899389994534,44.9401150000252</coordinates>
					</LineString>
					<LineString>
						<coordinates>-93.1899389994534,44.9401150000252 -93.1922890002505,44.9401089997218 -93.1924710004847,44.9401079999856</coordinates>
					</LineString>
					<LineString>
						<coordinates>-93.1924489994373,44.9416429997125 -93.1924479993894,44.94204099962 -93.192443999452,44.9431300004198</coordinates>
					</LineString>
					<LineString>
						<coordinates>-93.1924379997158,44.9451319996292 -93.1924349999549,44.9460640003359 -93.1924340005121,44.9461969995683</coordinates>
					</LineString>
					<LineString>
						<coordinates>-93.1924340005121,44.9461969995683 -93.1924309995499,44.9472550003622</coordinates>
					</LineString>
					<LineString>
						<coordinates>-93.1924309995499,44.9472550003622 -93.1924285445778,44.9480465648403</coordinates>
					</LineString>
					<LineString>
						<coordinates>-93.1924285445778,44.9480465648403 -93.1924279999945,44.9482219996365 -93.192427000049,44.948367000299</coordinates>
					</LineString>
					<LineString>
						<coordinates>-93.1924430000035,44.9508320004046 -93.1924479994402,44.9518360000351 -93.1924490005647,44.9519879998928</coordinates>
					</LineString>
					<LineString>
						<coordinates>-93.1924490005647,44.9519879998928 -93.1924529997655,44.9532619998651</coordinates>
					</LineString>
					<LineString>
						<coordinates>-93.1924529997655,44.9532619998651 -93.1924539999999,44.9540870001196 -93.1924539995391,44.9541100002327</coordinates>
					</LineString>
					<LineString>
						<coordinates>-93.1924539997693,44.9542360003376 -93.1924060006176,44.9543040004082 -93.192308999998,44.9553080001916 -93.192315999601,44.9559810003169 -93.1923189994015,44.9562270000599 -93.1923249997221,44.9566929999452 -93.1923039996933,44.9572419995531 -93.1922579994158,44.9575019997262</coordinates>
					</LineString>
					<LineString>
						<coordinates>-93.1922579994158,44.9575019997262 -93.1912479999215,44.9587789999943</coordinates>
					</LineString>
					<LineString>
						<coordinates>-93.1912479999215,44.9587789999943 -93.1910799998371,44.9589899998631 -93.1904350005,44.959797000392</coordinates>
					</LineString>
				</MultiGeometry>
			</Placemark>
			<Placemark id="Metro_Transit_Routes.4">
				<Style>
					<LineStyle>
						<color>ff0000ff</color>
					</LineStyle>
					<PolyStyle>
						<fill>0</fill>
					</PolyStyle>
				</Style>
				<ExtendedData>
					<SchemaData schemaUrl="#Metro_Transit_Routes">
						<SimpleData name="OBJECTID">93</SimpleData>
						<SimpleData name="route">65</SimpleData>
						<SimpleData name="routesort">65</SimpleData>
						<SimpleData name="RouteDescription">Dale St - Co Rd B - Rosedale</SimpleData>
						<SimpleData name="RouteOperator">P</SimpleData>
						<SimpleData name="EffectiveDate">2026/03/14 00:00:00+00</SimpleData>
						<SimpleData name="payleavedirectionid">0</SimpleData>
						<SimpleData name="routepayleave">0</SimpleData>
						<SimpleData name="RouteClass">SupportLoc  </SimpleData>
						<SimpleData name="IsPublic">1</SimpleData>
						<SimpleData name="wk_ftrip">04:59:00</SimpleData>
						<SimpleData name="wk_ltrip">00:44:00</SimpleData>
						<SimpleData name="wk_span">19:45:00</SimpleData>
						<SimpleData name="wk_trip_freq">65</SimpleData>
						<SimpleData name="sat_ftrip">04:40:00</SimpleData>
						<SimpleData name="sat_ltrip">00:28:00</SimpleData>
						<SimpleData name="sat_span">19:48:00</SimpleData>
						<SimpleData name="sat_trip_freq">68</SimpleData>
						<SimpleData name="sun_ftrip">04:38:00</SimpleData>
						<SimpleData name="sun_ltrip">00:38:00</SimpleData>
						<SimpleData name="sun_span">20:00:00</SimpleData>
						<SimpleData name="sun_trip_freq">40</SimpleData>
						<SimpleData name="Shape__Length">22609.5595709421</SimpleData>
					</SchemaData>
				</ExtendedData>
				<MultiGeometry>
					<LineString>
						<coordinates>-93.1262019997309,44.941315999755 -93.1260629997569,44.9413160002367 -93.1240199995045,44.9413170001963 -93.12401399989,44.9406420000096 -93.1239910004613,44.9405750004244 -93.1239610004169,44.9405089995552 -93.1239239994013,44.9404450002223 -93.1238789995411,44.9403840000252 -93.1238280000499,44.9403250002631 -93.1237700001286,44.9402699995615 -93.1237060006007,44.9402170001771 -93.1236370003389,44.9401689995922 -93.1236569997775,44.9399210001047 -93.1261990005583,44.9399179997991 -93.1261999996616,44.9401709996587 -93.1262019997309,44.941315999755</coordinates>
					</LineString>
					<LineString>
						<coordinates>-93.1262019997309,44.941315999755 -93.1262109996189,44.9418040001631 -93.1262190003531,44.9422639999504</coordinates>
					</LineString>
					<LineString>
						<coordinates>-93.1262190003531,44.9422639999504 -93.1262200004924,44.9423669999541 -93.126231999604,44.9431539999031 -93.1262350004499,44.9433809995781</coordinates>
					</LineString>
					<LineString>
						<coordinates>-93.1262350004499,44.9433809995781 -93.1262409996367,44.9438129997737 -93.1262439996357,44.9440390001992</coordinates>
					</LineString>
					<LineString>
						<coordinates>-93.1262439996357,44.9440390001992 -93.126249000156,44.9443859999092</coordinates>
					</LineString>
					<LineString>
						<coordinates>-93.126249000156,44.9443859999092 -93.1262569996299,44.9449330003663 -93.1262639996198,44.9454010001941 -93.1262690000857,44.9457600004053</coordinates>
					</LineString>
					<LineString>
						<coordinates>-93.1262690000857,44.9457600004053 -93.1262790003966,44.9464730001415 -93.1262810003997,44.9465700000215</coordinates>
					</LineString>
					<LineString>
						<coordinates>-93.1262810003997,44.9465700000215 -93.1262929997423,44.9473949995742</coordinates>
					</LineString>
					<LineString>
						<coordinates>-93.1262929997423,44.9473949995742 -93.1263080002384,44.9484230000183 -93.1263089999844,44.9485280001568</coordinates>
					</LineString>
					<LineString>
						<coordinates>-93.1263089999844,44.9485280001568 -93.1263110643404,44.9488594707706</coordinates>
					</LineString>
					<LineString>
						<coordinates>-93.1263110643404,44.9488594707706 -93.1263140000271,44.9493309999539 -93.1263139997078,44.949431999789</coordinates>
					</LineString>
					<LineString>
						<coordinates>-93.1263139997078,44.949431999789 -93.1263199998322,44.9503359999712</coordinates>
					</LineString>
					<LineString>
						<coordinates>-93.1263199998322,44.9503359999712 -93.1262700000626,44.9503599997019 -93.1261759998824,44.9511310003078 -93.1261709997354,44.9511759996568 -93.1261710004421,44.9512770003581 -93.1261669995044,44.9516339999994 -93.1261649995918,44.9518090002817 -93.1261620002814,44.9521250000554 -93.1261639994297,44.9526440002708 -93.1261909995744,44.9528769998946 -93.1261829996182,44.9530329999401 -93.1261910004353,44.9539209998898 -93.1261939994678,44.9542100004196 -93.1261990004986,44.9548120000679 -93.1262160005768,44.9556489997733 -93.1262159998249,44.9557250000468 -93.1262160002919,44.9557790003342 -93.1262150000405,44.9560630000779 -93.1262150001713,44.95622500003 -93.1263050006282,44.9566249997036</coordinates>
					</LineString>
					<LineString>
						<coordinates>-93.1263050006282,44.9566249997036 -93.1263190003897,44.9574179997897 -93.1263209998036,44.9575329998735</coordinates>
					</LineString>
					<LineString>
						<coordinates>-93.1263209998036,44.9575329998735 -93.1263170000386,44.9584299999761</coordinates>
					</LineString>
					<LineString>
						<coordinates>-93.1263170000386,44.9584299999761 -93.1262599999986,44.9585640000755 -93.1262150004255,44.9592029996088 -93.1262050001782,44.9593369999225 -93.1262730001549,44.960121000072 -93.1263299997349,44.9602490002654</coordinates>
					</LineString>
					<LineString>
						<coordinates>-93.1263299997349,44.9602490002654 -93.1263360003375,44.9610489996378 -93.1263370005026,44.9611499999585</coordinates>
					</LineString>
					<LineString>
						<coordinates>-93.1263370005026,44.9611499999585 -93.126333000178,44.9620489997338</coordinates>
					</LineString>
					<LineString>
						<coordinates>-93.126333000178,44.9620489997338 -93.1262890005395,44.9621539998789 -93.1262459997009,44.9628070003024 -93.1262369996184,44.9629550002188 -93.1262509998805,44.9657510003229 -93.1262540003872,44.9663090001729 -93.1261400004102,44.9674650002807 -93.1261719998928,44.9682550002371 -93.126175999669,44.968364999996 -93.1261810001406,44.9699429996668 -93.1262779995524,44.9701680003628</coordinates>
					</LineString>
					<LineString>
						<coordinates>-93.1262779995524,44.9701680003628 -93.1262129997722,44.9703059995831 -93.1262279996612,44.9704749995915 -93.1262539995824,44.9707660001989 -93.1263599994859,44.9710170002466</coordinates>
					</LineString>
					<LineString>
						<coordinates>-93.1263599994859,44.9710170002466 -93.1263600004235,44.9715169995805 -93.1263600000275,44.9717229998379 -93.1263600005131,44.9718780003098 -93.1263599999635,44.9719690003535 -93.1263590002142,44.972663000405 -93.1263580004398,44.9731820002611 -93.1263580002778,44.9737299997105 -93.1263579997762,44.9737650002703</coordinates>
					</LineString>
					<LineString>
						<coordinates>-93.1263579997762,44.9737650002703 -93.1263560001037,44.9752949995883</coordinates>
					</LineString>
					<LineString>
						<coordinates>-93.1263560001037,44.9752949995883 -93.1263559997232,44.9755009997088 -93.1263559996753,44.9755980004052</coordinates>
					</LineString>
					<LineString>
						<coordinates>-93.1263559996753,44.9755980004052 -93.1263549994489,44.9764610002195</coordinates>
					</LineString>
					<LineString>
						<coordinates>-93.1263549994489,44.9764610002195 -93.1263540005618,44.9772529996083 -93.1263540002359,44.9773619998935</coordinates>
					</LineString>
					<LineString>
						<coordinates>-93.1263540002359,44.9773619998935 -93.1263179996951,44.9790620000936 -93.1263160003669,44.979160000358</coordinates>
					</LineString>
					<LineString>
						<coordinates>-93.1263160003669,44.979160000358 -93.1263041907742,44.9798445090181</coordinates>
					</LineString>
					<LineString>
						<coordinates>-93.1263041907742,44.9798445090181 -93.1262870004966,44.9808409999354 -93.1262839998775,44.9809700004202</coordinates>
					</LineString>
					<LineString>
						<coordinates>-93.1262839998775,44.9809700004202 -93.1262509997606,44.9826709999214 -93.1262500000702,44.9827420003519</coordinates>
					</LineString>
					<LineString>
						<coordinates>-93.1262500000702,44.9827420003519 -93.1262169994645,44.9844869999601 -93.126215,44.9845770000939</coordinates>
					</LineString>
					<LineString>
						<coordinates>-93.126215,44.9845770000939 -93.1261899993962,44.9861360000969</coordinates>
					</LineString>
					<LineString>
						<coordinates>-93.1261899993962,44.9861360000969 -93.1261872476002,44.9862855408339</coordinates>
					</LineString>
					<LineString>
						<coordinates>-93.1261872476002,44.9862855408339 -93.1261870005984,44.9862989999224 -93.1261859999855,44.9863760001076</coordinates>
					</LineString>
					<LineString>
						<coordinates>-93.1261859999855,44.9863760001076 -93.1261729995506,44.9871769998202 -93.1261650005365,44.9876530001772</coordinates>
					</LineString>
					<LineString>
						<coordinates>-93.1261650005365,44.9876530001772 -93.1261564230907,44.9882158096093</coordinates>
					</LineString>
					<LineString>
						<coordinates>-93.1261564230907,44.9882158096093 -93.1261439997546,44.9890309999896 -93.1261429997875,44.9890799995848</coordinates>
					</LineString>
					<LineString>
						<coordinates>-93.1261429997875,44.9890799995848 -93.1261140001461,44.9908619997874</coordinates>
					</LineString>
					<LineString>
						<coordinates>-93.1261140001461,44.9908619997874 -93.1261020005574,44.9916319995692 -93.1260990003354,44.9917940000209</coordinates>
					</LineString>
					<LineString>
						<coordinates>-93.1260990003354,44.9917940000209 -93.1260970001341,44.9923380003237</coordinates>
					</LineString>
					<LineString>
						<coordinates>-93.1260970001341,44.9923380003237 -93.1260899994221,44.9953739999042 -93.1260790002856,44.9970260002411 -93.1260720006269,44.9980570001739 -93.1260810000778,44.9989550003474</coordinates>
					</LineString>
					<LineString>
						<coordinates>-93.1260810000778,44.9989550003474 -93.1260970003131,45.0004669997651 -93.1260990004989,45.0005760000973</coordinates>
					</LineString>
					<LineString>
						<coordinates>-93.1260990004989,45.0005760000973 -93.1261079995639,45.0013559999228</coordinates>
					</LineString>
					<LineString>
						<coordinates>-93.1261079995639,45.0013559999228 -93.126111000096,45.0017810000371 -93.1261149997297,45.0020089999879</coordinates>
					</LineString>
					<LineString>
						<coordinates>-93.1261149997297,45.0020089999879 -93.126119999868,45.0025010000692 -93.1261209999555,45.0025520002677</coordinates>
					</LineString>
					<LineString>
						<coordinates>-93.1261209999555,45.0025520002677 -93.1261219936739,45.0026400001818 -93.1261369996781,45.0039760004355</coordinates>
					</LineString>
					<LineString>
						<coordinates>-93.1261369996781,45.0039760004355 -93.1261459999972,45.0047520002371 -93.1261459994388,45.0047980000532</coordinates>
					</LineString>
					<LineString>
						<coordinates>-93.1261459994388,45.0047980000532 -93.1261609995779,45.0061509999268</coordinates>
					</LineString>
					<LineString>
						<coordinates>-93.1261609995779,45.0061509999268 -93.1265519994326,45.0061559999876 -93.1274020186114,45.006167046375</coordinates>
					</LineString>
					<LineString>
						<coordinates>-93.1274020186114,45.006167046375 -93.128091000424,45.0061759995815 -93.1310190002363,45.0062130003722 -93.1312220000597,45.0062149997837</coordinates>
					</LineString>
					<LineString>
						<coordinates>-93.1312220000597,45.0062149997837 -93.1318780001794,45.0062230003286</coordinates>
					</LineString>
					<LineString>
						<coordinates>-93.1318780001794,45.0062230003286 -93.1361220004194,45.0062770031538</coordinates>
					</LineString>
					<LineString>
						<coordinates>-93.1361220004194,45.0062770031538 -93.1362810005611,45.0062790000977</coordinates>
					</LineString>
					<LineString>
						<coordinates>-93.1362810005611,45.0062790000977 -93.1429029994381,45.0063720004174 -93.1430150002313,45.0063729998622</coordinates>
					</LineString>
					<LineString>
						<coordinates>-93.1430150002313,45.0063729998622 -93.1461600005612,45.0064170002561 -93.1464139999937,45.0064210003299</coordinates>
					</LineString>
					<LineString>
						<coordinates>-93.1464139999937,45.0064210003299 -93.1513760000106,45.0063500000399 -93.1515080002155,45.0063480003137</coordinates>
					</LineString>
					<LineString>
						<coordinates>-93.1515080002155,45.0063480003137 -93.1527769999246,45.0063300001127</coordinates>
					</LineString>
					<LineString>
						<coordinates>-93.1527769999246,45.0063300001127 -93.1538889996387,45.006313999655 -93.1540529993755,45.0063109996613</coordinates>
					</LineString>
					<LineString>
						<coordinates>-93.1540529993755,45.0063109996613 -93.1563139999514,45.0062789997513 -93.15659900044,45.0062750004471</coordinates>
					</LineString>
					<LineString>
						<coordinates>-93.15659900044,45.0062750004471 -93.159260999616,45.0062489999514</coordinates>
					</LineString>
					<LineString>
						<coordinates>-93.159260999616,45.0062489999514 -93.1594568044142,45.0062473233342</coordinates>
					</LineString>
					<LineString>
						<coordinates>-93.1594568044142,45.0062473233342 -93.1597279994493,45.0062449999509 -93.1604599996859,45.0062370000498</coordinates>
					</LineString>
					<LineString>
						<coordinates>-93.1604599996859,45.0062370000498 -93.16169100032,45.0062249998714</coordinates>
					</LineString>
					<LineString>
						<coordinates>-93.16169100032,45.0062249998714 -93.1629410000777,45.006212999828 -93.163106000537,45.0062109999226</coordinates>
					</LineString>
					<LineString>
						<coordinates>-93.163106000537,45.0062109999226 -93.1644810000266,45.0061979996629</coordinates>
					</LineString>
					<LineString>
						<coordinates>-93.1644810000266,45.0061979996629 -93.1659660001181,45.006183000159 -93.1661590005037,45.0061810001591</coordinates>
					</LineString>
					<LineString>
						<coordinates>-93.1661590005037,45.0061810001591 -93.1663699998756,45.0061770003938</coordinates>
					</LineString>
					<LineString>
						<coordinates>-93.1663699998756,45.0061770003938 -93.1663480005808,45.0078149997082 -93.1663649995159,45.0098099999288 -93.1663629997814,45.0100559999096 -93.166362000412,45.0103600004422 -93.1663610005199,45.0106590003976 -93.1663699994257,45.0108409996354 -93.1663889996396,45.0110229995994 -93.166415999628,45.0112040003881 -93.1664519994623,45.0113839996383 -93.1664969995926,45.0115640001537 -93.1665519993885,45.0117420002419 -93.1666290001257,45.0119769997979 -93.1666959994988,45.0122139997119 -93.1667539995888,45.0124520002265 -93.1668010005938,45.0126919998869 -93.1668390004474,45.0129320000649 -93.1668600005817,45.0131180001103 -93.1668750002091,45.0133410004513 -93.1668860000749,45.0134920003726</coordinates>
					</LineString>
					<LineString>
						<coordinates>-93.1668860000749,45.0134920003726 -93.166995000206,45.0135320003499 -93.1670870001405,45.0135730000024</coordinates>
					</LineString>
					<LineString>
						<coordinates>-93.1670870001405,45.0135730000024 -93.1673910003607,45.013711999775 -93.168104999556,45.0141059997045 -93.1683939994143,45.0142650004033</coordinates>
					</LineString>
					<LineString>
						<coordinates>-93.1683939994143,45.0142650004033 -93.1684930003789,45.0143150004027 -93.1685980002658,45.0142360004519 -93.1691350000699,45.0137510002047 -93.1690800004293,45.0136889999943 -93.1690169996389,45.013631000343 -93.1689460002452,45.0135770003338 -93.168870000243,45.0135280001317 -93.1681680001996,45.01312900022 -93.1681119998701,45.0130840002126 -93.1680619999346,45.0130360000137 -93.1680190000327,45.0129839998487 -93.1679809999807,45.0129310003029 -93.1684769995563,45.0125170001769 -93.1685719997682,45.0124379996729 -93.1683810005242,45.0123569995986 -93.1680800002365,45.0122249996979 -93.1679449996339,45.0121639997226 -93.1678919994894,45.0122190000969 -93.1678469996609,45.012277999939 -93.167810999423,45.0123390002664 -93.1677850004694,45.0124029997281 -93.1677679998909,45.0124689996919 -93.1677619999207,45.0125359998092 -93.1677649997838,45.0126020000962 -93.1677779999177,45.0126680000947 -93.1678379997799,45.0128259998458 -93.167893999433,45.0129729997092 -93.1679040003138,45.0129909996245 -93.16794000004,45.013050000108 -93.1679839998399,45.0131050000674 -93.168034000431,45.0131579999584 -93.1680909998175,45.0132069998809 -93.1681539996253,45.0132529996061 -93.1682220003156,45.0132940003724 -93.1685699996257,45.0134680000253 -93.1688510005912,45.013682999651 -93.1688869998609,45.0137690001481 -93.1688550001119,45.013842999927 -93.1687519998308,45.0139340003069 -93.1684899998305,45.0141819998703 -93.1683939994143,45.0142650004033</coordinates>
					</LineString>
					<LineString>
						<coordinates>-93.1668860000749,45.0134920003726 -93.1669190005077,45.0139739997457 -93.1669179995899,45.0140269999316 -93.166907000332,45.0140790002146 -93.1668879993673,45.0141309995864 -93.1668590005526,45.0141799997241 -93.166823000218,45.0142259998441 -93.1667779995133,45.0142690001583 -93.1667270003989,45.014306999651 -93.1666689993801,45.0143409998904 -93.1666049995952,45.0143690000793 -93.1665369998985,45.0143909999936 -93.1664659994546,45.0144080000819 -93.1663930001569,45.0144179995557 -93.1663179994979,45.0144210002153 -93.1662499996348,45.0144179998667 -93.1661829998975,45.0144079999408 -93.1661179998018,45.0143930001094 -93.1660560003348,45.0143719997086 -93.1659990003594,45.014345000339 -93.165948000285,45.014312999766 -93.165902000414,45.0142769995613 -93.1658639996391,45.0142369998766 -93.1658329995125,45.0141939995809 -93.1658100000791,45.0141479999283 -93.1657959995273,45.014100999698 -93.1657910000291,45.0140519996787 -93.1657940000157,45.0140039998605 -93.1659729995237,45.0136040003038 -93.1660060001378,45.01353300021 -93.1661439998035,45.0132319999062 -93.1662579997118,45.0133129997037 -93.1666200000066,45.0134130000408 -93.1668860000749,45.0134920003726</coordinates>
					</LineString>
					<LineString>
						<coordinates>-93.1683939994143,45.0142650004033 -93.168096999713,45.0145040001357 -93.1680420001446,45.0145429999125 -93.1679809998717,45.0145779999403 -93.1679150003424,45.0146060002027 -93.1678430006233,45.0146279995733 -93.1677689997107,45.0146440002679 -93.1676919997166,45.0146530000355 -93.1676279996212,45.0146530003706 -93.1675649994774,45.0146460002214 -93.1675039993696,45.0146319999231 -93.1674470001936,45.0146130003693 -93.1673930002525,45.0145880002219 -93.1673460001724,45.0145580000362 -93.1673049998976,45.0145230003854 -93.1672709998548,45.0144839999224 -93.1672459996326,45.0144430004495 -93.1672290000481,45.0143989997232 -93.1672200005666,45.0143539997715 -93.1670929996264,45.0137699997545 -93.1670870001405,45.0135730000024</coordinates>
					</LineString>
					<LineString>
						<coordinates>-93.1670870001405,45.0135730000024 -93.1670760001002,45.0134230002149 -93.1670549996379,45.0132280001126 -93.1670249997616,45.0130349998826 -93.166985999825,45.0128420001953 -93.1669400003351,45.0126500000296 -93.166869999875,45.0124559995782 -93.166808000586,45.0122599997698 -93.1667550005973,45.0120640002841 -93.1667100003431,45.0118659996679 -93.1666740001233,45.0116670001836 -93.1666469998412,45.0114670000393 -93.1666279997657,45.011266999912 -93.1666179998128,45.0110670001472 -93.166616999886,45.0108669998474 -93.1666239995421,45.0106660003599 -93.1666189994249,45.0103600002677 -93.1666129993837,45.0100539998172 -93.1666080002658,45.0097680001403 -93.1666039999483,45.007660999843 -93.1665920002535,45.0061749997218 -93.1663699998756,45.0061770003938</coordinates>
					</LineString>
					<LineString>
						<coordinates>-93.1661590005037,45.0061810001591 -93.1644810000266,45.0061979996629</coordinates>
					</LineString>
					<LineString>
						<coordinates>-93.1644810000266,45.0061979996629 -93.1634380002863,45.00620800025 -93.163106000537,45.0062109999226</coordinates>
					</LineString>
					<LineString>
						<coordinates>-93.163106000537,45.0062109999226 -93.16169100032,45.0062249998714</coordinates>
					</LineString>
					<LineString>
						<coordinates>-93.1604599996859,45.0062370000498 -93.1594568044142,45.0062473233342</coordinates>
					</LineString>
					<LineString>
						<coordinates>-93.1594568044142,45.0062473233342 -93.1593909997207,45.0062480003176 -93.159260999616,45.0062489999514</coordinates>
					</LineString>
					<LineString>
						<coordinates>-93.159260999616,45.0062489999514 -93.1568660000669,45.0062720000656 -93.15659900044,45.0062750004471</coordinates>
					</LineString>
					<LineString>
						<coordinates>-93.15659900044,45.0062750004471 -93.1541730005518,45.00630999965 -93.1540529993755,45.0063109996613</coordinates>
					</LineString>
					<LineString>
						<coordinates>-93.1540529993755,45.0063109996613 -93.1527769999246,45.0063300001127</coordinates>
					</LineString>
					<LineString>
						<coordinates>-93.1527769999246,45.0063300001127 -93.1516659995065,45.0063460001185 -93.1515080002155,45.0063480003137</coordinates>
					</LineString>
					<LineString>
						<coordinates>-93.1515080002155,45.0063480003137 -93.1467539998676,45.0064159999672 -93.1464139999937,45.0064210003299</coordinates>
					</LineString>
					<LineString>
						<coordinates>-93.1464139999937,45.0064210003299 -93.1431220001293,45.0063750001762 -93.1430150002313,45.0063729998622</coordinates>
					</LineString>
					<LineString>
						<coordinates>-93.1430150002313,45.0063729998622 -93.1364539995352,45.0062809998996 -93.1362810005611,45.0062790000977</coordinates>
					</LineString>
					<LineString>
						<coordinates>-93.1361220004194,45.0062770031538 -93.1319760001797,45.0062249998729 -93.1318780001794,45.0062230003286</coordinates>
					</LineString>
					<LineString>
						<coordinates>-93.1312220000597,45.0062149997837 -93.1282060003211,45.0061770002834 -93.1274020186114,45.006167046375</coordinates>
					</LineString>
					<LineString>
						<coordinates>-93.1274020186114,45.006167046375 -93.1264290003032,45.0061550001744 -93.1261609995779,45.0061509999268</coordinates>
					</LineString>
					<LineString>
						<coordinates>-93.1261609995779,45.0061509999268 -93.1261479995748,45.0049189998618 -93.1261459994388,45.0047980000532</coordinates>
					</LineString>
					<LineString>
						<coordinates>-93.1261459994388,45.0047980000532 -93.1261369996781,45.0039760004355</coordinates>
					</LineString>
					<LineString>
						<coordinates>-93.1261209999555,45.0025520002677 -93.1261149997297,45.0020089999879</coordinates>
					</LineString>
					<LineString>
						<coordinates>-93.1261079995639,45.0013559999228 -93.1260990000243,45.0006289998459 -93.1260990004989,45.0005760000973</coordinates>
					</LineString>
					<LineString>
						<coordinates>-93.1260990004989,45.0005760000973 -93.1260810000778,44.9989550003474</coordinates>
					</LineString>
					<LineString>
						<coordinates>-93.1260970001341,44.9923380003237 -93.1260980004269,44.9919309998689 -93.1260990003354,44.9917940000209</coordinates>
					</LineString>
					<LineString>
						<coordinates>-93.1260990003354,44.9917940000209 -93.1261140001461,44.9908619997874</coordinates>
					</LineString>
					<LineString>
						<coordinates>-93.1261140001461,44.9908619997874 -93.126140999958,44.9891740001097 -93.1261429997875,44.9890799995848</coordinates>
					</LineString>
					<LineString>
						<coordinates>-93.1261429997875,44.9890799995848 -93.1261564230907,44.9882158096093</coordinates>
					</LineString>
					<LineString>
						<coordinates>-93.1261564230907,44.9882158096093 -93.1261640005608,44.9877280001104 -93.1261650005365,44.9876530001772</coordinates>
					</LineString>
					<LineString>
						<coordinates>-93.1261650005365,44.9876530001772 -93.1261859999855,44.9863760001076</coordinates>
					</LineString>
					<LineString>
						<coordinates>-93.1261859999855,44.9863760001076 -93.1261872476002,44.9862855408339</coordinates>
					</LineString>
					<LineString>
						<coordinates>-93.1261872476002,44.9862855408339 -93.1261879993905,44.9862309998879 -93.1261899993962,44.9861360000969</coordinates>
					</LineString>
					<LineString>
						<coordinates>-93.1261899993962,44.9861360000969 -93.1262130004988,44.9846929996659 -93.126215,44.9845770000939</coordinates>
					</LineString>
					<LineString>
						<coordinates>-93.126215,44.9845770000939 -93.1262480005679,44.9828249996931 -93.1262500000702,44.9827420003519</coordinates>
					</LineString>
					<LineString>
						<coordinates>-93.1262500000702,44.9827420003519 -93.126282000038,44.9811100001883 -93.1262839998775,44.9809700004202</coordinates>
					</LineString>
					<LineString>
						<coordinates>-93.1262839998775,44.9809700004202 -93.1263041907742,44.9798445090181</coordinates>
					</LineString>
					<LineString>
						<coordinates>-93.1263041907742,44.9798445090181 -93.1263149995922,44.9792420003304 -93.1263160003669,44.979160000358</coordinates>
					</LineString>
					<LineString>
						<coordinates>-93.1263160003669,44.979160000358 -93.1263520001524,44.9774699995702 -93.1263540002359,44.9773619998935</coordinates>
					</LineString>
					<LineString>
						<coordinates>-93.1263540002359,44.9773619998935 -93.1263549994489,44.9764610002195</coordinates>
					</LineString>
					<LineString>
						<coordinates>-93.1263549994489,44.9764610002195 -93.1263560005538,44.9756960003173 -93.1263559996753,44.9755980004052</coordinates>
					</LineString>
					<LineString>
						<coordinates>-93.1263560001037,44.9752949995883 -93.1263579996547,44.9738920000606 -93.1263579997762,44.9737650002703</coordinates>
					</LineString>
					<LineString>
						<coordinates>-93.1263599994859,44.9710170002466 -93.126361000282,44.9704540003379 -93.1263609998363,44.9703920001343 -93.1262779995524,44.9701680003628</coordinates>
					</LineString>
					<LineString>
						<coordinates>-93.1262779995524,44.9701680003628 -93.1263619994236,44.9700149998932 -93.1263679993987,44.9685199998217 -93.1263680005219,44.9683640000369 -93.1263720005189,44.9674650003584 -93.126414999973,44.9662879995914 -93.1264110002541,44.9657589998364 -93.1263899998748,44.9629540001148 -93.1263890003001,44.962753999571 -93.1263859997771,44.9621520003579 -93.126333000178,44.9620489997338</coordinates>
					</LineString>
					<LineString>
						<coordinates>-93.126333000178,44.9620489997338 -93.1263370002733,44.9612770000304 -93.1263370005026,44.9611499999585</coordinates>
					</LineString>
					<LineString>
						<coordinates>-93.1263370005026,44.9611499999585 -93.1263299997349,44.9602490002654</coordinates>
					</LineString>
					<LineString>
						<coordinates>-93.1263299997349,44.9602490002654 -93.12636999939,44.9601349998034 -93.1263709995785,44.9594619998718 -93.1263709994011,44.9593359998812 -93.1263669995087,44.95856499978 -93.1263170000386,44.9584299999761</coordinates>
					</LineString>
					<LineString>
						<coordinates>-93.1263170000386,44.9584299999761 -93.1263200003279,44.9577420003069 -93.1263209998036,44.9575329998735</coordinates>
					</LineString>
					<LineString>
						<coordinates>-93.1263209998036,44.9575329998735 -93.1263050006282,44.9566249997036</coordinates>
					</LineString>
					<LineString>
						<coordinates>-93.1263050006282,44.9566249997036 -93.1263809994819,44.9559220000476 -93.1263959998748,44.9557780000858 -93.1263939995581,44.9557250003333 -93.1263910004319,44.955648999779 -93.1263880005863,44.9548119999103 -93.1263739996736,44.9540439998283 -93.1263720001412,44.9539219997188 -93.1263670003633,44.9532889997873 -93.1263660002668,44.9530320000235 -93.1263509997007,44.9526879996749 -93.1263299998249,44.9521230004407 -93.1263279995636,44.9518069998914 -93.1263269995488,44.951632000224 -93.1263250003224,44.9512760001352 -93.1263439997336,44.9511789996118 -93.126364000174,44.9504700001795 -93.1263679999287,44.9503579999861 -93.1263199998322,44.9503359999712</coordinates>
					</LineString>
					<LineString>
						<coordinates>-93.1263199998322,44.9503359999712 -93.126315000192,44.9495719997159 -93.1263139997078,44.949431999789</coordinates>
					</LineString>
					<LineString>
						<coordinates>-93.1263139997078,44.949431999789 -93.1263110643404,44.9488594707706</coordinates>
					</LineString>
					<LineString>
						<coordinates>-93.1263110643404,44.9488594707706 -93.1263099995714,44.9486519999351 -93.1263089999844,44.9485280001568</coordinates>
					</LineString>
					<LineString>
						<coordinates>-93.1263089999844,44.9485280001568 -93.1262929997423,44.9473949995742</coordinates>
					</LineString>
					<LineString>
						<coordinates>-93.1262810003997,44.9465700000215 -93.1262769993846,44.9463049995815 -93.1262690000857,44.9457600004053</coordinates>
					</LineString>
					<LineString>
						<coordinates>-93.126249000156,44.9443859999092 -93.1262459997996,44.9441720000864 -93.1262439996357,44.9440390001992</coordinates>
					</LineString>
					<LineString>
						<coordinates>-93.1262439996357,44.9440390001992 -93.1262350004499,44.9433809995781</coordinates>
					</LineString>
					<LineString>
						<coordinates>-93.1262190003531,44.9422639999504 -93.1262019997309,44.941315999755</coordinates>
					</LineString>
				</MultiGeometry>
			</Placemark>
			<Placemark id="Metro_Transit_Routes.5">
				<Style>
					<LineStyle>
						<color>ff0000ff</color>
					</LineStyle>
					<PolyStyle>
						<fill>0</fill>
					</PolyStyle>
				</Style>
				<ExtendedData>
					<SchemaData schemaUrl="#Metro_Transit_Routes">
						<SimpleData name="OBJECTID">106</SimpleData>
						<SimpleData name="route">72</SimpleData>
						<SimpleData name="routesort">72</SimpleData>
						<SimpleData name="RouteDescription">Midway-Selby Av-Burns Av-Sunray</SimpleData>
						<SimpleData name="RouteOperator">P</SimpleData>
						<SimpleData name="EffectiveDate">2026/03/14 00:00:00+00</SimpleData>
						<SimpleData name="payleavedirectionid">0</SimpleData>
						<SimpleData name="routepayleave">0</SimpleData>
						<SimpleData name="RouteClass">CoreLoc     </SimpleData>
						<SimpleData name="IsPublic">1</SimpleData>
						<SimpleData name="wk_ftrip">04:34:00</SimpleData>
						<SimpleData name="wk_ltrip">22:37:00</SimpleData>
						<SimpleData name="wk_span">18:03:00</SimpleData>
						<SimpleData name="wk_trip_freq">68</SimpleData>
						<SimpleData name="sat_ftrip">06:54:00</SimpleData>
						<SimpleData name="sat_ltrip">22:06:00</SimpleData>
						<SimpleData name="sat_span">15:12:00</SimpleData>
						<SimpleData name="sat_trip_freq">57</SimpleData>
						<SimpleData name="sun_ftrip">06:56:00</SimpleData>
						<SimpleData name="sun_ltrip">22:05:00</SimpleData>
						<SimpleData name="sun_span">15:09:00</SimpleData>
						<SimpleData name="sun_trip_freq">57</SimpleData>
						<SimpleData name="Shape__Length">29802.3831172746</SimpleData>
					</SchemaData>
				</ExtendedData>
				<MultiGeometry>
					<LineString>
						<coordinates>-93.1568120002671,44.9521969996552 -93.1568099998915,44.9518529998106 -93.1568099996963,44.9516559999401 -93.1568089998202,44.9513199996714</coordinates>
					</LineString>
					<LineString>
						<coordinates>-93.1568089998202,44.9513199996714 -93.1568080001884,44.9510190000818 -93.1568010004272,44.9486740001854</coordinates>
					</LineString>
					<LineString>
						<coordinates>-93.1568010004272,44.9486740001854 -93.1568009994721,44.9485200001063 -93.1568039999581,44.947463999824 -93.1568080004142,44.9466510001111</coordinates>
					</LineString>
					<LineString>
						<coordinates>-93.1568080004142,44.9466510001111 -93.156620000269,44.9466490003814</coordinates>
					</LineString>
					<LineString>
						<coordinates>-93.156620000269,44.9466490003814 -93.1562270002277,44.9466459999681 -93.1542749998717,44.9466300004409</coordinates>
					</LineString>
					<LineString>
						<coordinates>-93.1542749998717,44.9466300004409 -93.1518929996647,44.9466259998191 -93.151718999487,44.946625999754</coordinates>
					</LineString>
					<LineString>
						<coordinates>-93.151718999487,44.946625999754 -93.1508915268009,44.9466249490491</coordinates>
					</LineString>
					<LineString>
						<coordinates>-93.1508915268009,44.9466249490491 -93.1493559999341,44.9466230003155 -93.1491860002966,44.9466220000377</coordinates>
					</LineString>
					<LineString>
						<coordinates>-93.1491860002966,44.9466220000377 -93.14671099983,44.9466190003024</coordinates>
					</LineString>
					<LineString>
						<coordinates>-93.14671099983,44.9466190003024 -93.1465559999142,44.9466180002451 -93.1464280001641,44.9466179996938</coordinates>
					</LineString>
					<LineString>
						<coordinates>-93.1464280001641,44.9466179996938 -93.1440860005538,44.9466129999712</coordinates>
					</LineString>
					<LineString>
						<coordinates>-93.1440860005538,44.9466129999712 -93.1417149997866,44.9466059996673 -93.1415419998163,44.9466059999595</coordinates>
					</LineString>
					<LineString>
						<coordinates>-93.1415419998163,44.9466059999595 -93.1390049994514,44.9465989995729</coordinates>
					</LineString>
					<LineString>
						<coordinates>-93.1390049994514,44.9465989995729 -93.1365810003074,44.9466040000701 -93.1364539994676,44.9466039997483</coordinates>
					</LineString>
					<LineString>
						<coordinates>-93.1364539994676,44.9466039997483 -93.1348099995264,44.9465919999597</coordinates>
					</LineString>
					<LineString>
						<coordinates>-93.1348099995264,44.9465919999597 -93.1333830001973,44.9465860003764 -93.1331869994608,44.9465859995696</coordinates>
					</LineString>
					<LineString>
						<coordinates>-93.1331869994608,44.9465859995696 -93.1326529860952,44.9465837836538</coordinates>
					</LineString>
					<LineString>
						<coordinates>-93.1326529860952,44.9465837836538 -93.1317410002113,44.9465799998253 -93.1313670003971,44.9465790002168</coordinates>
					</LineString>
					<LineString>
						<coordinates>-93.1313670003971,44.9465790002168 -93.1298589996616,44.946579000076 -93.1288230006129,44.9465790004089</coordinates>
					</LineString>
					<LineString>
						<coordinates>-93.1288230006129,44.9465790004089 -93.126715999752,44.9465720000555 -93.1262810003997,44.9465700000215</coordinates>
					</LineString>
					<LineString>
						<coordinates>-93.1262810003997,44.9465700000215 -93.1237420004726,44.9465700003293 -93.1212829995268,44.9465699996935 -93.1210579996902,44.9465699998612</coordinates>
					</LineString>
					<LineString>
						<coordinates>-93.1210579996902,44.9465699998612 -93.1205119999684,44.9465700002858 -93.1186789994727,44.9465690004373</coordinates>
					</LineString>
					<LineString>
						<coordinates>-93.1186789994727,44.9465690004373 -93.1181559994922,44.9465660004323 -93.1170998020144,44.9465601261208</coordinates>
					</LineString>
					<LineString>
						<coordinates>-93.1170998020144,44.9465601261208 -93.1163580000226,44.9465559998185 -93.1161070000317,44.9465540002684</coordinates>
					</LineString>
					<LineString>
						<coordinates>-93.1161070000317,44.9465540002684 -93.1147659999748,44.9465519997683</coordinates>
					</LineString>
					<LineString>
						<coordinates>-93.1147659999748,44.9465519997683 -93.1135759998564,44.9465510001158 -93.1134050003404,44.9465509999062</coordinates>
					</LineString>
					<LineString>
						<coordinates>-93.1134050003404,44.9465509999062 -93.112157999492,44.9465480004086 -93.1119499996763,44.9465480001436</coordinates>
					</LineString>
					<LineString>
						<coordinates>-93.1119499996763,44.9465480001436 -93.1119409996352,44.9465479999635 -93.1095679994485,44.9465439998415 -93.108704999544,44.9465439999503</coordinates>
					</LineString>
					<LineString>
						<coordinates>-93.108704999544,44.9465439999503 -93.1085370004859,44.9465440003983 -93.1081009999029,44.9465429997086</coordinates>
					</LineString>
					<LineString>
						<coordinates>-93.1081009999029,44.9465429997086 -93.1080500002457,44.9466119997891 -93.1080069997199,44.9466819996065 -93.1079740004736,44.9467560003485 -93.1079490004142,44.9468309999442 -93.1079339998779,44.9469070001094 -93.1078670005569,44.9475700003727 -93.1078520004976,44.94768499993 -93.1078219994874,44.9478530003832 -93.1077849997001,44.9480189999808 -93.107775000105,44.9480540002331 -93.1077390000689,44.9481839998269 -93.1076610000193,44.948315999645 -93.1075740000112,44.9484450003129 -93.1074800003554,44.9485709999278 -93.1071729994257,44.9489619999532 -93.1062120005357,44.9484559999718 -93.1057400003178,44.9482179999152 -93.1055619995374,44.948128000446 -93.1054169997375,44.9480579997149 -93.1052779997802,44.9479829998529 -93.1051439995079,44.9479030000021 -93.1050170005371,44.9478180001396 -93.1048959996149,44.9477270001865 -93.1047819998367,44.9476329996115 -93.1047140004067,44.9475529998912 -93.1046519999372,44.9474690004396 -93.1045979998288,44.9473829996806 -93.1045529996665,44.9472940001876 -93.1045150001935,44.9472040004468 -93.1044850002667,44.9471130004517 -93.1044039995446,44.9468579998098 -93.1043549996154,44.9467040003531 -93.1043430003461,44.9466689997885 -93.1041519997872,44.9460729996013 -93.1039169996247,44.9453390003809 -93.1037610005829,44.9454459997362</coordinates>
					</LineString>
					<LineString>
						<coordinates>-93.1037610005829,44.9454459997362 -93.1031749996914,44.9459219999354</coordinates>
					</LineString>
					<LineString>
						<coordinates>-93.1031749996914,44.9459219999354 -93.1029850002922,44.9460769997623</coordinates>
					</LineString>
					<LineString>
						<coordinates>-93.1029850002922,44.9460769997623 -93.1027830003109,44.9462410003808 -93.1024830000033,44.9464859996147</coordinates>
					</LineString>
					<LineString>
						<coordinates>-93.1024830000033,44.9464859996147 -93.1017339998933,44.9459729999824 -93.1015510003767,44.9459369999605 -93.1014819994468,44.9458769998572 -93.1014089996096,44.945820000033 -93.1013130000692,44.9457539996487 -93.10121099939,44.9456919995953 -93.1011039999433,44.9456360001174 -93.1009949995593,44.9455860003505 -93.100885000089,44.945543000428 -93.1008830006165,44.9455420002701 -93.1007669999422,44.9455029997285 -93.1006480001776,44.9454689996304 -93.1005260005074,44.9454410000913 -93.1004010004204,44.9454180000778 -93.1002749998182,44.9454019998724 -93.0975620006059,44.9451200003658 -93.0970059994059,44.9451320001648 -93.0966229995207,44.9451399999594 -93.0958419999922,44.9451620000255 -93.095637000225,44.9451420001624 -93.0954519997634,44.9451950003636 -93.0944539993949,44.9456910003459 -93.0932020001243,44.9462639998102 -93.0921439999274,44.946787000293 -93.0920459998702,44.9468349997334 -93.0908200002683,44.9474159998103 -93.0896339994044,44.9479799999938 -93.0894860002886,44.9480490003405 -93.0881239993763,44.9487129998469 -93.0869680003246,44.9492600000803 -93.0873740004164,44.9496889995694 -93.0877339999601,44.9500700000191</coordinates>
					</LineString>
					<LineString>
						<coordinates>-93.0877339999601,44.9500700000191 -93.0885690001216,44.9509099998128 -93.0875230006128,44.9514070003729 -93.0874170004311,44.9514579996007</coordinates>
					</LineString>
					<LineString>
						<coordinates>-93.0874170004311,44.9514579996007 -93.0870199997047,44.9517010004454 -93.0867349999375,44.9519880004105 -93.0866159995259,44.9521070000001 -93.086339000237,44.9523829996416 -93.0862439998068,44.9524609999677 -93.0861409997863,44.9525340002335 -93.0860310004212,44.9526019996643 -93.0859150004777,44.9526640000666 -93.0857929999699,44.9527199996218 -93.0856660004425,44.9527700002604 -93.085533999384,44.9528140001671 -93.0853989998697,44.9528519996276 -93.0852599999891,44.9528820000343 -93.0851469994369,44.9529020003699 -93.0849480004321,44.9529260002687 -93.0847509993997,44.9529570000958 -93.0845549998164,44.952994999699 -93.0843629996565,44.9530390003472 -93.084174000069,44.9530900002184 -93.0840440005008,44.9531289999138 -93.0839169995719,44.9531710003256 -93.0837909994678,44.9532170003515 -93.0833160001443,44.9534179997938 -93.0832839997812,44.9534350000102 -93.0824359999545,44.9538789998562 -93.0820749999269,44.9540530002875 -93.0815829999005,44.9542910002317 -93.0807350003126,44.9547300002725 -93.0798460001035,44.9551610000738 -93.07958999964,44.9552850003673 -93.0783270005858,44.9558979995769 -93.0763870000219,44.956835000153 -93.0759380004481,44.9570359999993</coordinates>
					</LineString>
					<LineString>
						<coordinates>-93.0759380004481,44.9570359999993 -93.075867999456,44.956941999965 -93.0757900000478,44.9568510001588 -93.0757050000354,44.956762999903 -93.0756129994844,44.9566790002042 -93.0746179995365,44.9560140001287 -93.0745890001149,44.9559930003069 -93.0745379998259,44.9559560002843 -93.072698999531,44.9548179998519 -93.0719590006175,44.9542179999736 -93.0716270002955,44.9539679998585 -93.0713009995243,44.9537139999334 -93.0709830001256,44.9534549997828 -93.0708319996631,44.953346000071 -93.0706880005757,44.9532309995904 -93.0705520005071,44.9531119997962 -93.0704230004461,44.9529890004324 -93.0703020006282,44.9528620000066 -93.0701900000121,44.9527309997305 -93.0699740004976,44.9524550003226 -93.0697739993725,44.9522009997195 -93.0695709996541,44.9519409998454 -93.069484999517,44.9518349995859 -93.0693850004054,44.9517459999499 -93.0692309995608,44.9516499997068 -93.0691560000346,44.951570000218 -93.0690710003837,44.9514609995659 -93.0690200001227,44.9513680000753 -93.0689780004375,44.9512440003192 -93.0689419994587,44.9511780004478 -93.0688989997948,44.9511260002051</coordinates>
					</LineString>
					<LineString>
						<coordinates>-93.0688989997948,44.9511260002051 -93.0688830000602,44.9510719996218 -93.0688270004585,44.9509809996989 -93.0687630003887,44.9508920003091 -93.0686919999493,44.9508070001832 -93.0686130002831,44.9507249997855 -93.068527000362,44.9506460003005 -93.0684350003357,44.950571000336</coordinates>
					</LineString>
					<LineString>
						<coordinates>-93.0684350003357,44.950571000336 -93.0682229994175,44.9506890003498 -93.066692999647,44.9515400003917</coordinates>
					</LineString>
					<LineString>
						<coordinates>-93.066692999647,44.9515400003917 -93.0665860000439,44.9515979997311 -93.0647490004746,44.9515529999339</coordinates>
					</LineString>
					<LineString>
						<coordinates>-93.0647490004746,44.9515529999339 -93.0631459998766,44.9515139997185 -93.0629870005081,44.9515099997103</coordinates>
					</LineString>
					<LineString>
						<coordinates>-93.0629870005081,44.9515099997103 -93.0622310001104,44.9514370001055 -93.0619080003503,44.9514049997844 -93.0608290001125,44.9513009996875 -93.0585540000821,44.9513009995881 -93.0584079997659,44.9513009996334 -93.0582749998776,44.9513010000608</coordinates>
					</LineString>
					<LineString>
						<coordinates>-93.0582749998776,44.9513010000608 -93.055883999435,44.9513029998507 -93.0557310000534,44.9513029998984</coordinates>
					</LineString>
					<LineString>
						<coordinates>-93.0557310000534,44.9513029998984 -93.0557219996047,44.9503809999066</coordinates>
					</LineString>
					<LineString>
						<coordinates>-93.0557219996047,44.9503809999066 -93.0557459995224,44.9497129996289 -93.0557489997332,44.9496169998498</coordinates>
					</LineString>
					<LineString>
						<coordinates>-93.0557489997332,44.9496169998498 -93.0557590005214,44.9486940000895</coordinates>
					</LineString>
					<LineString>
						<coordinates>-93.0557590005214,44.9486940000895 -93.0546991512781,44.9486975391007</coordinates>
					</LineString>
					<LineString>
						<coordinates>-93.0546991512781,44.9486975391007 -93.0539619999134,44.9486999998534 -93.0538190004009,44.9486999998158</coordinates>
					</LineString>
					<LineString>
						<coordinates>-93.0538190004009,44.9486999998158 -93.0531690000847,44.9487020002548</coordinates>
					</LineString>
					<LineString>
						<coordinates>-93.0531690000847,44.9487020002548 -93.0516179999514,44.9487070003556</coordinates>
					</LineString>
					<LineString>
						<coordinates>-93.0516179999514,44.9487070003556 -93.0501019996136,44.9487120000517</coordinates>
					</LineString>
					<LineString>
						<coordinates>-93.0501019996136,44.9487120000517 -93.0488719998086,44.9487159997026 -93.0476660004248,44.9487200003973</coordinates>
					</LineString>
					<LineString>
						<coordinates>-93.0476660004248,44.9487200003973 -93.0472680006291,44.9487210003031 -93.0466639993984,44.9487229995838 -93.0455070002957,44.9487259996341 -93.0441500004475,44.9487330002335</coordinates>
					</LineString>
					<LineString>
						<coordinates>-93.0441500004475,44.9487330002335 -93.043030000418,44.9487379998358 -93.0414280001074,44.9487459999498</coordinates>
					</LineString>
					<LineString>
						<coordinates>-93.0414280001074,44.9487459999498 -93.040820999838,44.9487490001466 -93.040535000006,44.9487500004152 -93.0400759995139,44.9487519997161 -93.0396679994851,44.9487540001738</coordinates>
					</LineString>
					<LineString>
						<coordinates>-93.0396679994851,44.9487540001738 -93.0393920931403,44.9487556197136</coordinates>
					</LineString>
					<LineString>
						<coordinates>-93.0393920931403,44.9487556197136 -93.0391570001993,44.9487570004507 -93.0346350002584,44.9487770000967</coordinates>
					</LineString>
					<LineString>
						<coordinates>-93.0346350002584,44.9487770000967 -93.0346109996433,44.9487770001712 -93.031380589643,44.9487877645833</coordinates>
					</LineString>
					<LineString>
						<coordinates>-93.031380589643,44.9487877645833 -93.0304100006142,44.9487909996144 -93.0303540004332,44.9487910001089</coordinates>
					</LineString>
					<LineString>
						<coordinates>-93.0303540004332,44.9487910001089 -93.0292169999919,44.9487109996209</coordinates>
					</LineString>
					<LineString>
						<coordinates>-93.0292169999919,44.9487109996209 -93.0278540002532,44.9487159996221 -93.0277200002942,44.9487169999413</coordinates>
					</LineString>
					<LineString>
						<coordinates>-93.0277200002942,44.9487169999413 -93.0253829994381,44.9487249996335 -93.0252169994534,44.9487250003996</coordinates>
					</LineString>
					<LineString>
						<coordinates>-93.0252169994534,44.9487250003996 -93.0252009993763,44.9475930002107</coordinates>
					</LineString>
					<LineString>
						<coordinates>-93.0252009993763,44.9475930002107 -93.0251869996782,44.9465669998577 -93.0251849996729,44.9464430002686</coordinates>
					</LineString>
					<LineString>
						<coordinates>-93.0251849996729,44.9464430002686 -93.0251699995086,44.9453830002167</coordinates>
					</LineString>
					<LineString>
						<coordinates>-93.0251699995086,44.9453830002167 -93.0251619998834,44.9447709999639 -93.0251460004312,44.9435859996008 -93.0249680001863,44.9435859999459 -93.0249450005604,44.9435859995707 -93.0247439993799,44.9435800002425 -93.0245449996745,44.9435680002856 -93.0243460000511,44.943550000137 -93.0241479993972,44.9435259995855</coordinates>
					</LineString>
					<LineString>
						<coordinates>-93.0241479993972,44.9435259995855 -93.0241050000781,44.9435189996983 -93.0239519999855,44.9434950001023</coordinates>
					</LineString>
					<LineString>
						<coordinates>-93.0239519999855,44.9434950001023 -93.0237970002775,44.9434689995693 -93.0236450006099,44.9434390004085 -93.0234940004193,44.9434040002187 -93.023345000239,44.9433649998235 -93.0231580002293,44.9433059999601 -93.0229740001403,44.9432420003657 -93.0227940004922,44.943174000079 -93.0214860003387,44.9426420002859</coordinates>
					</LineString>
					<LineString>
						<coordinates>-93.0214860003387,44.9426420002859 -93.0206770001136,44.9423429999122 -93.0205069999621,44.9422810003469</coordinates>
					</LineString>
					<LineString>
						<coordinates>-93.0205069999621,44.9422810003469 -93.0189009997342,44.9417059997277</coordinates>
					</LineString>
					<LineString>
						<coordinates>-93.0189009997342,44.9417059997277 -93.0175930002557,44.94124399994 -93.0174450005915,44.9412000000575 -93.017295000016,44.9411610000086 -93.0171419997103,44.9411269999356 -93.016985999935,44.9410989999511 -93.0168490003892,44.9410809999982 -93.0167099994539,44.9410669997721 -93.0165710006,44.9410600002487 -93.0164310006209,44.9410580004231 -93.0162909995304,44.9410610001489</coordinates>
					</LineString>
					<LineString>
						<coordinates>-93.0162909995304,44.9410610001489 -93.0151819994592,44.9410599998015 -93.0150180001157,44.9410599998805</coordinates>
					</LineString>
					<LineString>
						<coordinates>-93.0150180001157,44.9410599998805 -93.0150340004299,44.9424180003035 -93.0150343241161,44.9424343650323</coordinates>
					</LineString>
					<LineString>
						<coordinates>-93.0150343241161,44.9424343650323 -93.0150360003226,44.9425189999986</coordinates>
					</LineString>
					<LineString>
						<coordinates>-93.0150360003226,44.9425189999986 -93.0150389994047,44.9441750000547 -93.0150389998258,44.9442640002936</coordinates>
					</LineString>
					<LineString>
						<coordinates>-93.0150389998258,44.9442640002936 -93.0150650001889,44.9450400003574 -93.0150669997245,44.9451099997652</coordinates>
					</LineString>
					<LineString>
						<coordinates>-93.0150669997245,44.9451099997652 -93.0150719996308,44.9455529999652</coordinates>
					</LineString>
					<LineString>
						<coordinates>-93.0150719996308,44.9455529999652 -93.0150779994064,44.9459850004377 -93.0150930001259,44.9472280000067 -93.0150940005599,44.9473789996214</coordinates>
					</LineString>
					<LineString>
						<coordinates>-93.0150940005599,44.9473789996214 -93.0151079995791,44.9485119998568 -93.0151099998189,44.9486420003169</coordinates>
					</LineString>
					<LineString>
						<coordinates>-93.0151099998189,44.9486420003169 -93.0151140005838,44.9494149996106 -93.0151149994877,44.9495259996436</coordinates>
					</LineString>
					<LineString>
						<coordinates>-93.0151149994877,44.9495259996436 -93.0151159995425,44.9499069995992 -93.0151300001979,44.9502749998096 -93.0151489996451,44.9507830003363 -93.0151530001059,44.9514269997026 -93.0151539997205,44.9515739996145 -93.0151559998997,44.9518859998352 -93.0151519998817,44.9520100002774</coordinates>
					</LineString>
					<LineString>
						<coordinates>-93.0151519998817,44.9520100002774 -93.0151400002033,44.9523790003189 -93.0151330003269,44.9525789996623</coordinates>
					</LineString>
					<LineString>
						<coordinates>-93.0151330003269,44.9525789996623 -93.0150170001738,44.9525729998355 -93.0149030000006,44.9525599996721 -93.0147910003617,44.9525420003231 -93.0146799995122,44.9525180000003 -93.0145720005184,44.9524880002513 -93.0144679998538,44.9524520000581 -93.0143680003286,44.9524109995537 -93.0142719994249,44.9523649996491 -93.0141809999392,44.9523140002297 -93.0140959995906,44.9522580002841 -93.0136969999123,44.9520300001622 -93.0134500005654,44.9518909998609 -93.0133319999532,44.951840000237 -93.0132019998283,44.9517859997098 -93.0131030003865,44.9517519997367 -93.0129650004558,44.9517109996518 -93.0128430001395,44.9516789996067 -93.0127349999323,44.9516549997529 -93.0125930000887,44.9516279995819 -93.0126010001526,44.9527899998928 -93.0126020005288,44.9529180001643 -93.0126050002713,44.9533939996246 -93.0126059994293,44.9536089997304 -93.0126080000995,44.9538469998314 -93.0126089997149,44.9540640001646 -93.0151379995891,44.9540759995786 -93.0151369994575,44.9535749996172 -93.0151330003269,44.9525789996623</coordinates>
					</LineString>
					<LineString>
						<coordinates>-93.1568120002671,44.9521969996552 -93.1619009997859,44.9521660002246 -93.1619009996047,44.9530700003029 -93.1619020003365,44.9531359997666 -93.1619029998587,44.9556120004005 -93.1612860001948,44.9556149996907 -93.1570769998844,44.9556360004077 -93.1568209997854,44.9556370003633</coordinates>
					</LineString>
					<LineString>
						<coordinates>-93.1568209997854,44.9556370003633 -93.1568162503033,44.9538917153408</coordinates>
					</LineString>
					<LineString>
						<coordinates>-93.1568162503033,44.9538917153408 -93.1568135099563,44.9528849918998</coordinates>
					</LineString>
					<LineString>
						<coordinates>-93.1568135099563,44.9528849918998 -93.1568119998731,44.9523299997622 -93.1568120002671,44.9521969996552</coordinates>
					</LineString>
					<LineString>
						<coordinates>-93.1568209997854,44.9556370003633 -93.1542780003525,44.9556429998172 -93.1542780006268,44.9534670003032 -93.1542739999845,44.9528079997103 -93.1542710004187,44.9522599995994 -93.154588999892,44.9522620001391 -93.1561839993764,44.9521819995837 -93.1563929996753,44.9521899999154 -93.1566019994806,44.9521950003976 -93.1568120002671,44.9521969996552</coordinates>
					</LineString>
					<LineString>
						<coordinates>-93.0151330003269,44.9525789996623 -93.0151519998817,44.9520100002774</coordinates>
					</LineString>
					<LineString>
						<coordinates>-93.0151149994877,44.9495259996436 -93.0151149997897,44.9495030004124 -93.0151099998189,44.9486420003169</coordinates>
					</LineString>
					<LineString>
						<coordinates>-93.0151099998189,44.9486420003169 -93.0151060004398,44.9483039996757 -93.0150940005599,44.9473789996214</coordinates>
					</LineString>
					<LineString>
						<coordinates>-93.0150719996308,44.9455529999652 -93.0150690004589,44.9452960000392 -93.0150669997245,44.9451099997652</coordinates>
					</LineString>
					<LineString>
						<coordinates>-93.0150669997245,44.9451099997652 -93.0150389998258,44.9442640002936</coordinates>
					</LineString>
					<LineString>
						<coordinates>-93.0150389998258,44.9442640002936 -93.0150379999524,44.9439930001082 -93.0150360003226,44.9425189999986</coordinates>
					</LineString>
					<LineString>
						<coordinates>-93.0150360003226,44.9425189999986 -93.0150349995377,44.9424920003734 -93.0150343241161,44.9424343650323</coordinates>
					</LineString>
					<LineString>
						<coordinates>-93.0150343241161,44.9424343650323 -93.0150199995484,44.9412129997774 -93.0150180001157,44.9410599998805</coordinates>
					</LineString>
					<LineString>
						<coordinates>-93.0150180001157,44.9410599998805 -93.0162909995304,44.9410610001489</coordinates>
					</LineString>
					<LineString>
						<coordinates>-93.0189009997342,44.9417059997277 -93.0204380001153,44.9422559997036 -93.0205069999621,44.9422810003469</coordinates>
					</LineString>
					<LineString>
						<coordinates>-93.0205069999621,44.9422810003469 -93.0214860003387,44.9426420002859</coordinates>
					</LineString>
					<LineString>
						<coordinates>-93.0239519999855,44.9434950001023 -93.0241479993972,44.9435259995855</coordinates>
					</LineString>
					<LineString>
						<coordinates>-93.0251699995086,44.9453830002167 -93.0251849997565,44.9464200001248 -93.0251849996729,44.9464430002686</coordinates>
					</LineString>
					<LineString>
						<coordinates>-93.0251849996729,44.9464430002686 -93.0252009993763,44.9475930002107</coordinates>
					</LineString>
					<LineString>
						<coordinates>-93.0252009993763,44.9475930002107 -93.0252110005156,44.9483390000401 -93.0252169994534,44.9487250003996</coordinates>
					</LineString>
					<LineString>
						<coordinates>-93.0252169994534,44.9487250003996 -93.0275429995863,44.9487169995563 -93.0277200002942,44.9487169999413</coordinates>
					</LineString>
					<LineString>
						<coordinates>-93.0277200002942,44.9487169999413 -93.0292169999919,44.9487109996209</coordinates>
					</LineString>
					<LineString>
						<coordinates>-93.0292169999919,44.9487109996209 -93.0302200001665,44.9487820003285 -93.0303540004332,44.9487910001089</coordinates>
					</LineString>
					<LineString>
						<coordinates>-93.0303540004332,44.9487910001089 -93.031380589643,44.9487877645833</coordinates>
					</LineString>
					<LineString>
						<coordinates>-93.031380589643,44.9487877645833 -93.034480000212,44.9487780003111 -93.0346350002584,44.9487770000967</coordinates>
					</LineString>
					<LineString>
						<coordinates>-93.0346350002584,44.9487770000967 -93.0393920931403,44.9487556197136</coordinates>
					</LineString>
					<LineString>
						<coordinates>-93.0393920931403,44.9487556197136 -93.0395300001759,44.9487550004355 -93.0396679994851,44.9487540001738</coordinates>
					</LineString>
					<LineString>
						<coordinates>-93.0414280001074,44.9487459999498 -93.0439450003912,44.9487340002047 -93.0441500004475,44.9487330002335</coordinates>
					</LineString>
					<LineString>
						<coordinates>-93.0476660004248,44.9487200003973 -93.047880999662,44.9487190003575 -93.0501019996136,44.9487120000517</coordinates>
					</LineString>
					<LineString>
						<coordinates>-93.0516179999514,44.9487070003556 -93.0530260002203,44.9487030002479 -93.0531690000847,44.9487020002548</coordinates>
					</LineString>
					<LineString>
						<coordinates>-93.0538190004009,44.9486999998158 -93.0546991512781,44.9486975391007</coordinates>
					</LineString>
					<LineString>
						<coordinates>-93.0546991512781,44.9486975391007 -93.0556070003451,44.9486949996064 -93.0557590005214,44.9486940000895</coordinates>
					</LineString>
					<LineString>
						<coordinates>-93.0557489997332,44.9496169998498 -93.0557219996047,44.9503809999066</coordinates>
					</LineString>
					<LineString>
						<coordinates>-93.0557219996047,44.9503809999066 -93.0557299994645,44.9512070002985 -93.0557310000534,44.9513029998984</coordinates>
					</LineString>
					<LineString>
						<coordinates>-93.0557310000534,44.9513029998984 -93.0582749998776,44.9513010000608</coordinates>
					</LineString>
					<LineString>
						<coordinates>-93.0629870005081,44.9515099997103 -93.0630420003938,44.9515110000929 -93.0647490004746,44.9515529999339</coordinates>
					</LineString>
					<LineString>
						<coordinates>-93.066692999647,44.9515400003917 -93.0683009995945,44.950645999754 -93.0684350003357,44.950571000336</coordinates>
					</LineString>
					<LineString>
						<coordinates>-93.0688989997948,44.9511260002051 -93.0688930000548,44.9512099997394 -93.0689059999434,44.9513420000066 -93.0689250001577,44.9514539995937 -93.0689630003559,44.9515580002248 -93.0690010002571,44.9516500002687 -93.0690650000246,44.9516870003326 -93.0691220004385,44.9517100001779 -93.0691779993944,44.9517329997012 -93.0692689993745,44.9517900001499 -93.0693420003948,44.95184599963 -93.0694250002009,44.9519010000641 -93.0696179994016,44.9521579996268 -93.069799999765,44.9523990000118 -93.0700140000599,44.9526789996671 -93.0701180002259,44.9528189998307 -93.0703389996684,44.9530319998542 -93.0705649996463,44.9532419995859 -93.070796000142,44.953450000019 -93.0710319999506,44.9536550001016 -93.0712109997736,44.953821999988 -93.0713970001062,44.9539860002469 -93.0715870001461,44.9541470000247 -93.0717830004788,44.9543039997224 -93.072417999648,44.9547989996189 -93.0724240000727,44.9548029999035 -93.0731509994834,44.9552600001764 -93.0744360002625,44.9560670002325 -93.0754850005073,44.9567450001997 -93.0758279998408,44.9570859999605 -93.0759380004481,44.9570359999993</coordinates>
					</LineString>
					<LineString>
						<coordinates>-93.0874170004311,44.9514579996007 -93.0867840003695,44.9508070000074 -93.0865919994828,44.9506110001274 -93.0877339999601,44.9500700000191</coordinates>
					</LineString>
					<LineString>
						<coordinates>-93.0877339999601,44.9500700000191 -93.088904999857,44.949515000153 -93.0902519999097,44.9488749999379 -93.0911189997264,44.9484629997707 -93.0916200005732,44.9482239997691 -93.0928239995545,44.9476510001558 -93.0938330005249,44.9471700002018 -93.0939559995439,44.9471109998132 -93.0939759993713,44.9471020002499 -93.0952420004753,44.946498000281 -93.0962639997117,44.9460109995761 -93.0964950004069,44.9460319998738 -93.0968850000811,44.946068000016 -93.0972560001673,44.9461010002331 -93.0974179996618,44.9461159999481 -93.0989449997167,44.9462510001938 -93.0996040005506,44.9463079997281 -93.1003609998245,44.9463749997395 -93.1005470002088,44.9463920002747 -93.1007180001301,44.9464069999864 -93.1023269995284,44.9466040001514 -93.1024830000033,44.9464859996147</coordinates>
					</LineString>
					<LineString>
						<coordinates>-93.1024830000033,44.9464859996147 -93.1029850002922,44.9460769997623</coordinates>
					</LineString>
					<LineString>
						<coordinates>-93.1031749996914,44.9459219999354 -93.1035020004638,44.9456559996992 -93.1037610005829,44.9454459997362</coordinates>
					</LineString>
					<LineString>
						<coordinates>-93.1037610005829,44.9454459997362 -93.1040089996463,44.9462340004077 -93.1041779997054,44.9467689998454 -93.104196000112,44.9468279997186 -93.1042470005659,44.9469900002029 -93.1043140000107,44.9472010002028 -93.1043520000761,44.9472949996038 -93.1043989998942,44.9473879996425 -93.1044540000659,44.9474790001982 -93.1045170000745,44.9475670002364 -93.1045890001113,44.9476519997281 -93.1046670004279,44.947733000382 -93.1047529993792,44.9478109995764 -93.1048459995173,44.9478839997625 -93.1049460001301,44.9479530001473 -93.1052429999553,44.9481139996633 -93.1054510000651,44.9482259998537 -93.1070849998618,44.9490719997314 -93.1072769996392,44.9491810004068 -93.1073689996832,44.9490729996688 -93.1076720002745,44.9487260002176 -93.1077529998759,44.9486230002464 -93.1078270005245,44.9485180002762 -93.1078930001994,44.9484100002435 -93.1079509995426,44.9483000002848 -93.1079660005559,44.9482659999149 -93.1080009998613,44.9481880004109 -93.1080389995418,44.9480869997203 -93.1080689996552,44.9479850001604 -93.1080899994613,44.9478809998607 -93.1081030003942,44.9477769999253 -93.108107000455,44.9476720002819 -93.1081029998056,44.9475680002314 -93.1080899996445,44.9474629995714 -93.108068999476,44.9473600004239 -93.1080460000298,44.9472439997561 -93.1080330003576,44.9471270003012 -93.1080280000894,44.9470090003541 -93.1080329994276,44.9468920000713 -93.1080459999415,44.9467750003183 -93.1080689999487,44.9466590002253 -93.1081009999029,44.9465429997086</coordinates>
					</LineString>
					<LineString>
						<coordinates>-93.1081009999029,44.9465429997086 -93.108704999544,44.9465439999503</coordinates>
					</LineString>
					<LineString>
						<coordinates>-93.1119499996763,44.9465480001436 -93.1132449998899,44.9465510002371 -93.1134050003404,44.9465509999062</coordinates>
					</LineString>
					<LineString>
						<coordinates>-93.1134050003404,44.9465509999062 -93.1147659999748,44.9465519997683</coordinates>
					</LineString>
					<LineString>
						<coordinates>-93.1147659999748,44.9465519997683 -93.1159330000696,44.9465539996927 -93.1161070000317,44.9465540002684</coordinates>
					</LineString>
					<LineString>
						<coordinates>-93.1161070000317,44.9465540002684 -93.1170998020144,44.9465601261208</coordinates>
					</LineString>
					<LineString>
						<coordinates>-93.1170998020144,44.9465601261208 -93.118376000159,44.9465679997083 -93.1186789994727,44.9465690004373</coordinates>
					</LineString>
					<LineString>
						<coordinates>-93.1186789994727,44.9465690004373 -93.1210579996902,44.9465699998612</coordinates>
					</LineString>
					<LineString>
						<coordinates>-93.1262810003997,44.9465700000215 -93.126531999884,44.9465709995933 -93.1288230006129,44.9465790004089</coordinates>
					</LineString>
					<LineString>
						<coordinates>-93.1313670003971,44.9465790002168 -93.1326529860952,44.9465837836538</coordinates>
					</LineString>
					<LineString>
						<coordinates>-93.1326529860952,44.9465837836538 -93.1327110001313,44.9465839998177 -93.1331869994608,44.9465859995696</coordinates>
					</LineString>
					<LineString>
						<coordinates>-93.1331869994608,44.9465859995696 -93.1348099995264,44.9465919999597</coordinates>
					</LineString>
					<LineString>
						<coordinates>-93.1364539994676,44.9466039997483 -93.1367129995054,44.9466030004452 -93.1390049994514,44.9465989995729</coordinates>
					</LineString>
					<LineString>
						<coordinates>-93.1390049994514,44.9465989995729 -93.1414220000775,44.9466049999624 -93.1415419998163,44.9466059999595</coordinates>
					</LineString>
					<LineString>
						<coordinates>-93.1415419998163,44.9466059999595 -93.1440860005538,44.9466129999712</coordinates>
					</LineString>
					<LineString>
						<coordinates>-93.1440860005538,44.9466129999712 -93.1464059994753,44.9466179999934 -93.1464280001641,44.9466179996938</coordinates>
					</LineString>
					<LineString>
						<coordinates>-93.14671099983,44.9466190003024 -93.1490449998991,44.9466219995969 -93.1491860002966,44.9466220000377</coordinates>
					</LineString>
					<LineString>
						<coordinates>-93.1491860002966,44.9466220000377 -93.1508915268009,44.9466249490491</coordinates>
					</LineString>
					<LineString>
						<coordinates>-93.1508915268009,44.9466249490491 -93.1514990001669,44.9466260001395 -93.151718999487,44.946625999754</coordinates>
					</LineString>
					<LineString>
						<coordinates>-93.151718999487,44.946625999754 -93.1542749998717,44.9466300004409</coordinates>
					</LineString>
					<LineString>
						<coordinates>-93.1542749998717,44.9466300004409 -93.156620000269,44.9466490003814</coordinates>
					</LineString>
					<LineString>
						<coordinates>-93.156620000269,44.9466490003814 -93.1566419998863,44.9466500000397 -93.1568080004142,44.9466510001111</coordinates>
					</LineString>
					<LineString>
						<coordinates>-93.1568010004272,44.9486740001854 -93.1568010002134,44.948727000417 -93.1568070002315,44.9507499999084 -93.1568089998202,44.9513199996714</coordinates>
					</LineString>
					<LineString>
						<coordinates>-93.1568120002671,44.9521969996552 -93.1568135099563,44.9528849918998</coordinates>
					</LineString>
					<LineString>
						<coordinates>-93.1568135099563,44.9528849918998 -93.1568140006283,44.9531079996402 -93.1568162503033,44.9538917153408</coordinates>
					</LineString>
					<LineString>
						<coordinates>-93.1568162503033,44.9538917153408 -93.1568210004259,44.9555460000586 -93.1568209997854,44.9556370003633</coordinates>
					</LineString>
				</MultiGeometry>
			</Placemark>
			<Placemark id="Metro_Transit_Routes.6">
				<Style>
					<LineStyle>
						<color>ff0000ff</color>
					</LineStyle>
					<PolyStyle>
						<fill>0</fill>
					</PolyStyle>
				</Style>
				<ExtendedData>
					<SchemaData schemaUrl="#Metro_Transit_Routes">
						<SimpleData name="OBJECTID">112</SimpleData>
						<SimpleData name="route">74</SimpleData>
						<SimpleData name="routesort">74</SimpleData>
						<SimpleData name="RouteDescription">46th St - Randolph - W 7th St - E 7th St - Sunray</SimpleData>
						<SimpleData name="RouteOperator">M</SimpleData>
						<SimpleData name="EffectiveDate">2026/03/14 00:00:00+00</SimpleData>
						<SimpleData name="payleavedirectionid">0</SimpleData>
						<SimpleData name="routepayleave">0</SimpleData>
						<SimpleData name="RouteClass">CoreLoc     </SimpleData>
						<SimpleData name="IsPublic">1</SimpleData>
						<SimpleData name="wk_ftrip">03:25:00</SimpleData>
						<SimpleData name="wk_ltrip">01:43:00</SimpleData>
						<SimpleData name="wk_span">22:18:00</SimpleData>
						<SimpleData name="wk_trip_freq">112</SimpleData>
						<SimpleData name="sat_ftrip">03:31:00</SimpleData>
						<SimpleData name="sat_ltrip">01:38:00</SimpleData>
						<SimpleData name="sat_span">22:07:00</SimpleData>
						<SimpleData name="sat_trip_freq">75</SimpleData>
						<SimpleData name="sun_ftrip">03:31:00</SimpleData>
						<SimpleData name="sun_ltrip">01:38:00</SimpleData>
						<SimpleData name="sun_span">22:07:00</SimpleData>
						<SimpleData name="sun_trip_freq">75</SimpleData>
						<SimpleData name="Shape__Length">55130.0283013023</SimpleData>
					</SchemaData>
				</ExtendedData>
				<MultiGeometry>
					<LineString>
						<coordinates>-93.2203329994069,44.9200110004441 -93.2202290005314,44.9200790000136 -93.2200119998156,44.9201340004203 -93.2199119997913,44.9201600001124 -93.2198449995278,44.92018700024 -93.2198129997322,44.9202169999675 -93.219831999525,44.9202699999004 -93.2198370005926,44.9202770001735 -93.2198940002914,44.9203470002383 -93.2200770001524,44.9206219998668 -93.2202150000364,44.9208289998374 -93.2203400005396,44.9210150004193 -93.220341000281,44.9210169996469 -93.2204960002189,44.9212500004002 -93.2205000004274,44.9212549996187 -93.2205470001883,44.9212909998951 -93.2206350003806,44.9213150004318 -93.220700000315,44.9213129997114 -93.2207779995861,44.9212879996862 -93.2208150001879,44.921246000191 -93.2208429997908,44.9212110000815 -93.2208489999751,44.9211490003422 -93.2208569997007,44.9209230000307 -93.2208410003201,44.9208679996175 -93.2204190005371,44.9202539997909 -93.2203560001716,44.9200900004088 -93.2203329994069,44.9200110004441</coordinates>
					</LineString>
					<LineString>
						<coordinates>-93.2203329994069,44.9200110004441 -93.2203629996888,44.9199330000703 -93.2203830005137,44.9198539999513 -93.2203940003124,44.9197729998378 -93.2203939998089,44.9196920002462 -93.2190789995817,44.9196820004062 -93.2187730002415,44.9196750000592 -93.2185579995921,44.9196719999351 -93.2178789996354,44.9196720001407</coordinates>
					</LineString>
					<LineString>
						<coordinates>-93.2178789996354,44.9196720001407 -93.2166220000219,44.919677000099 -93.2165220004381,44.9196769997885</coordinates>
					</LineString>
					<LineString>
						<coordinates>-93.2165220004381,44.9196769997885 -93.2157269997039,44.919632999773 -93.2151900002749,44.919630999881 -93.2150130000637,44.9196330004346 -93.2147840000929,44.9196350003983 -93.2140289994102,44.9196380003792 -93.2129289995444,44.9196510003568 -93.2127549994925,44.9196529999191 -93.2114659997266,44.9196600002926 -93.2103630005859,44.9196680002712 -93.210195999569,44.9196690000179 -93.2089219999461,44.9196800003952 -93.2082569995248,44.919685000343 -93.2079780005255,44.9196840000204 -93.2078380000347,44.9196700001329 -93.2078199998713,44.9196680002252 -93.2076569997706,44.9196450003015 -93.207564000539,44.9196260003851 -93.2074670004747,44.9195990003325 -93.2073949994236,44.9195750001979 -93.2073290004987,44.9195499997957 -93.2072539998596,44.9195170002612 -93.2071809994851,44.9194800001359 -93.2070810001176,44.9194200000588 -93.207008999856,44.9193759998112 -93.2069510004076,44.9193369999959 -93.2068430000097,44.9192370000683 -93.2067360001573,44.9191170001579 -93.2065400004354,44.9189309996209</coordinates>
					</LineString>
					<LineString>
						<coordinates>-93.2065400004354,44.9189309996209 -93.2064450004481,44.9187929997216 -93.2063739999616,44.9186969995809 -93.2062929996846,44.9186049999678 -93.2062049998888,44.9185169999452 -93.2061089996663,44.9184330004032 -93.206005000296,44.9183530004194 -93.2058939997184,44.9182790002304 -93.2057770003448,44.9182099996818 -93.2056529999828,44.9181459996597 -93.2055249998761,44.9180880002705 -93.2053899995333,44.9180369998239 -93.2052520005446,44.9179909998486 -93.205110000209,44.9179519996912 -93.204963999753,44.917920000235 -93.2048159999382,44.9178940004486 -93.2046660002165,44.9178759996824 -93.2045149994242,44.9178640003835 -93.2043619998797,44.9178600000898 -93.201494999727,44.9178750002452 -93.1988219997787,44.917882000319 -93.1984560003025,44.9178829996891</coordinates>
					</LineString>
					<LineString>
						<coordinates>-93.1984560003025,44.9178829996891 -93.1980230001121,44.9178499998799 -93.1976369994591,44.9178429996675 -93.1969549995638,44.917838999874 -93.1959300003255,44.9178510000939 -93.1954930003156,44.9178559997431 -93.1926839999457,44.9178610003972 -93.1924759997612,44.9178610000589 -93.1899079998697,44.9178739996477 -93.1889370004999,44.9178749998176 -93.1873790000242,44.9178760003243 -93.1873790005725,44.9179670003289</coordinates>
					</LineString>
					<LineString>
						<coordinates>-93.1873790005725,44.9179670003289 -93.1873720005449,44.9188889998268</coordinates>
					</LineString>
					<LineString>
						<coordinates>-93.1873720005449,44.9188889998268 -93.1873759996975,44.919170999786 -93.1873860002516,44.9197529995873</coordinates>
					</LineString>
					<LineString>
						<coordinates>-93.1873860002516,44.9197529995873 -93.1873849998741,44.9198440003039</coordinates>
					</LineString>
					<LineString>
						<coordinates>-93.1873849998741,44.9198440003039 -93.1873770005527,44.9207100002619</coordinates>
					</LineString>
					<LineString>
						<coordinates>-93.1873770005527,44.9207100002619 -93.1873709997428,44.9216209998688 -93.1873710004241,44.9219740000341 -93.187371000433,44.9220890003438 -93.1873710004704,44.9225260004189 -93.1873709996,44.9226380003353 -93.1873709997404,44.9233439996198 -93.1873709999746,44.9234309999269</coordinates>
					</LineString>
					<LineString>
						<coordinates>-93.1873709999746,44.9234309999269 -93.1873719997853,44.9243420002155</coordinates>
					</LineString>
					<LineString>
						<coordinates>-93.1873719997853,44.9243420002155 -93.1873720000937,44.9251560004447 -93.187371999732,44.9252509999436 -93.187371999658,44.9253800001697 -93.1873719996756,44.9261670004171 -93.1873719995822,44.9267079998974 -93.1873719996061,44.926776999666 -93.1873719999885,44.927064000129 -93.1848309997802,44.9270549995829</coordinates>
					</LineString>
					<LineString>
						<coordinates>-93.1848309997802,44.9270549995829 -93.1845040001192,44.9270539997859 -93.1842710000675,44.9270529995572</coordinates>
					</LineString>
					<LineString>
						<coordinates>-93.1842710000675,44.9270529995572 -93.1824329999924,44.9270469996522 -93.1822869996804,44.9270460004012</coordinates>
					</LineString>
					<LineString>
						<coordinates>-93.1822869996804,44.9270460004012 -93.181414000427,44.9270430001882</coordinates>
					</LineString>
					<LineString>
						<coordinates>-93.181414000427,44.9270430001882 -93.1798640003796,44.9270379999312 -93.1797519998966,44.9270369997002</coordinates>
					</LineString>
					<LineString>
						<coordinates>-93.1797519998966,44.9270369997002 -93.1781912763203,44.9270316956508</coordinates>
					</LineString>
					<LineString>
						<coordinates>-93.1781912763203,44.9270316956508 -93.1773979993876,44.9270290003274 -93.1772020000066,44.927028000213</coordinates>
					</LineString>
					<LineString>
						<coordinates>-93.1772020000066,44.927028000213 -93.1758181240758,44.9270228717071</coordinates>
					</LineString>
					<LineString>
						<coordinates>-93.1758181240758,44.9270228717071 -93.1747730002951,44.9270189999366 -93.1746580005195,44.9270180002001</coordinates>
					</LineString>
					<LineString>
						<coordinates>-93.1746580005195,44.9270180002001 -93.1733214547949,44.9270130400091</coordinates>
					</LineString>
					<LineString>
						<coordinates>-93.1733214547949,44.9270130400091 -93.1722329995837,44.9270090000992 -93.1721189996769,44.927007999899</coordinates>
					</LineString>
					<LineString>
						<coordinates>-93.1721189996769,44.927007999899 -93.1696989994464,44.9269980004421 -93.1695739996109,44.9269979997695</coordinates>
					</LineString>
					<LineString>
						<coordinates>-93.1695739996109,44.9269979997695 -93.168385676552,44.9269933296649</coordinates>
					</LineString>
					<LineString>
						<coordinates>-93.168385676552,44.9269933296649 -93.1672839994494,44.9269890001217 -93.1670249999372,44.9269880000873</coordinates>
					</LineString>
					<LineString>
						<coordinates>-93.1670249999372,44.9269880000873 -93.1657020000588,44.9269709996051</coordinates>
					</LineString>
					<LineString>
						<coordinates>-93.1657020000588,44.9269709996051 -93.1653580001101,44.9269719996134 -93.1644730004524,44.9269740004366</coordinates>
					</LineString>
					<LineString>
						<coordinates>-93.1644730004524,44.9269740004366 -93.1632079997317,44.9269800002685 -93.1619329993705,44.9269720002889</coordinates>
					</LineString>
					<LineString>
						<coordinates>-93.1619329993705,44.9269720002889 -93.1617089995575,44.9269709997808 -93.1593759998095,44.926967000299</coordinates>
					</LineString>
					<LineString>
						<coordinates>-93.1593759998095,44.926967000299 -93.158962491545,44.9269653999141</coordinates>
					</LineString>
					<LineString>
						<coordinates>-93.158962491545,44.9269653999141 -93.1588589998036,44.9269650001936 -93.1584353540871,44.9269643086043</coordinates>
					</LineString>
					<LineString>
						<coordinates>-93.1584353540871,44.9269643086043 -93.1570209994043,44.926962000386 -93.156838000607,44.9269609996594</coordinates>
					</LineString>
					<LineString>
						<coordinates>-93.156838000607,44.9269609996594 -93.1562354326671,44.9269602367121</coordinates>
					</LineString>
					<LineString>
						<coordinates>-93.1562354326671,44.9269602367121 -93.1544699996882,44.9269580003577 -93.1542700004553,44.9269569996049</coordinates>
					</LineString>
					<LineString>
						<coordinates>-93.1542700004553,44.9269569996049 -93.1517199994921,44.926950999561</coordinates>
					</LineString>
					<LineString>
						<coordinates>-93.1517199994921,44.926950999561 -93.1502919997982,44.9269470003657</coordinates>
					</LineString>
					<LineString>
						<coordinates>-93.1502919997982,44.9269470003657 -93.1500610004499,44.9269469998527</coordinates>
					</LineString>
					<LineString>
						<coordinates>-93.1500610004499,44.9269469998527 -93.1497040002447,44.9269460001431 -93.1486680004829,44.9269430000728</coordinates>
					</LineString>
					<LineString>
						<coordinates>-93.1486680004829,44.9269430000728 -93.1469159997227,44.9269379999623</coordinates>
					</LineString>
					<LineString>
						<coordinates>-93.1469159997227,44.9269379999623 -93.1468600004082,44.9269309999812 -93.1466029995668,44.926899000235</coordinates>
					</LineString>
					<LineString>
						<coordinates>-93.1466029995668,44.926899000235 -93.1454319994626,44.9268859996231 -93.1449560002768,44.9268820002332 -93.1447500001159,44.9268810003274 -93.1445449997906,44.9268789995578 -93.144083000514,44.9268750004142 -93.1439500000157,44.9268739996661 -93.1436109997306,44.9269239998105</coordinates>
					</LineString>
					<LineString>
						<coordinates>-93.1436109997306,44.9269239998105 -93.1416989998579,44.9269149996143 -93.1415540003894,44.9269140001603</coordinates>
					</LineString>
					<LineString>
						<coordinates>-93.1415540003894,44.9269140001603 -93.1404700159157,44.9269093747227</coordinates>
					</LineString>
					<LineString>
						<coordinates>-93.1404700159157,44.9269093747227 -93.1392099995985,44.926904000388 -93.1389899997837,44.9269019998277</coordinates>
					</LineString>
					<LineString>
						<coordinates>-93.1389899997837,44.9269019998277 -93.1367162625776,44.9268915131599</coordinates>
					</LineString>
					<LineString>
						<coordinates>-93.1367162625776,44.9268915131599 -93.1366050005123,44.9268909999513 -93.1364130002563,44.9268899997681</coordinates>
					</LineString>
					<LineString>
						<coordinates>-93.1364130002563,44.9268899997681 -93.135529000299,44.9268870004203</coordinates>
					</LineString>
					<LineString>
						<coordinates>-93.135529000299,44.9268870004203 -93.1343339998793,44.9268810000033</coordinates>
					</LineString>
					<LineString>
						<coordinates>-93.1343339998793,44.9268810000033 -93.1332720000216,44.9268760004204 -93.133102000627,44.9268749996019</coordinates>
					</LineString>
					<LineString>
						<coordinates>-93.133102000627,44.9268749996019 -93.130830999965,44.9268650002119 -93.1306719997554,44.9268640002791</coordinates>
					</LineString>
					<LineString>
						<coordinates>-93.1306719997554,44.9268640002791 -93.1286890000949,44.9268550003182 -93.1282150003537,44.9268520001433</coordinates>
					</LineString>
					<LineString>
						<coordinates>-93.1282150003537,44.9268520001433 -93.1279780003452,44.926851000282</coordinates>
					</LineString>
					<LineString>
						<coordinates>-93.1279780003452,44.926851000282 -93.1266790005632,44.9277220000297</coordinates>
					</LineString>
					<LineString>
						<coordinates>-93.1266790005632,44.9277220000297 -93.1259690000244,44.9282199996748 -93.1257040003592,44.9284060001842</coordinates>
					</LineString>
					<LineString>
						<coordinates>-93.1257040003592,44.9284060001842 -93.1246820006318,44.9291009996371 -93.1246230001088,44.9291409997871</coordinates>
					</LineString>
					<LineString>
						<coordinates>-93.1246230001088,44.9291409997871 -93.1244170001367,44.9292910003397</coordinates>
					</LineString>
					<LineString>
						<coordinates>-93.1244170001367,44.9292910003397 -93.1231930005052,44.9301199999483</coordinates>
					</LineString>
					<LineString>
						<coordinates>-93.1231930005052,44.9301199999483 -93.1227190764922,44.9304453334473</coordinates>
					</LineString>
					<LineString>
						<coordinates>-93.1227190764922,44.9304453334473 -93.1225869993934,44.9305359997916 -93.1224759994778,44.9306119997646</coordinates>
					</LineString>
					<LineString>
						<coordinates>-93.1224759994778,44.9306119997646 -93.1219970004492,44.9309149998255 -93.1198810000163,44.9323759998993</coordinates>
					</LineString>
					<LineString>
						<coordinates>-93.1198810000163,44.9323759998993 -93.1174109994087,44.9340729998997 -93.1173480002155,44.9341159998445</coordinates>
					</LineString>
					<LineString>
						<coordinates>-93.1173480002155,44.9341159998445 -93.1168325331895,44.9344528172547</coordinates>
					</LineString>
					<LineString>
						<coordinates>-93.1168325331895,44.9344528172547 -93.1162659999244,44.9348229999359 -93.1159870005166,44.9350059996592</coordinates>
					</LineString>
					<LineString>
						<coordinates>-93.1159870005166,44.9350059996592 -93.1152770000601,44.9355000001107</coordinates>
					</LineString>
					<LineString>
						<coordinates>-93.1152770000601,44.9355000001107 -93.1143590000216,44.9361259996878 -93.1141010003296,44.9363019998601</coordinates>
					</LineString>
					<LineString>
						<coordinates>-93.1141010003296,44.9363019998601 -93.1127890003803,44.9371970002036 -93.1125129995775,44.9373849998311</coordinates>
					</LineString>
					<LineString>
						<coordinates>-93.1125129995775,44.9373849998311 -93.111857000028,44.9378329999617</coordinates>
					</LineString>
					<LineString>
						<coordinates>-93.111857000028,44.9378329999617 -93.1110380005155,44.9383929996558 -93.1101989994801,44.938960000095</coordinates>
					</LineString>
					<LineString>
						<coordinates>-93.1101989994801,44.938960000095 -93.1095999994143,44.9393640004446 -93.1093610003505,44.9395240001817</coordinates>
					</LineString>
					<LineString>
						<coordinates>-93.1093610003505,44.9395240001817 -93.1084890001739,44.9401230001282</coordinates>
					</LineString>
					<LineString>
						<coordinates>-93.1084890001739,44.9401230001282 -93.1077120005432,44.9406450004182 -93.106760999458,44.9413100004406 -93.1066799921734,44.941367994243 -93.1062790000471,44.9416549996562</coordinates>
					</LineString>
					<LineString>
						<coordinates>-93.1062790000471,44.9416549996562 -93.1061950006061,44.9417219997165 -93.1051829994936,44.9425330001213</coordinates>
					</LineString>
					<LineString>
						<coordinates>-93.1051829994936,44.9425330001213 -93.1042349994346,44.9432920004053 -93.1040890001463,44.9434089995635</coordinates>
					</LineString>
					<LineString>
						<coordinates>-93.1040890001463,44.9434089995635 -93.1032600003384,44.9440670002146</coordinates>
					</LineString>
					<LineString>
						<coordinates>-93.1032600003384,44.9440670002146 -93.102749999782,44.9445499997903 -93.1026670004089,44.9446379998258 -93.1021909994911,44.9451669998925 -93.1020490003715,44.9453010003319 -93.1019000002371,44.9454310000416 -93.101748000584,44.9455590001783 -93.1016750005871,44.9455880003673 -93.1015979995557,44.9456109997253 -93.1015179998996,44.9456300003013 -93.1014360002776,44.9456419999306 -93.101353000567,44.9456489997695 -93.1012700004277,44.9456499997058 -93.1011860002455,44.9456459998488 -93.1011039999433,44.9456360001174 -93.1009949995593,44.9455860003505 -93.100885000089,44.945543000428 -93.1008830006165,44.9455420002701 -93.1007669999422,44.9455029997285 -93.1006480001776,44.9454689996304 -93.1005260005074,44.9454410000913 -93.1004010004204,44.9454180000778 -93.1002749998182,44.9454019998724 -93.0975620006059,44.9451200003658 -93.0970059994059,44.9451320001648 -93.0966229995207,44.9451399999594 -93.0958419999922,44.9451620000255 -93.095637000225,44.9451420001624 -93.0954519997634,44.9451950003636 -93.0944539993949,44.9456910003459 -93.0932020001243,44.9462639998102 -93.0921439999274,44.946787000293 -93.0920459998702,44.9468349997334 -93.0908200002683,44.9474159998103 -93.0896339994044,44.9479799999938 -93.0894860002886,44.9480490003405 -93.0881239993763,44.9487129998469 -93.0869680003246,44.9492600000803 -93.0873740004164,44.9496889995694 -93.0877339999601,44.9500700000191</coordinates>
					</LineString>
					<LineString>
						<coordinates>-93.0877339999601,44.9500700000191 -93.0885690001216,44.9509099998128 -93.0875230006128,44.9514070003729 -93.0874170004311,44.9514579996007</coordinates>
					</LineString>
					<LineString>
						<coordinates>-93.0874170004311,44.9514579996007 -93.0870199997047,44.9517010004454 -93.0867349999375,44.9519880004105 -93.0866159995259,44.9521070000001 -93.086339000237,44.9523829996416 -93.0862439998068,44.9524609999677 -93.0861409997863,44.9525340002335 -93.0860310004212,44.9526019996643 -93.0859150004777,44.9526640000666 -93.0857929999699,44.9527199996218 -93.0856660004425,44.9527700002604</coordinates>
					</LineString>
					<LineString>
						<coordinates>-93.0856660004425,44.9527700002604 -93.085533999384,44.9528140001671</coordinates>
					</LineString>
					<LineString>
						<coordinates>-93.085533999384,44.9528140001671 -93.0853989998697,44.9528519996276 -93.0852599999891,44.9528820000343 -93.0851469994369,44.9529020003699 -93.0849480004321,44.9529260002687 -93.0847509993997,44.9529570000958 -93.0845549998164,44.952994999699 -93.0843629996565,44.9530390003472 -93.084174000069,44.9530900002184 -93.0840440005008,44.9531289999138 -93.0839169995719,44.9531710003256 -93.0837909994678,44.9532170003515 -93.0833160001443,44.9534179997938 -93.0832839997812,44.9534350000102</coordinates>
					</LineString>
					<LineString>
						<coordinates>-93.0832839997812,44.9534350000102 -93.0827980004205,44.9536890000959 -93.0824359999545,44.9538789998562</coordinates>
					</LineString>
					<LineString>
						<coordinates>-93.0824359999545,44.9538789998562 -93.0820749999269,44.9540530002875</coordinates>
					</LineString>
					<LineString>
						<coordinates>-93.0820749999269,44.9540530002875 -93.0815829999005,44.9542910002317</coordinates>
					</LineString>
					<LineString>
						<coordinates>-93.0815829999005,44.9542910002317 -93.0808770005836,44.954655999681 -93.0807350003126,44.9547300002725</coordinates>
					</LineString>
					<LineString>
						<coordinates>-93.0807350003126,44.9547300002725 -93.0798460001035,44.9551610000738</coordinates>
					</LineString>
					<LineString>
						<coordinates>-93.0798460001035,44.9551610000738 -93.07958999964,44.9552850003673 -93.0783270005858,44.9558979995769</coordinates>
					</LineString>
					<LineString>
						<coordinates>-93.0783270005858,44.9558979995769 -93.0778660004499,44.9561199998233 -93.0763870000219,44.956835000153</coordinates>
					</LineString>
					<LineString>
						<coordinates>-93.0763870000219,44.956835000153 -93.0759380004481,44.9570359999993 -93.0758279998408,44.9570859999605</coordinates>
					</LineString>
					<LineString>
						<coordinates>-93.0758279998408,44.9570859999605 -93.0739069998912,44.9580190000224 -93.0737810004079,44.9580799997913</coordinates>
					</LineString>
					<LineString>
						<coordinates>-93.0737810004079,44.9580799997913 -93.0723130005193,44.9587930000787 -93.0721929998512,44.9588510002259</coordinates>
					</LineString>
					<LineString>
						<coordinates>-93.0721929998512,44.9588510002259 -93.0713059995955,44.9592829996106</coordinates>
					</LineString>
					<LineString>
						<coordinates>-93.0713059995955,44.9592829996106 -93.0710370004641,44.9594149996308 -93.0703499993699,44.9597459996506 -93.0697090001418,44.9600570001316 -93.0697060704522,44.9600584170329</coordinates>
					</LineString>
					<LineString>
						<coordinates>-93.0697060704522,44.9600584170329 -93.0695069998544,44.9601550001038 -93.0694049997038,44.9602039996629</coordinates>
					</LineString>
					<LineString>
						<coordinates>-93.0694049997038,44.9602039996629 -93.0683490006154,44.9607170001524 -93.0682299999453,44.9607750000184</coordinates>
					</LineString>
					<LineString>
						<coordinates>-93.0682299999453,44.9607750000184 -93.0674079999567,44.9611739999522</coordinates>
					</LineString>
					<LineString>
						<coordinates>-93.0674079999567,44.9611739999522 -93.0672739995685,44.9612390004154</coordinates>
					</LineString>
					<LineString>
						<coordinates>-93.0672739995685,44.9612390004154 -93.06615399955,44.9617960001157 -93.0658909998787,44.9619260004431</coordinates>
					</LineString>
					<LineString>
						<coordinates>-93.0658909998787,44.9619260004431 -93.0654250002756,44.9621389997425</coordinates>
					</LineString>
					<LineString>
						<coordinates>-93.0654250002756,44.9621389997425 -93.0649033502592,44.9623924539997</coordinates>
					</LineString>
					<LineString>
						<coordinates>-93.0649033502592,44.9623924539997 -93.0645050003247,44.9625860000765 -93.0635280001524,44.9630600000392</coordinates>
					</LineString>
					<LineString>
						<coordinates>-93.0635280001524,44.9630600000392 -93.0611320004041,44.9630480000637 -93.0609749997799,44.9630480002765</coordinates>
					</LineString>
					<LineString>
						<coordinates>-93.0609749997799,44.9630480002765 -93.0585460005236,44.963042000394 -93.0584289996928,44.9630409998788</coordinates>
					</LineString>
					<LineString>
						<coordinates>-93.0584289996928,44.9630409998788 -93.0574353366953,44.9630389122532</coordinates>
					</LineString>
					<LineString>
						<coordinates>-93.0574353366953,44.9630389122532 -93.0560490003053,44.9630360002474 -93.0558709998185,44.9630350000263</coordinates>
					</LineString>
					<LineString>
						<coordinates>-93.0558709998185,44.9630350000263 -93.0556668395939,44.9630364518201</coordinates>
					</LineString>
					<LineString>
						<coordinates>-93.0556668395939,44.9630364518201 -93.0534800001074,44.9630519999056 -93.0533290001133,44.9630539996415</coordinates>
					</LineString>
					<LineString>
						<coordinates>-93.0533290001133,44.9630539996415 -93.0519154695472,44.9630640004128</coordinates>
					</LineString>
					<LineString>
						<coordinates>-93.0507870003842,44.9630720001688 -93.0509260000168,44.9630710038652 -93.0519154695472,44.9630640004128</coordinates>
					</LineString>
					<LineString>
						<coordinates>-93.0507870003842,44.9630720001688 -93.0482489995274,44.9630900000397</coordinates>
					</LineString>
					<LineString>
						<coordinates>-93.0482489995274,44.9630900000397 -93.0482475244162,44.9632316586269</coordinates>
					</LineString>
					<LineString>
						<coordinates>-93.0482475244162,44.9632316586269 -93.0482469998239,44.963281999758 -93.0482359997328,44.9640230001789</coordinates>
					</LineString>
					<LineString>
						<coordinates>-93.0482359997328,44.9640230001789 -93.0482330006228,44.9648079997223 -93.0482329998042,44.9649189995872</coordinates>
					</LineString>
					<LineString>
						<coordinates>-93.0482329998042,44.9649189995872 -93.0482400000806,44.9655630003272</coordinates>
					</LineString>
					<LineString>
						<coordinates>-93.0482419994732,44.9658380001528 -93.0482400000806,44.9655630003272</coordinates>
					</LineString>
					<LineString>
						<coordinates>-93.0482419994732,44.9658380001528 -93.0482469997644,44.9665510000204 -93.0482479995817,44.9667060002123</coordinates>
					</LineString>
					<LineString>
						<coordinates>-93.0482479995817,44.9667060002123 -93.0470870001716,44.9667110001869 -93.0469729994576,44.9667110003221</coordinates>
					</LineString>
					<LineString>
						<coordinates>-93.0469729994576,44.9667110003221 -93.045480999644,44.9667100000848</coordinates>
					</LineString>
					<LineString>
						<coordinates>-93.045480999644,44.9667100000848 -93.0451939997108,44.9667119999333 -93.0450029996489,44.9667129998604</coordinates>
					</LineString>
					<LineString>
						<coordinates>-93.0426530000414,44.966712999706 -93.0436710000023,44.9667130002561 -93.0438100004328,44.966713000131 -93.0448339995632,44.9667129997155 -93.0450029996489,44.9667129998604</coordinates>
					</LineString>
					<LineString>
						<coordinates>-93.0426530000414,44.966712999706 -93.0405960004176,44.9667120003346</coordinates>
					</LineString>
					<LineString>
						<coordinates>-93.0404509995507,44.9667119995736 -93.0405960004176,44.9667120003346</coordinates>
					</LineString>
					<LineString>
						<coordinates>-93.0404509995507,44.9667119995736 -93.0401820006199,44.9667120000139 -93.0379110002455,44.9667110003696</coordinates>
					</LineString>
					<LineString>
						<coordinates>-93.0355240001312,44.9667109999291 -93.0356650002804,44.9667110000932 -93.0379110002455,44.9667110003696</coordinates>
					</LineString>
					<LineString>
						<coordinates>-93.0355240001312,44.9667109999291 -93.0330889994034,44.9667049997034 -93.0329470000418,44.966705000248</coordinates>
					</LineString>
					<LineString>
						<coordinates>-93.0329470000418,44.966705000248 -93.0322198646135,44.9667034784229</coordinates>
					</LineString>
					<LineString>
						<coordinates>-93.0322198646135,44.9667034784229 -93.0305580003346,44.9667000004136 -93.0303980004139,44.9666989997831</coordinates>
					</LineString>
					<LineString>
						<coordinates>-93.0303980004139,44.9666989997831 -93.027982000482,44.966694000057 -93.027852999979,44.9666940000843</coordinates>
					</LineString>
					<LineString>
						<coordinates>-93.027852999979,44.9666940000843 -93.0255029997555,44.9666880000952 -93.0253009998834,44.9666880000149</coordinates>
					</LineString>
					<LineString>
						<coordinates>-93.0253009998834,44.9666880000149 -93.0247897174404,44.9666875711207</coordinates>
					</LineString>
					<LineString>
						<coordinates>-93.0247897174404,44.9666875711207 -93.0229159996485,44.9666860000325 -93.02276099984,44.9666850003022</coordinates>
					</LineString>
					<LineString>
						<coordinates>-93.02276099984,44.9666850003022 -93.0222657824336,44.9666845839118</coordinates>
					</LineString>
					<LineString>
						<coordinates>-93.0222657824336,44.9666845839118 -93.0203779995399,44.9666830000312</coordinates>
					</LineString>
					<LineString>
						<coordinates>-93.0202410001721,44.966683000089 -93.0203779995399,44.9666830000312</coordinates>
					</LineString>
					<LineString>
						<coordinates>-93.0202530004439,44.9630739999389 -93.0202499994706,44.9639760003863 -93.0202470001015,44.9648719999678 -93.0202410001721,44.966683000089</coordinates>
					</LineString>
					<LineString>
						<coordinates>-93.0202530004439,44.9630739999389 -93.0199209997977,44.9630729996993 -93.019272999454,44.9630720000477</coordinates>
					</LineString>
					<LineString>
						<coordinates>-93.0151869994878,44.9630649999184 -93.019272999454,44.9630720000477</coordinates>
					</LineString>
					<LineString>
						<coordinates>-93.0151869994878,44.9630649999184 -93.015185999547,44.9628650002041 -93.0151843874872,44.9624738712617</coordinates>
					</LineString>
					<LineString>
						<coordinates>-93.0151843874872,44.9624738712617 -93.0151800000091,44.9614099997184 -93.0151799996486,44.9612740003597</coordinates>
					</LineString>
					<LineString>
						<coordinates>-93.0151799996486,44.9612740003597 -93.0151770450235,44.9608591332376</coordinates>
					</LineString>
					<LineString>
						<coordinates>-93.0151770450235,44.9608591332376 -93.0151679997116,44.9595890002624 -93.0151670001634,44.9594669999915</coordinates>
					</LineString>
					<LineString>
						<coordinates>-93.0151670001634,44.9594669999915 -93.0151620003421,44.9585600003174</coordinates>
					</LineString>
					<LineString>
						<coordinates>-93.0151620003421,44.9585600003174 -93.015157999816,44.9577640003701 -93.0151569997467,44.9576350001083</coordinates>
					</LineString>
					<LineString>
						<coordinates>-93.0151569997467,44.9576350001083 -93.0151519998194,44.9567360002162</coordinates>
					</LineString>
					<LineString>
						<coordinates>-93.0151519998194,44.9567360002162 -93.0151480002569,44.9559860002237 -93.0151480001657,44.9558699995746</coordinates>
					</LineString>
					<LineString>
						<coordinates>-93.0151480001657,44.9558699995746 -93.0151379995891,44.9540759995786</coordinates>
					</LineString>
					<LineString>
						<coordinates>-93.0151379995891,44.9540759995786 -93.0151330003269,44.9525789996623</coordinates>
					</LineString>
					<LineString>
						<coordinates>-93.0151330003269,44.9525789996623 -93.0150170001738,44.9525729998355 -93.0149030000006,44.9525599996721 -93.0147910003617,44.9525420003231 -93.0146799995122,44.9525180000003 -93.0145720005184,44.9524880002513 -93.0144679998538,44.9524520000581 -93.0143680003286,44.9524109995537 -93.0142719994249,44.9523649996491 -93.0141809999392,44.9523140002297 -93.0140959995906,44.9522580002841 -93.0136969999123,44.9520300001622 -93.0134500005654,44.9518909998609 -93.0133319999532,44.951840000237 -93.0132019998283,44.9517859997098 -93.0131030003865,44.9517519997367 -93.0129650004558,44.9517109996518 -93.0128430001395,44.9516789996067 -93.0127349999323,44.9516549997529 -93.0125930000887,44.9516279995819 -93.0126010001526,44.9527899998928 -93.0126020005288,44.9529180001643 -93.0126050002713,44.9533939996246 -93.0126059994293,44.9536089997304 -93.0126080000995,44.9538469998314 -93.0126089997149,44.9540640001646 -93.0149590006135,44.9540749996374 -93.0151379995891,44.9540759995786</coordinates>
					</LineString>
					<LineString>
						<coordinates>-93.0151379995891,44.9540759995786 -93.0151470000357,44.9557019999115 -93.0151480001657,44.9558699995746</coordinates>
					</LineString>
					<LineString>
						<coordinates>-93.0151480001657,44.9558699995746 -93.0151519998194,44.9567360002162</coordinates>
					</LineString>
					<LineString>
						<coordinates>-93.0151519998194,44.9567360002162 -93.0151560004718,44.9575090002087 -93.0151569997467,44.9576350001083</coordinates>
					</LineString>
					<LineString>
						<coordinates>-93.0151569997467,44.9576350001083 -93.0151620003421,44.9585600003174</coordinates>
					</LineString>
					<LineString>
						<coordinates>-93.0151620003421,44.9585600003174 -93.0151660001912,44.9593529997891 -93.0151670001634,44.9594669999915</coordinates>
					</LineString>
					<LineString>
						<coordinates>-93.0151670001634,44.9594669999915 -93.0151770450235,44.9608591332376</coordinates>
					</LineString>
					<LineString>
						<coordinates>-93.0151770450235,44.9608591332376 -93.0151790005835,44.9611300001617 -93.0151799996486,44.9612740003597</coordinates>
					</LineString>
					<LineString>
						<coordinates>-93.0151799996486,44.9612740003597 -93.0151843874872,44.9624738712617</coordinates>
					</LineString>
					<LineString>
						<coordinates>-93.0151843874872,44.9624738712617 -93.0151860000581,44.9629149999415 -93.0151869994878,44.9630649999184</coordinates>
					</LineString>
					<LineString>
						<coordinates>-93.019272999454,44.9630720000477 -93.0200719995128,44.963074000387 -93.0202530004439,44.9630739999389</coordinates>
					</LineString>
					<LineString>
						<coordinates>-93.0203779995399,44.9666830000312 -93.0208849995329,44.9666830002603 -93.0222657824336,44.9666845839118</coordinates>
					</LineString>
					<LineString>
						<coordinates>-93.0222657824336,44.9666845839118 -93.0223296493099,44.9666846578613</coordinates>
					</LineString>
					<LineString>
						<coordinates>-93.0223296493099,44.9666846578613 -93.0226279999121,44.9666849997256 -93.02276099984,44.9666850003022</coordinates>
					</LineString>
					<LineString>
						<coordinates>-93.02276099984,44.9666850003022 -93.0247897174404,44.9666875711207</coordinates>
					</LineString>
					<LineString>
						<coordinates>-93.0247897174404,44.9666875711207 -93.0251280004261,44.9666880004018 -93.0253009998834,44.9666880000149</coordinates>
					</LineString>
					<LineString>
						<coordinates>-93.0253009998834,44.9666880000149 -93.0277239994759,44.9666939999658 -93.027852999979,44.9666940000843</coordinates>
					</LineString>
					<LineString>
						<coordinates>-93.027852999979,44.9666940000843 -93.0302579995218,44.9666990000531 -93.0303980004139,44.9666989997831</coordinates>
					</LineString>
					<LineString>
						<coordinates>-93.0303980004139,44.9666989997831 -93.0322198646135,44.9667034784229</coordinates>
					</LineString>
					<LineString>
						<coordinates>-93.0322198646135,44.9667034784229 -93.0328389997767,44.9667049998468 -93.0329470000418,44.966705000248</coordinates>
					</LineString>
					<LineString>
						<coordinates>-93.0329470000418,44.966705000248 -93.0354079996937,44.9667109999446 -93.0355240001312,44.9667109999291</coordinates>
					</LineString>
					<LineString>
						<coordinates>-93.0379110002455,44.9667110003696 -93.0379800002103,44.9667109999488 -93.0404509995507,44.9667119995736</coordinates>
					</LineString>
					<LineString>
						<coordinates>-93.0405960004176,44.9667120003346 -93.0425080004406,44.9667129997558 -93.0426530000414,44.966712999706</coordinates>
					</LineString>
					<LineString>
						<coordinates>-93.0450029996489,44.9667129998604 -93.045480999644,44.9667100000848</coordinates>
					</LineString>
					<LineString>
						<coordinates>-93.045480999644,44.9667100000848 -93.0468449994118,44.9667109997853 -93.0469729994576,44.9667110003221</coordinates>
					</LineString>
					<LineString>
						<coordinates>-93.0469729994576,44.9667110003221 -93.0482479995817,44.9667060002123</coordinates>
					</LineString>
					<LineString>
						<coordinates>-93.0482479995817,44.9667060002123 -93.0482449997845,44.9663510002407 -93.0482419994732,44.9658380001528</coordinates>
					</LineString>
					<LineString>
						<coordinates>-93.0482400000806,44.9655630003272 -93.0482339998165,44.9650379999904 -93.0482329998042,44.9649189995872</coordinates>
					</LineString>
					<LineString>
						<coordinates>-93.0482329998042,44.9649189995872 -93.0482359997328,44.9640230001789</coordinates>
					</LineString>
					<LineString>
						<coordinates>-93.0482359997328,44.9640230001789 -93.0482475244162,44.9632316586269</coordinates>
					</LineString>
					<LineString>
						<coordinates>-93.0482475244162,44.9632316586269 -93.04824800043,44.9631990001184 -93.0482489995274,44.9630900000397</coordinates>
					</LineString>
					<LineString>
						<coordinates>-93.0482489995274,44.9630900000397 -93.0506539995406,44.9630729999441 -93.0507870003842,44.9630720001688</coordinates>
					</LineString>
					<LineString>
						<coordinates>-93.0519154695472,44.9630640004128 -93.0531849996747,44.9630550002985 -93.0533290001133,44.9630539996415</coordinates>
					</LineString>
					<LineString>
						<coordinates>-93.0533290001133,44.9630539996415 -93.0556668395939,44.9630364518201</coordinates>
					</LineString>
					<LineString>
						<coordinates>-93.0556668395939,44.9630364518201 -93.0557269994712,44.9630360002876 -93.0558709998185,44.9630350000263</coordinates>
					</LineString>
					<LineString>
						<coordinates>-93.0558709998185,44.9630350000263 -93.0574353366953,44.9630389122532</coordinates>
					</LineString>
					<LineString>
						<coordinates>-93.0574353366953,44.9630389122532 -93.0582699994918,44.9630410000965 -93.0584289996928,44.9630409998788</coordinates>
					</LineString>
					<LineString>
						<coordinates>-93.0584289996928,44.9630409998788 -93.0607919995458,44.9630469995921 -93.0609749997799,44.9630480002765</coordinates>
					</LineString>
					<LineString>
						<coordinates>-93.0609749997799,44.9630480002765 -93.0635280001524,44.9630600000392</coordinates>
					</LineString>
					<LineString>
						<coordinates>-93.0635280001524,44.9630600000392 -93.0649033502592,44.9623924539997</coordinates>
					</LineString>
					<LineString>
						<coordinates>-93.0649033502592,44.9623924539997 -93.0654070004745,44.9621480003384 -93.0654250002756,44.9621389997425</coordinates>
					</LineString>
					<LineString>
						<coordinates>-93.0658909998787,44.9619260004431 -93.0672739995685,44.9612390004154</coordinates>
					</LineString>
					<LineString>
						<coordinates>-93.0674079999567,44.9611739999522 -93.0681099999103,44.9608330003558 -93.0682299999453,44.9607750000184</coordinates>
					</LineString>
					<LineString>
						<coordinates>-93.0682299999453,44.9607750000184 -93.0694049997038,44.9602039996629</coordinates>
					</LineString>
					<LineString>
						<coordinates>-93.0694049997038,44.9602039996629 -93.0697060704522,44.9600584170329</coordinates>
					</LineString>
					<LineString>
						<coordinates>-93.0713059995955,44.9592829996106 -93.072052000091,44.958919000308 -93.0721929998512,44.9588510002259</coordinates>
					</LineString>
					<LineString>
						<coordinates>-93.0721929998512,44.9588510002259 -93.0736639999175,44.9581360002101 -93.0737810004079,44.9580799997913</coordinates>
					</LineString>
					<LineString>
						<coordinates>-93.0737810004079,44.9580799997913 -93.0758279998408,44.9570859999605</coordinates>
					</LineString>
					<LineString>
						<coordinates>-93.0763870000219,44.956835000153 -93.0778790001894,44.9561140001297 -93.0783270005858,44.9558979995769</coordinates>
					</LineString>
					<LineString>
						<coordinates>-93.0798460001035,44.9551610000738 -93.0805569997289,44.9548159996457 -93.0807350003126,44.9547300002725</coordinates>
					</LineString>
					<LineString>
						<coordinates>-93.0807350003126,44.9547300002725 -93.0815829999005,44.9542910002317</coordinates>
					</LineString>
					<LineString>
						<coordinates>-93.0820749999269,44.9540530002875 -93.0823280003169,44.9539300002827 -93.0824359999545,44.9538789998562</coordinates>
					</LineString>
					<LineString>
						<coordinates>-93.0824359999545,44.9538789998562 -93.0832839997812,44.9534350000102</coordinates>
					</LineString>
					<LineString>
						<coordinates>-93.085533999384,44.9528140001671 -93.0856199998962,44.9527859998088 -93.0856660004425,44.9527700002604</coordinates>
					</LineString>
					<LineString>
						<coordinates>-93.0874170004311,44.9514579996007 -93.0867840003695,44.9508070000074 -93.0865919994828,44.9506110001274 -93.0877339999601,44.9500700000191</coordinates>
					</LineString>
					<LineString>
						<coordinates>-93.0877339999601,44.9500700000191 -93.088904999857,44.949515000153 -93.0902519999097,44.9488749999379 -93.0911189997264,44.9484629997707 -93.0916200005732,44.9482239997691 -93.0928239995545,44.9476510001558 -93.0938330005249,44.9471700002018 -93.0939559995439,44.9471109998132 -93.0939759993713,44.9471020002499 -93.0952420004753,44.946498000281 -93.0962639997117,44.9460109995761 -93.0964950004069,44.9460319998738 -93.0968850000811,44.946068000016 -93.0972560001673,44.9461010002331 -93.0974179996618,44.9461159999481 -93.0989449997167,44.9462510001938 -93.0996040005506,44.9463079997281 -93.1003609998245,44.9463749997395 -93.1005470002088,44.9463920002747 -93.1007180001301,44.9464069999864 -93.1015510003767,44.9459369999605 -93.1016919994165,44.9458460000665 -93.1018279999219,44.9457500002343 -93.101956999589,44.945649999692 -93.1020799998263,44.9455460002688 -93.1021959997506,44.9454390003026 -93.1022279997226,44.9454059999837 -93.1023060002661,44.9453279996945 -93.1024089999977,44.9452130002595 -93.1028229995097,44.9447200001766 -93.1029070006017,44.9446280004309 -93.103200999946,44.9441600002692 -93.1032600003384,44.9440670002146</coordinates>
					</LineString>
					<LineString>
						<coordinates>-93.1040890001463,44.9434089995635 -93.1050619999392,44.9426300002307 -93.1051829994936,44.9425330001213</coordinates>
					</LineString>
					<LineString>
						<coordinates>-93.1051829994936,44.9425330001213 -93.1062790000471,44.9416549996562</coordinates>
					</LineString>
					<LineString>
						<coordinates>-93.1084890001739,44.9401230001282 -93.1090629999525,44.9397290001782 -93.1093610003505,44.9395240001817</coordinates>
					</LineString>
					<LineString>
						<coordinates>-93.1093610003505,44.9395240001817 -93.1101989994801,44.938960000095</coordinates>
					</LineString>
					<LineString>
						<coordinates>-93.111857000028,44.9378329999617 -93.1122860005896,44.9375399995974 -93.1125129995775,44.9373849998311</coordinates>
					</LineString>
					<LineString>
						<coordinates>-93.1125129995775,44.9373849998311 -93.1138470006204,44.9364749995814 -93.1141010003296,44.9363019998601</coordinates>
					</LineString>
					<LineString>
						<coordinates>-93.1141010003296,44.9363019998601 -93.1152260001805,44.9355350001604 -93.1152770000601,44.9355000001107</coordinates>
					</LineString>
					<LineString>
						<coordinates>-93.1159870005166,44.9350059996592 -93.1168325331895,44.9344528172547</coordinates>
					</LineString>
					<LineString>
						<coordinates>-93.1168325331895,44.9344528172547 -93.117248000114,44.9341810000057 -93.1173480002155,44.9341159998445</coordinates>
					</LineString>
					<LineString>
						<coordinates>-93.1173480002155,44.9341159998445 -93.1198810000163,44.9323759998993</coordinates>
					</LineString>
					<LineString>
						<coordinates>-93.1224759994778,44.9306119997646 -93.1227190764922,44.9304453334473</coordinates>
					</LineString>
					<LineString>
						<coordinates>-93.1227190764922,44.9304453334473 -93.122950000445,44.9302870002764 -93.1231930005052,44.9301199999483</coordinates>
					</LineString>
					<LineString>
						<coordinates>-93.1244170001367,44.9292910003397 -93.1245609993743,44.9291860002112 -93.1246230001088,44.9291409997871</coordinates>
					</LineString>
					<LineString>
						<coordinates>-93.1246230001088,44.9291409997871 -93.12543299943,44.9285900001091 -93.1257040003592,44.9284060001842</coordinates>
					</LineString>
					<LineString>
						<coordinates>-93.1257040003592,44.9284060001842 -93.1266790005632,44.9277220000297</coordinates>
					</LineString>
					<LineString>
						<coordinates>-93.1266790005632,44.9277220000297 -93.127881999962,44.9269159999539 -93.1279780003452,44.926851000282</coordinates>
					</LineString>
					<LineString>
						<coordinates>-93.1282150003537,44.9268520001433 -93.1305150004244,44.9268629996388 -93.1306719997554,44.9268640002791</coordinates>
					</LineString>
					<LineString>
						<coordinates>-93.1306719997554,44.9268640002791 -93.133102000627,44.9268749996019</coordinates>
					</LineString>
					<LineString>
						<coordinates>-93.133102000627,44.9268749996019 -93.1335770006156,44.9268779999287 -93.1343339998793,44.9268810000033</coordinates>
					</LineString>
					<LineString>
						<coordinates>-93.135529000299,44.9268870004203 -93.1362630004825,44.9268899996961 -93.1364130002563,44.9268899997681</coordinates>
					</LineString>
					<LineString>
						<coordinates>-93.1364130002563,44.9268899997681 -93.1367162625776,44.9268915131599</coordinates>
					</LineString>
					<LineString>
						<coordinates>-93.1367162625776,44.9268915131599 -93.1388180004814,44.9269020001764 -93.1389899997837,44.9269019998277</coordinates>
					</LineString>
					<LineString>
						<coordinates>-93.1389899997837,44.9269019998277 -93.1404700159157,44.9269093747227</coordinates>
					</LineString>
					<LineString>
						<coordinates>-93.1404700159157,44.9269093747227 -93.1413980004579,44.9269139998663 -93.1415540003894,44.9269140001603</coordinates>
					</LineString>
					<LineString>
						<coordinates>-93.1415540003894,44.9269140001603 -93.1436109997306,44.9269239998105</coordinates>
					</LineString>
					<LineString>
						<coordinates>-93.1436109997306,44.9269239998105 -93.1437030000386,44.9269419997985 -93.1439059994446,44.9269839997818 -93.144508000234,44.9269900001733 -93.1447139994886,44.9269919997436 -93.1449200000261,44.9269939998408 -93.1454049996459,44.9269989997516 -93.14660300024,44.9269719996092</coordinates>
					</LineString>
					<LineString>
						<coordinates>-93.14660300024,44.9269719996092 -93.1468699998919,44.9269430003499 -93.1469159997227,44.9269379999623</coordinates>
					</LineString>
					<LineString>
						<coordinates>-93.1486680004829,44.9269430000728 -93.1498759996773,44.926945999603 -93.1500610004499,44.9269469998527</coordinates>
					</LineString>
					<LineString>
						<coordinates>-93.1517199994921,44.926950999561 -93.1541350001236,44.9269570000433 -93.1542700004553,44.9269569996049</coordinates>
					</LineString>
					<LineString>
						<coordinates>-93.1542700004553,44.9269569996049 -93.1562354326671,44.9269602367121</coordinates>
					</LineString>
					<LineString>
						<coordinates>-93.1562354326671,44.9269602367121 -93.1566989997759,44.9269609996206 -93.156838000607,44.9269609996594</coordinates>
					</LineString>
					<LineString>
						<coordinates>-93.156838000607,44.9269609996594 -93.1584353540871,44.9269643086043</coordinates>
					</LineString>
					<LineString>
						<coordinates>-93.1584353540871,44.9269643086043 -93.158962491545,44.9269653999141</coordinates>
					</LineString>
					<LineString>
						<coordinates>-93.158962491545,44.9269653999141 -93.1592519996198,44.9269660003098 -93.1593759998095,44.926967000299</coordinates>
					</LineString>
					<LineString>
						<coordinates>-93.1593759998095,44.926967000299 -93.1617760004725,44.9269710003132 -93.1619329993705,44.9269720002889</coordinates>
					</LineString>
					<LineString>
						<coordinates>-93.1644730004524,44.9269740004366 -93.1655780000913,44.9269710003098 -93.1657020000588,44.9269709996051</coordinates>
					</LineString>
					<LineString>
						<coordinates>-93.1670249999372,44.9269880000873 -93.1676239997241,44.9269900004367 -93.168385676552,44.9269933296649</coordinates>
					</LineString>
					<LineString>
						<coordinates>-93.168385676552,44.9269933296649 -93.1694540000745,44.9269979996429 -93.1695739996109,44.9269979997695</coordinates>
					</LineString>
					<LineString>
						<coordinates>-93.1695739996109,44.9269979997695 -93.1719780003876,44.9270079998633 -93.1721189996769,44.927007999899</coordinates>
					</LineString>
					<LineString>
						<coordinates>-93.1721189996769,44.927007999899 -93.1733214547949,44.9270130400091</coordinates>
					</LineString>
					<LineString>
						<coordinates>-93.1733214547949,44.9270130400091 -93.174504999727,44.927018000033 -93.1746580005195,44.9270180002001</coordinates>
					</LineString>
					<LineString>
						<coordinates>-93.1746580005195,44.9270180002001 -93.1758181240758,44.9270228717071</coordinates>
					</LineString>
					<LineString>
						<coordinates>-93.1758181240758,44.9270228717071 -93.1770389998547,44.9270280000511 -93.1772020000066,44.927028000213</coordinates>
					</LineString>
					<LineString>
						<coordinates>-93.1772020000066,44.927028000213 -93.1781912763203,44.9270316956508</coordinates>
					</LineString>
					<LineString>
						<coordinates>-93.1781912763203,44.9270316956508 -93.1796110005379,44.9270370000865 -93.1797519998966,44.9270369997002</coordinates>
					</LineString>
					<LineString>
						<coordinates>-93.1797519998966,44.9270369997002 -93.181414000427,44.9270430001882</coordinates>
					</LineString>
					<LineString>
						<coordinates>-93.181414000427,44.9270430001882 -93.1821510006003,44.9270460004432 -93.1822869996804,44.9270460004012</coordinates>
					</LineString>
					<LineString>
						<coordinates>-93.1822869996804,44.9270460004012 -93.1842710000675,44.9270529995572</coordinates>
					</LineString>
					<LineString>
						<coordinates>-93.1842710000675,44.9270529995572 -93.1847069996329,44.9270550003528 -93.1848309997802,44.9270549995829</coordinates>
					</LineString>
					<LineString>
						<coordinates>-93.1873719997853,44.9243420002155 -93.1873710002106,44.9235409995683 -93.1873709999746,44.9234309999269</coordinates>
					</LineString>
					<LineString>
						<coordinates>-93.1873770005527,44.9207100002619 -93.1873839999335,44.9199479999857 -93.1873849998741,44.9198440003039</coordinates>
					</LineString>
					<LineString>
						<coordinates>-93.1873860002516,44.9197529995873 -93.1873720005449,44.9188889998268</coordinates>
					</LineString>
					<LineString>
						<coordinates>-93.1873720005449,44.9188889998268 -93.1873780003105,44.9180899997888 -93.1873790005725,44.9179670003289</coordinates>
					</LineString>
					<LineString>
						<coordinates>-93.1873790005725,44.9179670003289 -93.1899120002212,44.9179629999453 -93.1903809997111,44.9179620003348 -93.192301999586,44.9179550001015 -93.1924759998285,44.9179540003216 -93.1953990005709,44.9179419997355 -93.1955849999006,44.9179420000229 -93.1967699995264,44.9179419998454 -93.1969539995591,44.9179420004476 -93.1980529995491,44.9179299995619 -93.1984560003025,44.9178829996891</coordinates>
					</LineString>
					<LineString>
						<coordinates>-93.2065400004354,44.9189309996209 -93.2066440002531,44.9191400003755 -93.2067599996269,44.9192950002764 -93.206814999396,44.9193599999577 -93.2068639997828,44.9194140000645 -93.2069320002182,44.9194690000608 -93.2070150005829,44.9195319999603 -93.2070800003368,44.9195719997802 -93.2071539994014,44.9196139997 -93.2072239993926,44.9196460001432 -93.2072990005955,44.9196770003391 -93.207423000416,44.9197190002353 -93.2074790005859,44.9197359997169 -93.2075459998097,44.9197529998877 -93.2076570002277,44.9197700001396 -93.2079299994146,44.9197820000787 -93.2081870002667,44.9197859995968 -93.2082110002133,44.9197859999545 -93.2089210004932,44.9197859996234 -93.2101970005562,44.9197750000767 -93.2114659994314,44.9197669996221 -93.2125989999391,44.9197560002761 -93.2127570003506,44.919754000152 -93.2140279996829,44.9197529999081 -93.2148399995241,44.9197409995926 -93.2154439998368,44.919726999631 -93.2158640002841,44.9197170001429 -93.2165220004381,44.9196769997885</coordinates>
					</LineString>
					<LineString>
						<coordinates>-93.2165220004381,44.9196769997885 -93.2178789996354,44.9196720001407</coordinates>
					</LineString>
					<LineString>
						<coordinates>-93.02276099984,44.9666850003022 -93.0223296493099,44.9666846578613</coordinates>
					</LineString>
					<LineString>
						<coordinates>-93.0223296493099,44.9666846578613 -93.0202410001721,44.966683000089</coordinates>
					</LineString>
					<LineString>
						<coordinates>-93.0202410001721,44.966683000089 -93.0202400001401,44.9669799999229 -93.0202369998621,44.9677300004279</coordinates>
					</LineString>
					<LineString>
						<coordinates>-93.0202369998621,44.9677300004279 -93.0190749996458,44.9681289998029 -93.0189550001641,44.9681700003912</coordinates>
					</LineString>
					<LineString>
						<coordinates>-93.0189550001641,44.9681700003912 -93.0179989996868,44.9684840000417</coordinates>
					</LineString>
					<LineString>
						<coordinates>-93.0166079994898,44.968868000227 -93.0168469994235,44.9688179997432 -93.0170829993712,44.9687620002897 -93.0173170000985,44.9687010000523 -93.0175470001879,44.9686340001311 -93.0177749996779,44.9685620003586 -93.0179989996868,44.9684840000417</coordinates>
					</LineString>
					<LineString>
						<coordinates>-93.0166079994898,44.968868000227 -93.0165220000765,44.9688840002133 -93.0163670001703,44.9689119997783</coordinates>
					</LineString>
					<LineString>
						<coordinates>-93.0163670001703,44.9689119997783 -93.0161329994335,44.9689569997525</coordinates>
					</LineString>
					<LineString>
						<coordinates>-93.0151760005885,44.969064999828 -93.0154169998152,44.9690479997215 -93.0156579998034,44.9690250001885 -93.0158959995869,44.9689939996069 -93.0161329994335,44.9689569997525</coordinates>
					</LineString>
					<LineString>
						<coordinates>-93.0151760005885,44.969064999828 -93.0139480004823,44.9691150003566 -93.0138690005919,44.9691180004345</coordinates>
					</LineString>
					<LineString>
						<coordinates>-93.0138690005919,44.9691180004345 -93.0128170004923,44.9691570001836</coordinates>
					</LineString>
					<LineString>
						<coordinates>-93.0128170004923,44.9691570001836 -93.0126690005605,44.9691620001921 -93.0125139995879,44.9691679999957</coordinates>
					</LineString>
					<LineString>
						<coordinates>-93.0114959996992,44.9692080001687 -93.0125139995879,44.9691679999957</coordinates>
					</LineString>
					<LineString>
						<coordinates>-93.0114959996992,44.9692080001687 -93.0114239995229,44.969210999651 -93.0111809996053,44.9692199995715</coordinates>
					</LineString>
					<LineString>
						<coordinates>-93.0111809996053,44.9692199995715 -93.0106110006036,44.9692419998742</coordinates>
					</LineString>
					<LineString>
						<coordinates>-93.0102499996828,44.9692199996059 -93.0106110006036,44.9692419998742</coordinates>
					</LineString>
					<LineString>
						<coordinates>-93.0102499996828,44.9692199996059 -93.0094439996956,44.9691720003439 -93.0093090005262,44.969163999668</coordinates>
					</LineString>
					<LineString>
						<coordinates>-93.0063070004442,44.9689479999203 -93.006620999393,44.9690339996436 -93.007862999448,44.9691640003571 -93.0083349995555,44.969179000186 -93.009073000462,44.9691489997622 -93.0093090005262,44.969163999668</coordinates>
					</LineString>
					<LineString>
						<coordinates>-93.0063070004442,44.9689479999203 -93.0052799999133,44.9685820000926 -93.0051119996826,44.9685219996494</coordinates>
					</LineString>
					<LineString>
						<coordinates>-93.0021010004838,44.9687429996808 -93.0028290005059,44.9685410002828 -93.004044000279,44.9684219998764 -93.0041599997102,44.9684130000328 -93.0042770000019,44.9684089997326 -93.004393999391,44.9684099999116 -93.0045099999187,44.9684159997091 -93.004625999685,44.9684280001075 -93.0047410005714,44.9684440000086 -93.0051119996826,44.9685219996494</coordinates>
					</LineString>
					<LineString>
						<coordinates>-93.0021010004838,44.9687429996808 -93.0013160003368,44.9691090003293 -93.0008190003295,44.9693410003303</coordinates>
					</LineString>
					<LineString>
						<coordinates>-93.0008449996198,44.9670389997201 -93.0007270003786,44.9671650003535 -93.0006160003997,44.9672950004045 -93.0005139994469,44.9674279997642 -93.0004210001099,44.9675650003769 -93.0003369998858,44.967704000224 -93.0002620001038,44.9678460003453 -93.0001959995505,44.9679909998581 -93.0001400000675,44.9681370003373 -93.0000940004614,44.968285000117 -93.0000559997524,44.9684339999904 -93.0000289995852,44.9685839999648 -93.000011999514,44.9687360001676 -93.0000040003503,44.9688870002442 -93.0000060001657,44.9690390004358 -93.0000180003069,44.9691899996023 -93.0000399995846,44.9693409996606 -93.0000710000685,44.9694909995858 -93.0001119998377,44.9696400002699 -93.0008190003295,44.9693410003303</coordinates>
					</LineString>
					<LineString>
						<coordinates>-93.0008449996198,44.9670389997201 -93.001047000507,44.9668180003182 -93.0020029996732,44.9657700002352</coordinates>
					</LineString>
					<LineString>
						<coordinates>-93.0020029996732,44.9657700002352 -93.0026640001818,44.9650450003085 -93.002722000133,44.9649810002369</coordinates>
					</LineString>
					<LineString>
						<coordinates>-93.0028270002618,44.9648660000413 -93.002722000133,44.9649810002369</coordinates>
					</LineString>
					<LineString>
						<coordinates>-93.0028270002618,44.9648660000413 -93.003811999439,44.9638169998171</coordinates>
					</LineString>
					<LineString>
						<coordinates>-93.003811999439,44.9638169998171 -93.0039910001619,44.9637200000055 -93.0045980002491,44.9630479995988</coordinates>
					</LineString>
					<LineString>
						<coordinates>-93.005479999632,44.9630480002903 -93.0050500002549,44.9630480003101 -93.0049779995807,44.9630479998705 -93.0045980002491,44.9630479995988</coordinates>
					</LineString>
					<LineString>
						<coordinates>-93.005479999632,44.9630480002903 -93.0075949994122,44.9630500000856</coordinates>
					</LineString>
					<LineString>
						<coordinates>-93.0075949994122,44.9630500000856 -93.0099859999273,44.963055000289 -93.0101179999114,44.9630550003732</coordinates>
					</LineString>
					<LineString>
						<coordinates>-93.0101179999114,44.9630550003732 -93.0124949998738,44.9630599996994 -93.0126499996668,44.9630599997396</coordinates>
					</LineString>
					<LineString>
						<coordinates>-93.0126499996668,44.9630599997396 -93.0151869994878,44.9630649999184</coordinates>
					</LineString>
					<LineString>
						<coordinates>-93.0151379995891,44.9540759995786 -93.0151369994575,44.9535749996172 -93.0151330003269,44.9525789996623</coordinates>
					</LineString>
					<LineString>
						<coordinates>-93.1500610004499,44.9269469998527 -93.1486680004829,44.9269430000728</coordinates>
					</LineString>
					<LineString>
						<coordinates>-93.1466029995668,44.926899000235 -93.14660300024,44.9269719996092</coordinates>
					</LineString>
					<LineString>
						<coordinates>-93.14660300024,44.9269719996092 -93.146601000604,44.9276559999369 -93.1465999996543,44.9278079998128 -93.1465959998967,44.9287220002624 -93.1465930003485,44.9295469997148 -93.1465920001494,44.9296470001573 -93.1465890000244,44.9305550000699 -93.1468820003953,44.9306319997318 -93.1481420002501,44.930632999968 -93.1493030004293,44.9306339996434 -93.1500330000165,44.930635000013 -93.1502720005987,44.9305679995873 -93.1502729999453,44.9296590002864 -93.1502870005987,44.9288660002362 -93.1502880004203,44.9287620001413 -93.1502879996625,44.9278519999405 -93.1502909997834,44.9272209995875 -93.1502919997982,44.9269470003657</coordinates>
					</LineString>
					<LineString>
						<coordinates>-93.1469159997227,44.9269379999623 -93.1466029995668,44.926899000235</coordinates>
					</LineString>
					<LineString>
						<coordinates>-93.0151869994878,44.9630649999184 -93.012679999954,44.9630600000134 -93.0126499996668,44.9630599997396</coordinates>
					</LineString>
					<LineString>
						<coordinates>-93.0126499996668,44.9630599997396 -93.0102950003222,44.9630549998579 -93.0101179999114,44.9630550003732</coordinates>
					</LineString>
					<LineString>
						<coordinates>-93.0101179999114,44.9630550003732 -93.0075949994122,44.9630500000856</coordinates>
					</LineString>
					<LineString>
						<coordinates>-93.0075949994122,44.9630500000856 -93.0059720004349,44.9630479999271 -93.005479999632,44.9630480002903</coordinates>
					</LineString>
					<LineString>
						<coordinates>-93.0045980002491,44.9630479995988 -93.004387000463,44.9630489999182 -93.0038459998882,44.9636730002112 -93.003811999439,44.9638169998171</coordinates>
					</LineString>
					<LineString>
						<coordinates>-93.003811999439,44.9638169998171 -93.002898999382,44.9647899998855 -93.0028270002618,44.9648660000413</coordinates>
					</LineString>
					<LineString>
						<coordinates>-93.002722000133,44.9649810002369 -93.0020029996732,44.9657700002352</coordinates>
					</LineString>
					<LineString>
						<coordinates>-93.0020029996732,44.9657700002352 -93.0010540000392,44.9668100001933 -93.0008449996198,44.9670389997201</coordinates>
					</LineString>
					<LineString>
						<coordinates>-93.0008190003295,44.9693410003303 -93.0012870002609,44.9691220004153 -93.0021010004838,44.9687429996808</coordinates>
					</LineString>
					<LineString>
						<coordinates>-93.0051119996826,44.9685219996494 -93.0055620000224,44.9686819995833 -93.0063070004442,44.9689479999203</coordinates>
					</LineString>
					<LineString>
						<coordinates>-93.0093090005262,44.969163999668 -93.0093570002237,44.9691669997052 -93.0102499996828,44.9692199996059</coordinates>
					</LineString>
					<LineString>
						<coordinates>-93.0106110006036,44.9692419998742 -93.0111119997478,44.9692230003636 -93.0111809996053,44.9692199995715</coordinates>
					</LineString>
					<LineString>
						<coordinates>-93.0111809996053,44.9692199995715 -93.0114959996992,44.9692080001687</coordinates>
					</LineString>
					<LineString>
						<coordinates>-93.0125139995879,44.9691679999957 -93.0126370002596,44.9691640003761 -93.0128170004923,44.9691570001836</coordinates>
					</LineString>
					<LineString>
						<coordinates>-93.0128170004923,44.9691570001836 -93.0137929997696,44.9691210000956 -93.0138690005919,44.9691180004345</coordinates>
					</LineString>
					<LineString>
						<coordinates>-93.0138690005919,44.9691180004345 -93.0151760005885,44.969064999828</coordinates>
					</LineString>
					<LineString>
						<coordinates>-93.0161329994335,44.9689569997525 -93.0162159999968,44.9689409995849 -93.0163670001703,44.9689119997783</coordinates>
					</LineString>
					<LineString>
						<coordinates>-93.0163670001703,44.9689119997783 -93.0166079994898,44.968868000227</coordinates>
					</LineString>
					<LineString>
						<coordinates>-93.0179989996868,44.9684840000417 -93.0188459995409,44.9682060002398 -93.0189550001641,44.9681700003912</coordinates>
					</LineString>
					<LineString>
						<coordinates>-93.0189550001641,44.9681700003912 -93.0202369998621,44.9677300004279</coordinates>
					</LineString>
					<LineString>
						<coordinates>-93.0202369998621,44.9677300004279 -93.0202410001721,44.966683000089</coordinates>
					</LineString>
					<LineString>
						<coordinates>-93.0114959996992,44.9692080001687 -93.0115110001035,44.9702029997116 -93.0115119999097,44.9702879998647</coordinates>
					</LineString>
					<LineString>
						<coordinates>-93.012154999977,44.9732609995981 -93.0121549999918,44.9731470004395 -93.0121550004189,44.9731129999951 -93.0121450003186,44.9729429997343 -93.0121270003311,44.9727720001983 -93.012102000489,44.972602999834 -93.0120669999147,44.9724339996161 -93.0120249994141,44.9722660002388 -93.0119799998697,44.9721159996999 -93.0119280004627,44.9719669999897 -93.0118700005607,44.9718190000947 -93.0118049996252,44.9716720001094 -93.0117339997578,44.9715270000381 -93.0116860000272,44.9714030000727 -93.0116439999474,44.9712780002538 -93.0116039994394,44.9711380002241 -93.0115710001791,44.9709960001292 -93.0115449999832,44.9708540002142 -93.0115270006332,44.9707120003826 -93.0115160000388,44.9705689997197 -93.0115119996168,44.970426000147 -93.0115119996918,44.9703820002922 -93.0115119999097,44.9702879998647</coordinates>
					</LineString>
					<LineString>
						<coordinates>-93.012154999977,44.9732609995981 -93.0121540002837,44.9742379997115</coordinates>
					</LineString>
					<LineString>
						<coordinates>-93.011958999921,44.975476999895 -93.0120070000792,44.9754320003254 -93.0120479998718,44.9753830000995 -93.0120830003739,44.9753320002561 -93.0121109996848,44.9752790000069 -93.0121320005684,44.9752250003753 -93.0121440000634,44.9751800000638 -93.0121520003535,44.9751329999391 -93.0121539995303,44.9750869996707 -93.0121540002837,44.9742379997115</coordinates>
					</LineString>
					<LineString>
						<coordinates>-93.011958999921,44.975476999895 -93.0111749995666,44.9761649996954 -93.011120999641,44.9762119997308</coordinates>
					</LineString>
					<LineString>
						<coordinates>-93.011120999641,44.9762119997308 -93.0081190003522,44.976211000432 -93.0079109998639,44.9762109997265 -93.0078080004805,44.9763620003911 -93.0077690001917,44.976420000016 -93.0077310002211,44.9764760002227 -93.0076269996562,44.9765920002429 -93.0074899998645,44.9767309996557 -93.0072290001686,44.976944000269 -93.0063619994477,44.9775280002924</coordinates>
					</LineString>
					<LineString>
						<coordinates>-93.0063619994477,44.9775280002924 -93.0065589995982,44.9775269998322 -93.0066400004459,44.9775269996523</coordinates>
					</LineString>
					<LineString>
						<coordinates>-93.0066400004459,44.9775269996523 -93.0094900003449,44.9775150004121 -93.0096700003591,44.9775149997159</coordinates>
					</LineString>
					<LineString>
						<coordinates>-93.0096700003591,44.9775149997159 -93.0096689994806,44.9773779998085</coordinates>
					</LineString>
					<LineString>
						<coordinates>-93.0096689994806,44.9773779998085 -93.0096729999574,44.9773419997144 -93.0096829997723,44.9773080002481 -93.0097010001057,44.9772750002197 -93.0097269998454,44.9772439997436 -93.0097579996526,44.9772160000893 -93.0097939996949,44.9771919995706 -93.0099860002508,44.9770810004221 -93.0101720000336,44.9769639998733 -93.0103509999783,44.9768430000807 -93.0105240005784,44.9767169999662 -93.0106899998925,44.9765859996506 -93.0108489993822,44.9764510001826</coordinates>
					</LineString>
					<LineString>
						<coordinates>-93.0108489993822,44.9764510001826 -93.0110600001457,44.9762660003472 -93.011120999641,44.9762119997308</coordinates>
					</LineString>
					<LineString>
						<coordinates>-93.011120999641,44.9762119997308 -93.011958999921,44.975476999895</coordinates>
					</LineString>
					<LineString>
						<coordinates>-93.0121540002837,44.9742379997115 -93.012154999755,44.9733439995684 -93.012154999977,44.9732609995981</coordinates>
					</LineString>
					<LineString>
						<coordinates>-93.0115119999097,44.9702879998647 -93.0114979997815,44.9693489997347 -93.0114959996992,44.9692080001687</coordinates>
					</LineString>
					<LineString>
						<coordinates>-92.9898079995225,44.9776939998252 -92.9857010003507,44.9777440001741 -92.9847240001808,44.977756000219 -92.9847240002026,44.9779039997011 -92.9847219995809,44.9786510003127 -92.9847190005907,44.9803009999368 -92.9847179994839,44.9812860004409 -92.9847169998071,44.9813869995751 -92.9856449994924,44.9813749997508 -92.9856650005541,44.9813749995624 -92.9864029998738,44.9813659996317 -92.9869510005322,44.9813589997224 -92.988123999598,44.9813450000478 -92.9882340000811,44.9813430003958 -92.988421999451,44.9813409995698 -92.9898040003016,44.9813239996832 -92.9898049998361,44.9809729999161 -92.9898059999894,44.9794659999271 -92.9898079998545,44.9778210004286 -92.9898079995225,44.9776939998252</coordinates>
					</LineString>
					<LineString>
						<coordinates>-92.9898079995225,44.9776939998252 -92.9948920005012,44.97763300008</coordinates>
					</LineString>
					<LineString>
						<coordinates>-92.9948920005012,44.97763300008 -92.9952737706212,44.9776291141649</coordinates>
					</LineString>
					<LineString>
						<coordinates>-92.9952737706212,44.9776291141649 -92.9952850001237,44.9776289940027 -92.9954630005492,44.9776270000758</coordinates>
					</LineString>
					<LineString>
						<coordinates>-92.9954630005492,44.9776270000758 -92.9976509996522,44.9776050004195 -92.9978460001159,44.9776039996443</coordinates>
					</LineString>
					<LineString>
						<coordinates>-92.9978460001159,44.9776039996443 -92.9997530003329,44.9775850003368 -93.0000469999929,44.9775820002391</coordinates>
					</LineString>
					<LineString>
						<coordinates>-93.0000469999929,44.9775820002391 -93.0049299999187,44.9775339997822 -93.0051099998149,44.9775319997352</coordinates>
					</LineString>
					<LineString>
						<coordinates>-93.0051099998149,44.9775319997352 -93.0063619994477,44.9775280002924</coordinates>
					</LineString>
					<LineString>
						<coordinates>-93.011120999641,44.9762119997308 -93.0108489993822,44.9764510001826</coordinates>
					</LineString>
					<LineString>
						<coordinates>-93.0096689994806,44.9773779998085 -93.0096689995568,44.9773859998542 -93.0096700003591,44.9775149997159</coordinates>
					</LineString>
					<LineString>
						<coordinates>-93.0096700003591,44.9775149997159 -93.0071459999347,44.9775250003819 -93.0066400004459,44.9775269996523</coordinates>
					</LineString>
					<LineString>
						<coordinates>-93.0066400004459,44.9775269996523 -93.0063619994477,44.9775280002924</coordinates>
					</LineString>
					<LineString>
						<coordinates>-93.0063619994477,44.9775280002924 -93.0052099997114,44.9775319997179 -93.0051099998149,44.9775319997352</coordinates>
					</LineString>
					<LineString>
						<coordinates>-93.0051099998149,44.9775319997352 -93.0006469998264,44.9775760004063 -93.0000469999929,44.9775820002391</coordinates>
					</LineString>
					<LineString>
						<coordinates>-93.0000469999929,44.9775820002391 -92.9980740004181,44.9776009997611 -92.9978460001159,44.9776039996443</coordinates>
					</LineString>
					<LineString>
						<coordinates>-92.9978460001159,44.9776039996443 -92.9954630005492,44.9776270000758</coordinates>
					</LineString>
					<LineString>
						<coordinates>-92.9952737706212,44.9776291141649 -92.9951049995821,44.9776310001692 -92.9948920005012,44.97763300008</coordinates>
					</LineString>
					<LineString>
						<coordinates>-92.9948920005012,44.97763300008 -92.9900239997976,44.9776919997564 -92.9898079995225,44.9776939998252</coordinates>
					</LineString>
					<LineString>
						<coordinates>-93.0609749997799,44.9630480002765 -93.0609509994782,44.9631089997485 -93.0609409998698,44.9639710001699 -93.0609370002826,44.9643360003955 -93.0609320003211,44.964882000426 -93.0609230003861,44.9660840004173 -93.0609109997888,44.9676429995738 -93.060902999728,44.9685179997954 -93.060896000014,44.9694170004192 -93.0608989999855,44.9703250002446 -93.0634269995441,44.970323000402 -93.065958000065,44.9703149997638</coordinates>
					</LineString>
					<LineString>
						<coordinates>-93.065958000065,44.9703149997638 -93.0659720002736,44.9711170001154 -93.065974000609,44.9712069997965</coordinates>
					</LineString>
					<LineString>
						<coordinates>-93.065974000609,44.9712069997965 -93.0659620005037,44.9720980004403 -93.0659629993931,44.9729860002806</coordinates>
					</LineString>
					<LineString>
						<coordinates>-93.0659629993931,44.9729860002806 -93.0659640002451,44.9737749999174 -93.0659639996251,44.9739050000648</coordinates>
					</LineString>
					<LineString>
						<coordinates>-93.0659639996251,44.9739050000648 -93.065959999819,44.9748089999079</coordinates>
					</LineString>
					<LineString>
						<coordinates>-93.065959999819,44.9748089999079 -93.0659659995476,44.9757070003224 -93.0659629994959,44.9766180001304</coordinates>
					</LineString>
					<LineString>
						<coordinates>-93.0659629994959,44.9766180001304 -93.0659669995302,44.97736900024 -93.0659669999317,44.9775220003227</coordinates>
					</LineString>
					<LineString>
						<coordinates>-93.0659669999317,44.9775220003227 -93.0659780002102,44.9784270000464 -93.0659790001631,44.9793309998838 -93.0659860005134,44.9802160001752</coordinates>
					</LineString>
					<LineString>
						<coordinates>-93.0659860005134,44.9802160001752 -93.067623000425,44.9802150003077 -93.069390999491,44.9801949996426 -93.0693980005698,44.9806689998621 -93.0693970005002,44.9807399998204 -93.0693550006052,44.9807889995908 -93.0692760005151,44.9807879997106 -93.0685320000702,44.9807880002912 -93.0684670001363,44.9807879996688 -93.06833500036,44.980800000021 -93.0682680006244,44.9808880000298 -93.0682270004016,44.981167999842 -93.0682260005241,44.9813730002301 -93.0683310004797,44.9814860002454 -93.0684820000791,44.9815660002179 -93.0684829995401,44.982413000048 -93.0685280004878,44.9824709996644 -93.0685300001361,44.9829070000933 -93.0660079999149,44.9829339998294 -93.0659899995912,44.9820260000175 -93.0659939994727,44.9811309996778 -93.0659860005134,44.9802160001752</coordinates>
					</LineString>
					<LineString>
						<coordinates>-93.0659669999317,44.9775220003227 -93.0659629994959,44.9766180001304</coordinates>
					</LineString>
					<LineString>
						<coordinates>-93.065959999819,44.9748089999079 -93.0659629997229,44.9740240003795 -93.0659639996251,44.9739050000648</coordinates>
					</LineString>
					<LineString>
						<coordinates>-93.0659639996251,44.9739050000648 -93.0659629993931,44.9729860002806</coordinates>
					</LineString>
					<LineString>
						<coordinates>-93.065974000609,44.9712069997965 -93.065960000325,44.9704260001659 -93.065958000065,44.9703149997638</coordinates>
					</LineString>
				</MultiGeometry>
			</Placemark>
			<Placemark id="Metro_Transit_Routes.7">
				<Style>
					<LineStyle>
						<color>ff0000ff</color>
					</LineStyle>
					<PolyStyle>
						<fill>0</fill>
					</PolyStyle>
				</Style>
				<ExtendedData>
					<SchemaData schemaUrl="#Metro_Transit_Routes">
						<SimpleData name="OBJECTID">140</SimpleData>
						<SimpleData name="route">87</SimpleData>
						<SimpleData name="routesort">87</SimpleData>
						<SimpleData name="RouteDescription">Rosedale - U of M St Paul - Cleveland - Highland</SimpleData>
						<SimpleData name="RouteOperator">P</SimpleData>
						<SimpleData name="EffectiveDate">2026/03/14 00:00:00+00</SimpleData>
						<SimpleData name="payleavedirectionid">0</SimpleData>
						<SimpleData name="routepayleave">0</SimpleData>
						<SimpleData name="RouteClass">SupportLoc  </SimpleData>
						<SimpleData name="IsPublic">1</SimpleData>
						<SimpleData name="wk_ftrip">04:59:00</SimpleData>
						<SimpleData name="wk_ltrip">22:58:00</SimpleData>
						<SimpleData name="wk_span">17:59:00</SimpleData>
						<SimpleData name="wk_trip_freq">62</SimpleData>
						<SimpleData name="sat_ftrip">05:34:00</SimpleData>
						<SimpleData name="sat_ltrip">22:52:00</SimpleData>
						<SimpleData name="sat_span">17:18:00</SimpleData>
						<SimpleData name="sat_trip_freq">65</SimpleData>
						<SimpleData name="sun_ftrip">05:39:00</SimpleData>
						<SimpleData name="sun_ltrip">21:24:00</SimpleData>
						<SimpleData name="sun_span">15:45:00</SimpleData>
						<SimpleData name="sun_trip_freq">32</SimpleData>
						<SimpleData name="Shape__Length">33618.8104242375</SimpleData>
					</SchemaData>
				</ExtendedData>
				<MultiGeometry>
					<LineString>
						<coordinates>-93.1721309995561,44.8980649996624 -93.1721369995725,44.8969750004033 -93.1721379994627,44.8968919996137 -93.1721339994787,44.8968209998455 -93.1721229999162,44.8967509999557 -93.1721029997069,44.8966820002572 -93.1720759999729,44.8966140004308 -93.1720409993746,44.8965480003119 -93.1719989997467,44.8964840001851 -93.1721200004131,44.8964350004429 -93.1734690005624,44.8960389999156 -93.1745249999248,44.8957290000541 -93.1746769994471,44.8956929996552 -93.1748320003212,44.8956619996232 -93.1749890000201,44.8956369998141 -93.1751479998565,44.8956180002178 -93.1753070005919,44.8956060004265 -93.1754679997895,44.8955989998068 -93.1767679999554,44.8956010000903 -93.1769000000403,44.8956010000511 -93.1770310002762,44.8956070004044 -93.1771620004989,44.895619999735 -93.1772910006175,44.89563699985 -93.1774190002757,44.8956609996008 -93.1775439999071,44.8956900000338 -93.1776659995368,44.8957240002584 -93.17778499974,44.8957640004158 -93.17820100047,44.8959169997905 -93.1777110001256,44.8965520003363 -93.1772220004297,44.8971859997247 -93.1770359994741,44.8974269996122 -93.1765670006318,44.8980330001012 -93.1748560002946,44.8980520001673 -93.1746779997286,44.8980540000597 -93.1723049996811,44.8980640000053 -93.1721309995561,44.8980649996624</coordinates>
					</LineString>
					<LineString>
						<coordinates>-93.1721309995561,44.8980649996624 -93.1721039999145,44.898967000147</coordinates>
					</LineString>
					<LineString>
						<coordinates>-93.1721039999145,44.898967000147 -93.1721349997593,44.8998680002664 -93.1721339892397,44.8999499999966 -93.1721337074256,44.8999718619886</coordinates>
					</LineString>
					<LineString>
						<coordinates>-93.1721337074256,44.8999718619886 -93.1721259995707,44.9005910001781 -93.1721200005136,44.9009950003014</coordinates>
					</LineString>
					<LineString>
						<coordinates>-93.1721200005136,44.9009950003014 -93.1705699997447,44.901717000136</coordinates>
					</LineString>
					<LineString>
						<coordinates>-93.1705699997447,44.901717000136 -93.1701960005567,44.9018900002187 -93.1686780001377,44.9025919995592</coordinates>
					</LineString>
					<LineString>
						<coordinates>-93.1686780001377,44.9025919995592 -93.1667689994993,44.9034790002076 -93.1658960004926,44.9038859999486</coordinates>
					</LineString>
					<LineString>
						<coordinates>-93.1658960004926,44.9038859999486 -93.1658999997383,44.9040939998059 -93.1659030001043,44.9042000003404</coordinates>
					</LineString>
					<LineString>
						<coordinates>-93.1659030001043,44.9042000003404 -93.1659050002755,44.9042999997391 -93.1669409997061,44.9042789996546 -93.1670170006342,44.9042790001601 -93.1697629993864,44.9042799997 -93.1719519996432,44.904279999799 -93.1721130004584,44.904280999564 -93.1770800001519,44.9042730000653 -93.1773260003099,44.9042620004149 -93.1773330003748,44.9041549998266 -93.1773309998449,44.9038240000445 -93.1773219999314,44.9025680004032 -93.1773170001749,44.9019089998793 -93.1773150003679,44.9016680001</coordinates>
					</LineString>
					<LineString>
						<coordinates>-93.1773150003679,44.9016680001 -93.1775480001506,44.9016640003659</coordinates>
					</LineString>
					<LineString>
						<coordinates>-93.1775480001506,44.9016640003659 -93.1776510004299,44.9016610000342 -93.1777519999446,44.901652000134 -93.1778519994611,44.9016349997495 -93.1779490000455,44.9016119995601 -93.1780430004044,44.9015829995755 -93.1781330005951,44.901547000331 -93.1782310004954,44.9015129995967 -93.1783340004506,44.9014849998617 -93.1784399997815,44.9014639998691 -93.1785479998668,44.90144900014 -93.1786580005973,44.901442000032 -93.178768000194,44.9014419998405 -93.1788779999637,44.9014489995635 -93.1789860005242,44.9014639997653 -93.1790919995088,44.9014850001922 -93.1791949994208,44.9015129998458 -93.1793809996969,44.9015779999652 -93.1794720000371,44.9016039999482 -93.1795649995164,44.9016240004272</coordinates>
					</LineString>
					<LineString>
						<coordinates>-93.1795649995164,44.9016240004272 -93.17963799948,44.9016359997307 -93.1796599999502,44.9016389997257</coordinates>
					</LineString>
					<LineString>
						<coordinates>-93.1796599999502,44.9016389997257 -93.1797570000546,44.9016489996412</coordinates>
					</LineString>
					<LineString>
						<coordinates>-93.1797570000546,44.9016489996412 -93.1805329212092,44.9016477028061</coordinates>
					</LineString>
					<LineString>
						<coordinates>-93.1805329212092,44.9016477028061 -93.1821500005518,44.9016450000935 -93.1822999999036,44.9016440000803</coordinates>
					</LineString>
					<LineString>
						<coordinates>-93.1822999999036,44.9016440000803 -93.1835769996208,44.9016390000533</coordinates>
					</LineString>
					<LineString>
						<coordinates>-93.1835769996208,44.9016390000533 -93.1847330004583,44.9016349998223 -93.1848400003884,44.9016340003033</coordinates>
					</LineString>
					<LineString>
						<coordinates>-93.1848400003884,44.9016340003033 -93.1860899997323,44.9016299998011</coordinates>
					</LineString>
					<LineString>
						<coordinates>-93.1860899997323,44.9016299998011 -93.1872179995172,44.9016250001028 -93.187395999429,44.9016249998351</coordinates>
					</LineString>
					<LineString>
						<coordinates>-93.187395999429,44.9016249998351 -93.1874010001185,44.9034930002541 -93.1874009998625,44.9035670000602 -93.18740100018,44.9035940000007 -93.1874009996554,44.9036570001635 -93.1874039997495,44.9044580003255</coordinates>
					</LineString>
					<LineString>
						<coordinates>-93.1874039997495,44.9044580003255 -93.1874060003368,44.9051719996293 -93.1874060004253,44.9052499999365</coordinates>
					</LineString>
					<LineString>
						<coordinates>-93.1874060004253,44.9052499999365 -93.1874039993696,44.9061620000874</coordinates>
					</LineString>
					<LineString>
						<coordinates>-93.1874039993696,44.9061620000874 -93.1874009993959,44.9068500003866</coordinates>
					</LineString>
					<LineString>
						<coordinates>-93.1874009993959,44.9068500003866 -93.1873999995668,44.9069839997222</coordinates>
					</LineString>
					<LineString>
						<coordinates>-93.1873999995668,44.9069839997222 -93.1873999997637,44.9070710002793 -93.1873980004618,44.9079820000051</coordinates>
					</LineString>
					<LineString>
						<coordinates>-93.1873980004618,44.9079820000051 -93.1873940004212,44.9088180003007 -93.187393999628,44.9088930001687</coordinates>
					</LineString>
					<LineString>
						<coordinates>-93.187393999628,44.9088930001687 -93.187391000369,44.9098069998334</coordinates>
					</LineString>
					<LineString>
						<coordinates>-93.187391000369,44.9098069998334 -93.1873870001014,44.911118999578 -93.187384999489,44.9117080000968</coordinates>
					</LineString>
					<LineString>
						<coordinates>-93.187384999489,44.9117080000968 -93.1873819997108,44.9124019996024 -93.1873820002811,44.9125320002482</coordinates>
					</LineString>
					<LineString>
						<coordinates>-93.1873820002811,44.9125320002482 -93.1850219997649,44.9125319996354 -93.1848480000357,44.9125360001498 -93.1855209995504,44.9135569998374 -93.1855899994951,44.913661000212 -93.1863690004585,44.9148079998117 -93.1871270003569,44.915958999988 -93.1872609998865,44.9161620000786 -93.1873079994713,44.916930999625 -93.1873150000398,44.9170629997465 -93.1873069997626,44.9177480002394 -93.1873790000242,44.9178760003243</coordinates>
					</LineString>
					<LineString>
						<coordinates>-93.1873790000242,44.9178760003243 -93.1873790005725,44.9179670003289 -93.1873720005449,44.9188889998268</coordinates>
					</LineString>
					<LineString>
						<coordinates>-93.1873720005449,44.9188889998268 -93.1873759996975,44.919170999786 -93.1873860002516,44.9197529995873</coordinates>
					</LineString>
					<LineString>
						<coordinates>-93.1873860002516,44.9197529995873 -93.1873849998741,44.9198440003039</coordinates>
					</LineString>
					<LineString>
						<coordinates>-93.1873849998741,44.9198440003039 -93.1873770005527,44.9207100002619</coordinates>
					</LineString>
					<LineString>
						<coordinates>-93.1873770005527,44.9207100002619 -93.1873709997428,44.9216209998688 -93.1873710004241,44.9219740000341 -93.187371000433,44.9220890003438 -93.1873710004704,44.9225260004189 -93.1873709996,44.9226380003353 -93.1873709997404,44.9233439996198 -93.1873709999746,44.9234309999269</coordinates>
					</LineString>
					<LineString>
						<coordinates>-93.1873709999746,44.9234309999269 -93.1873719997853,44.9243420002155</coordinates>
					</LineString>
					<LineString>
						<coordinates>-93.1873719997853,44.9243420002155 -93.1873720000937,44.9251560004447 -93.187371999732,44.9252509999436 -93.187371999658,44.9253800001697 -93.1873719996756,44.9261670004171 -93.1873719995822,44.9267079998974 -93.1873719996061,44.926776999666 -93.1873719999885,44.927064000129 -93.1873689997274,44.9279700003632</coordinates>
					</LineString>
					<LineString>
						<coordinates>-93.1873689997274,44.9279700003632 -93.187374000179,44.9287940003393 -93.1873750000624,44.9288859995566</coordinates>
					</LineString>
					<LineString>
						<coordinates>-93.1873750000624,44.9288859995566 -93.1873759996503,44.9297889997604</coordinates>
					</LineString>
					<LineString>
						<coordinates>-93.1873759996503,44.9297889997604 -93.1873769998391,44.9305689995728 -93.1873770003682,44.9306970004512</coordinates>
					</LineString>
					<LineString>
						<coordinates>-93.1873770003682,44.9306970004512 -93.1873789994456,44.9316009997543</coordinates>
					</LineString>
					<LineString>
						<coordinates>-93.1873789994456,44.9316009997543 -93.1873800004745,44.9324119996259 -93.1873810005707,44.9325129999192</coordinates>
					</LineString>
					<LineString>
						<coordinates>-93.1873810005707,44.9325129999192 -93.1873820002881,44.9334210001771</coordinates>
					</LineString>
					<LineString>
						<coordinates>-93.1873820002881,44.9334210001771 -93.1873810004183,44.9337779999556 -93.1873790003489,44.9343289996509</coordinates>
					</LineString>
					<LineString>
						<coordinates>-93.1873790003489,44.9343289996509 -93.1873800005928,44.9352270001626</coordinates>
					</LineString>
					<LineString>
						<coordinates>-93.1873800005928,44.9352270001626 -93.1873809994518,44.9360469997502 -93.1873810003613,44.9361259997585</coordinates>
					</LineString>
					<LineString>
						<coordinates>-93.1873810003613,44.9361259997585 -93.1873820003783,44.937027000363</coordinates>
					</LineString>
					<LineString>
						<coordinates>-93.1873820003783,44.937027000363 -93.1873829995216,44.937825999763 -93.1873829995395,44.9379320004265</coordinates>
					</LineString>
					<LineString>
						<coordinates>-93.1873829995395,44.9379320004265 -93.1873829998424,44.9380489997633 -93.1873830003846,44.9390299999974 -93.1873829996195,44.9401079995645</coordinates>
					</LineString>
					<LineString>
						<coordinates>-93.1873829996195,44.9401079995645 -93.1873839994934,44.9405209999248 -93.1873849998072,44.9413460002704</coordinates>
					</LineString>
					<LineString>
						<coordinates>-93.1873849998072,44.9413460002704 -93.1873850000526,44.9416729995775</coordinates>
					</LineString>
					<LineString>
						<coordinates>-93.1873850000526,44.9416729995775 -93.187375999769,44.942792999726 -93.1873749994465,44.9429409999559</coordinates>
					</LineString>
					<LineString>
						<coordinates>-93.1873749994465,44.9429409999559 -93.1873690000951,44.9438909999425 -93.187369000627,44.9440030003365</coordinates>
					</LineString>
					<LineString>
						<coordinates>-93.187369000627,44.9440030003365 -93.1873620004224,44.9451500000888</coordinates>
					</LineString>
					<LineString>
						<coordinates>-93.1873620004224,44.9451500000888 -93.1873559994973,44.9460699995981 -93.18735600038,44.9462089996875</coordinates>
					</LineString>
					<LineString>
						<coordinates>-93.18735600038,44.9462089996875 -93.1873529995569,44.947269999817</coordinates>
					</LineString>
					<LineString>
						<coordinates>-93.1873529995569,44.947269999817 -93.187347999729,44.948203999968 -93.1873469998158,44.9483810000315</coordinates>
					</LineString>
					<LineString>
						<coordinates>-93.1873469998158,44.9483810000315 -93.1873491596566,44.9488929722802</coordinates>
					</LineString>
					<LineString>
						<coordinates>-93.1873491596566,44.9488929722802 -93.1873510002327,44.9493289995625 -93.1873510000461,44.9494399997275</coordinates>
					</LineString>
					<LineString>
						<coordinates>-93.1873510000461,44.9494399997275 -93.187352000013,44.9496410003263</coordinates>
					</LineString>
					<LineString>
						<coordinates>-93.187352000013,44.9496410003263 -93.1873559998932,44.9507379999574 -93.1873559997252,44.950849000095</coordinates>
					</LineString>
					<LineString>
						<coordinates>-93.1873559997252,44.950849000095 -93.1873610006169,44.9520049996878</coordinates>
					</LineString>
					<LineString>
						<coordinates>-93.1873610006169,44.9520049996878 -93.1873619995805,44.9522679996989 -93.1873620001959,44.9523729999699</coordinates>
					</LineString>
					<LineString>
						<coordinates>-93.1873620001959,44.9523729999699 -93.1873689993987,44.9536259997451 -93.1873700000529,44.9537729998889</coordinates>
					</LineString>
					<LineString>
						<coordinates>-93.1873700000529,44.9537729998889 -93.1873720001763,44.9542999998541</coordinates>
					</LineString>
					<LineString>
						<coordinates>-93.1873720001763,44.9542999998541 -93.1873730005278,44.9545329996908</coordinates>
					</LineString>
					<LineString>
						<coordinates>-93.1873730005278,44.9545329996908 -93.1873729993738,44.9547290002409 -93.1873739999429,44.9548970002212</coordinates>
					</LineString>
					<LineString>
						<coordinates>-93.1873739999429,44.9548970002212 -93.1860569998252,44.9544570003552</coordinates>
					</LineString>
					<LineString>
						<coordinates>-93.1860569998252,44.9544570003552 -93.1831449998158,44.9534829998154</coordinates>
					</LineString>
					<LineString>
						<coordinates>-93.1831449998158,44.9534829998154 -93.1826030001184,44.9533949999385 -93.1823730002719,44.9533570000194</coordinates>
					</LineString>
					<LineString>
						<coordinates>-93.1823730002719,44.9533570000194 -93.1822799998936,44.9540029997984 -93.1822849994019,44.9541629996855 -93.1822849995402,44.9542959997453 -93.1822849997024,44.9544229999686 -93.182284999455,44.9562189995954 -93.1822849994198,44.9562289999146 -93.1822850002678,44.9563449996529</coordinates>
					</LineString>
					<LineString>
						<coordinates>-93.1822850002678,44.9563449996529 -93.1822879998785,44.9574429998889 -93.1822890003995,44.9577550002515</coordinates>
					</LineString>
					<LineString>
						<coordinates>-93.1822890003995,44.9577550002515 -93.1822889995066,44.9578300003751 -93.1822889999214,44.9578929999363 -93.1837629994455,44.9584950001088 -93.1862269993783,44.9594730002572 -93.186966000529,44.9597550000074 -93.187243999376,44.9598610003138 -93.1880119999677,44.9601690001906 -93.1896199999887,44.9608190004279 -93.1897720001661,44.9608790000765 -93.1904040005486,44.9611300002731 -93.1912549995678,44.9614680001323 -93.1927519997027,44.9620679999794 -93.1928629999974,44.9621129998642 -93.1944720005877,44.9627510004394 -93.1958209996388,44.9632929996008 -93.1959769998251,44.9633549996509 -93.196085999576,44.9633989997051 -93.1974110003988,44.9639380001584 -93.197557000305,44.9639979997842</coordinates>
					</LineString>
					<LineString>
						<coordinates>-93.197557000305,44.9639979997842 -93.1975510005911,44.9651729995702 -93.1975489996977,44.9655070000113</coordinates>
					</LineString>
					<LineString>
						<coordinates>-93.1975489996977,44.9655070000113 -93.1975480005647,44.9657250000544 -93.1975439997897,44.9664310000145</coordinates>
					</LineString>
					<LineString>
						<coordinates>-93.1975439997897,44.9664310000145 -93.1983810003358,44.9682000000898 -93.1984109997282,44.9682419998182 -93.1984319997309,44.9682870002313 -93.1984450002905,44.968333000257 -93.1984509993774,44.9683799999643</coordinates>
					</LineString>
					<LineString>
						<coordinates>-93.1984509993774,44.9683799999643 -93.1984430005079,44.9684219999904 -93.1984380001854,44.9684439996115 -93.1984129999914,44.9685249996379 -93.1983789994891,44.968603999749 -93.1983439995708,44.9686689999082 -93.198302999643,44.9687320003327 -93.1982570002194,44.9687930001794 -93.1982439996825,44.9688070001178 -93.1979080001502,44.9691769997141 -93.1978179994073,44.9692749999299 -93.1977969996167,44.9693539998428</coordinates>
					</LineString>
					<LineString>
						<coordinates>-93.1977969996167,44.9693539998428 -93.1976399997144,44.9695179996002 -93.1976270003145,44.9696000003949 -93.1975499995745,44.9705330002522 -93.1975249998372,44.9706070001182 -93.1974899998345,44.9706800000479 -93.1974470001403,44.9707499999355 -93.1973950001648,44.9708169997013 -93.197335000456,44.9708810003047</coordinates>
					</LineString>
					<LineString>
						<coordinates>-93.197335000456,44.9708810003047 -93.1972700003987,44.9709379996757 -93.1972679993997,44.9709409998893</coordinates>
					</LineString>
					<LineString>
						<coordinates>-93.1972679993997,44.9709409998893 -93.1971930006055,44.9709960000441</coordinates>
					</LineString>
					<LineString>
						<coordinates>-93.1971930006055,44.9709960000441 -93.1967559994821,44.9712539995645</coordinates>
					</LineString>
					<LineString>
						<coordinates>-93.1967559994821,44.9712539995645 -93.1965960000158,44.9713490001715 -93.1965030005866,44.9714149997592 -93.1964159999267,44.9714860003523 -93.1963359993943,44.9715600000044 -93.1962619996967,44.9716370004472 -93.1961960003436,44.9717180001769 -93.1961359997124,44.971800999706 -93.1960839998693,44.9718870002265 -93.1960520004643,44.9719499996569 -93.1960239995405,44.9720130003166 -93.1956609999306,44.9732940002207 -93.1956309999127,44.9733709995575 -93.1955929999361,44.9734449996272 -93.195547000429,44.9735179997587 -93.1954929996406,44.9735879997078 -93.1954310000896,44.973655000359 -93.1952849994054,44.9737710001343 -93.1945690002565,44.9742300002576</coordinates>
					</LineString>
					<LineString>
						<coordinates>-93.1945690002565,44.9742300002576 -93.1942663713914,44.9744329580149</coordinates>
					</LineString>
					<LineString>
						<coordinates>-93.1942663713914,44.9744329580149 -93.1939830005812,44.9746230004373 -93.1936589994446,44.9748399999332</coordinates>
					</LineString>
					<LineString>
						<coordinates>-93.1936589994446,44.9748399999332 -93.1936020005102,44.9748790003777 -93.1933469994718,44.9752260000297</coordinates>
					</LineString>
					<LineString>
						<coordinates>-93.1933469994718,44.9752260000297 -93.1923159456958,44.9757867765761</coordinates>
					</LineString>
					<LineString>
						<coordinates>-93.1923159456958,44.9757867765761 -93.1920709994986,44.9759200002017 -93.1919480003067,44.9759869997852</coordinates>
					</LineString>
					<LineString>
						<coordinates>-93.1919480003067,44.9759869997852 -93.1914259998255,44.9762710003648</coordinates>
					</LineString>
					<LineString>
						<coordinates>-93.1914259998255,44.9762710003648 -93.1908740001471,44.9765720002876</coordinates>
					</LineString>
					<LineString>
						<coordinates>-93.1908740001471,44.9765720002876 -93.1901879997856,44.9769439996063 -93.1898129998921,44.9771489995854 -93.1894909995308,44.977325999811 -93.1890960003719,44.9775449998507 -93.189021000124,44.9775810004341 -93.1889500004381,44.9776210002232 -93.1889280003707,44.9776359996836 -93.1888840002075,44.977666000392</coordinates>
					</LineString>
					<LineString>
						<coordinates>-93.1888840002075,44.977666000392 -93.1888679994509,44.9776780003662 -93.1888230004689,44.9777139998108</coordinates>
					</LineString>
					<LineString>
						<coordinates>-93.1888230004689,44.9777139998108 -93.1887679995207,44.9777720003652 -93.1887090005575,44.9778280000609 -93.1886449996102,44.977881000432 -93.1885769998968,44.9779309998137 -93.1885110006057,44.9779730003088 -93.1884419999883,44.9780109998441 -93.1883679997395,44.9780439997918 -93.1882910001909,44.9780739997811 -93.1882109998794,44.9780989995722 -93.1879509998896,44.9781809999426 -93.1878189997966,44.9782319998744 -93.1877440002065,44.9782660002778 -93.1876740000295,44.9783050002083 -93.187609000526,44.9783489996727 -93.1875490002491,44.9783960002462 -93.1874310001264,44.9785259995625 -93.1873829998057,44.9786110001403 -93.1873430000731,44.9786980004114 -93.1873120003956,44.9787869996452 -93.1872879999542,44.9788770001119 -93.1872739996316,44.9789679995958 -93.1872670004365,44.9790590001995 -93.1872699994577,44.9791499997105 -93.1872799996823,44.979241000342</coordinates>
					</LineString>
					<LineString>
						<coordinates>-93.1872799996823,44.979241000342 -93.1872769996231,44.9795510003892 -93.1872760001613,44.9796410000297</coordinates>
					</LineString>
					<LineString>
						<coordinates>-93.1872760001613,44.9796410000297 -93.1872640004807,44.9806579999052 -93.1872630002608,44.9807770002397</coordinates>
					</LineString>
					<LineString>
						<coordinates>-93.1872630002608,44.9807770002397 -93.1872585826683,44.9812134467321</coordinates>
					</LineString>
					<LineString>
						<coordinates>-93.1872585826683,44.9812134467321 -93.1872520004872,44.9818640001904 -93.1872509996113,44.9819379997182</coordinates>
					</LineString>
					<LineString>
						<coordinates>-93.1872509996113,44.9819379997182 -93.1859749997667,44.9819309999318 -93.1859020004685,44.9819480001516 -93.1858340002146,44.9819710000965 -93.1857700000743,44.9819990003826 -93.1857099994574,44.9820330002346 -93.1856569999515,44.9820720000633 -93.1856099994153,44.9821140003719 -93.1855710000683,44.9821599998321 -93.1855390004725,44.9822089999618 -93.1855160002144,44.9822600001018 -93.1855230002355,44.9834260003228 -93.1855300002156,44.984468000205</coordinates>
					</LineString>
					<LineString>
						<coordinates>-93.1855300002156,44.984468000205 -93.1851229995547,44.9844710002683 -93.1844070001153,44.9844740004275</coordinates>
					</LineString>
					<LineString>
						<coordinates>-93.1844070001153,44.9844740004275 -93.1840949996866,44.984477000026 -93.184031999731,44.9844769998397 -93.1839689996677,44.9844730000511 -93.1839069996513,44.9844639998329 -93.1838459997514,44.9844520003207 -93.1836769994654,44.9844190001298 -93.1835680003345,44.9844029997712 -93.1834570003872,44.9843920004069 -93.183346000577,44.984386999836 -93.1832339994516,44.9843889997823 -93.1831240006216,44.9843959996937 -93.1830129997579,44.9844090000063 -93.1829329996928,44.9844259996372 -93.1828499996599,44.9844369997125 -93.1827660000214,44.9844419997252 -93.1826819997001,44.9844399997585 -93.181802999588,44.9844319998695</coordinates>
					</LineString>
					<LineString>
						<coordinates>-93.181802999588,44.9844319998695 -93.181799340527,44.9846388111572</coordinates>
					</LineString>
					<LineString>
						<coordinates>-93.181799340527,44.9846388111572 -93.1817949998054,44.9848839997451 -93.1817929999066,44.9850210000377</coordinates>
					</LineString>
					<LineString>
						<coordinates>-93.1817929999066,44.9850210000377 -93.1817859995684,44.9851130003274 -93.1817719998276,44.9852050000534 -93.1817509993849,44.9852970001151 -93.1817229994981,44.9853870002731 -93.1816790006202,44.9855040002222 -93.1816439994588,44.9856220003615 -93.1816159994871,44.9857410002732 -93.1815960003079,44.9858610001734 -93.1815849996443,44.9859810001637 -93.1815819998764,44.986102000149 -93.1815870004343,44.9862230000143 -93.1816010003167,44.9863429998536 -93.1816219997922,44.9864630002599</coordinates>
					</LineString>
					<LineString>
						<coordinates>-93.1816219997922,44.9864630002599 -93.1816269999147,44.9864830000416 -93.181651999961,44.9865819997303</coordinates>
					</LineString>
					<LineString>
						<coordinates>-93.181651999961,44.9865819997303 -93.1818210005845,44.986974999857</coordinates>
					</LineString>
					<LineString>
						<coordinates>-93.1818210005845,44.986974999857 -93.1818639999881,44.9870739996399 -93.1818990003228,44.9871749997756 -93.1819270005091,44.9872770003643 -93.1819480005056,44.9873799996106 -93.1819599998375,44.9874839998054 -93.1819610005302,44.9880139995865 -93.1819649998701,44.9899560000816</coordinates>
					</LineString>
					<LineString>
						<coordinates>-93.1819649998701,44.9899560000816 -93.1819679994779,44.9914420000566 -93.1819679999148,44.9916470003748</coordinates>
					</LineString>
					<LineString>
						<coordinates>-93.1819679999148,44.9916470003748 -93.1802330005784,44.9916590002169 -93.1788940001778,44.991661000172 -93.1782360004851,44.9916620001699 -93.1769569999089,44.9916639998852 -93.1769549994166,44.9917839997646</coordinates>
					</LineString>
					<LineString>
						<coordinates>-93.1769549994166,44.9917839997646 -93.1769559998018,44.992327999908 -93.1769590299522,44.9947542436092</coordinates>
					</LineString>
					<LineString>
						<coordinates>-93.1769590299522,44.9947542436092 -93.1769640004135,44.9987339997167 -93.1769649998908,44.99894700004</coordinates>
					</LineString>
					<LineString>
						<coordinates>-93.1769649998908,44.99894700004 -93.1769679993995,44.9998460000695</coordinates>
					</LineString>
					<LineString>
						<coordinates>-93.1769679993995,44.9998460000695 -93.1769639997496,45.0007509997847 -93.1769670005482,45.0016379999603 -93.1769690005957,45.0020679999351 -93.1769710003783,45.0025420003841</coordinates>
					</LineString>
					<LineString>
						<coordinates>-93.1769710003783,45.0025420003841 -93.176970000505,45.002868000313 -93.1769700001069,45.0030080000317</coordinates>
					</LineString>
					<LineString>
						<coordinates>-93.1769700001069,45.0030080000317 -93.1769690003723,45.0034749997539 -93.1769670004861,45.0039110001681</coordinates>
					</LineString>
					<LineString>
						<coordinates>-93.1769670004861,45.0039110001681 -93.1769549994237,45.0060459997458 -93.1769540005138,45.0061369998896</coordinates>
					</LineString>
					<LineString>
						<coordinates>-93.1769540005138,45.0061369998896 -93.1769049999389,45.00811099998</coordinates>
					</LineString>
					<LineString>
						<coordinates>-93.1769049999389,45.00811099998 -93.176572000458,45.0090930003767 -93.1765450005976,45.0091579999284 -93.1764249999364,45.0097120001862 -93.1763970003374,45.0098380000021 -93.1763740005147,45.0099640001888 -93.1763620000807,45.0100439998138 -93.1763440004732,45.0101899999184 -93.1763310004954,45.0103379997237 -93.176327999984,45.0103919996248 -93.1763239998805,45.0105760003766 -93.1763290004268,45.0107589997164 -93.1763370004621,45.0108740002837 -93.1763480005186,45.0109889998165 -93.1763629995179,45.0111330000278 -93.1763860004102,45.0112779996899 -93.1764349998284,45.0115390001061 -93.1764930005316,45.0117989999698 -93.176766000071,45.0128349999309 -93.176890999967,45.0134199996996 -93.1769209998011,45.0135629998338 -93.1769220004904,45.0141180000252 -93.1768329998553,45.0141229997946 -93.176599000051,45.0141459998648 -93.1764169997609,45.0141799995885 -93.1761709996,45.0142619996056 -93.1757119994756,45.0145440000675 -93.1756709998774,45.0145690002182 -93.1756239999364,45.0145990002377 -93.1754140002018,45.014734999692 -93.1752360005979,45.0148220000029 -93.1750590000032,45.0148979999765 -93.1748939998,45.0149439995543 -93.1747530004809,45.0149789996514 -93.1746089998917,45.0149969995651 -93.1743880001577,45.0150120004378 -93.1741089994486,45.015010000105 -93.1711480000527,45.0149819996252</coordinates>
					</LineString>
					<LineString>
						<coordinates>-93.1711480000527,45.0149819996252 -93.1706030001359,45.0149900003734 -93.1704980003013,45.0149890004304 -93.1703739996262,45.0149890000435 -93.1701410005539,45.0149649999439 -93.1699329996105,45.0149170000054 -93.16969300055,45.0148410000013 -93.1694760004232,45.0147450000399 -93.1692210006083,45.0146100003094 -93.1685980002658,45.0142360004519 -93.1691350000699,45.0137510002047</coordinates>
					</LineString>
					<LineString>
						<coordinates>-93.1691350000699,45.0137510002047 -93.1690800004293,45.0136889999943 -93.1690169996389,45.013631000343 -93.1689460002452,45.0135770003338 -93.168870000243,45.0135280001317 -93.1681680001996,45.01312900022 -93.1681119998701,45.0130840002126 -93.1680619999346,45.0130360000137 -93.1680190000327,45.0129839998487 -93.1679809999807,45.0129310003029 -93.1684769995563,45.0125170001769 -93.1685719997682,45.0124379996729 -93.1683810005242,45.0123569995986 -93.1680800002365,45.0122249996979 -93.1679449996339,45.0121639997226 -93.1678919994894,45.0122190000969 -93.1678469996609,45.012277999939 -93.167810999423,45.0123390002664 -93.1677850004694,45.0124029997281 -93.1677679998909,45.0124689996919 -93.1677619999207,45.0125359998092 -93.1677649997838,45.0126020000962 -93.1677779999177,45.0126680000947 -93.1678379997799,45.0128259998458 -93.167893999433,45.0129729997092 -93.1679040003138,45.0129909996245 -93.16794000004,45.013050000108 -93.1679839998399,45.0131050000674 -93.168034000431,45.0131579999584 -93.1680909998175,45.0132069998809 -93.1681539996253,45.0132529996061 -93.1682220003156,45.0132940003724 -93.1685699996257,45.0134680000253 -93.1690129996018,45.013688000035 -93.1691059998935,45.0137349999511 -93.1691350000699,45.0137510002047</coordinates>
					</LineString>
					<LineString>
						<coordinates>-93.1691350000699,45.0137510002047 -93.1693579999906,45.0138749995654 -93.1695769993808,45.0140020002625 -93.1697919995097,45.0141319996163 -93.1701869998717,45.0143900004283 -93.1702860004924,45.0144380004499 -93.1703889997884,45.0144789999389 -93.1704959994317,45.0145139998942 -93.1706079994533,45.0145429997108 -93.1707220004856,45.0145650001455 -93.1708390004416,45.0145809998112 -93.1709570000026,45.0145899997795 -93.171138000303,45.0145919998753 -93.1711480000527,45.0149819996252</coordinates>
					</LineString>
					<LineString>
						<coordinates>-93.1711480000527,45.0149819996252 -93.1711500001179,45.0150509998276 -93.1711500000508,45.0151200003259 -93.1715250001425,45.015119000242 -93.173741999411,45.0151129997845 -93.1744409996905,45.0151109998602 -93.1747489997122,45.0150890000454 -93.174973999943,45.0150439997996 -93.1751409997325,45.0149940001949 -93.1753580002364,45.0148999996889 -93.1755060006083,45.0148229996006 -93.1757290003104,45.0146730000182 -93.1757739993884,45.0146440004466 -93.1758060003114,45.0146250003789 -93.1762630001974,45.014352000035 -93.1763859997551,45.014312000107 -93.1766229997851,45.0142640002422 -93.1768290005851,45.0142330002756 -93.1769190001734,45.0142279998621 -93.1770500001283,45.0142219996255 -93.177049000307,45.0141640000952 -93.1770509995489,45.0141110000747 -93.1770760005921,45.0133749996345 -93.1770630000304,45.0131879997645 -93.1770510002284,45.0130980001924 -93.1770399999594,45.012999999973 -93.1770059995381,45.0128140003408 -93.1769630003747,45.0126280002333 -93.176910999831,45.0124439998684 -93.176763000145,45.0120119996683 -93.1766850000848,45.0117610003964 -93.1766139994814,45.0115100001382 -93.1765519997203,45.0112570000893 -93.1765269993878,45.0110520004136 -93.1765099999272,45.0108459999499 -93.1765009997854,45.010640999829 -93.176500000347,45.0104349998258 -93.1765009996596,45.010379000088 -93.1765030006082,45.0103379995879 -93.1765110002279,45.0101900002899 -93.1765270001856,45.0100430004367 -93.1765370001585,45.0099720003981 -93.1765519994678,45.0098810002815 -93.17672399987,45.0091800001198 -93.1767350002965,45.0091129998557 -93.1769049999389,45.00811099998</coordinates>
					</LineString>
					<LineString>
						<coordinates>-93.1769049999389,45.00811099998 -93.1769159995853,45.0076839995663 -93.1769500005439,45.0063029996645 -93.1769540005138,45.0061369998896</coordinates>
					</LineString>
					<LineString>
						<coordinates>-93.1769540005138,45.0061369998896 -93.1769670004861,45.0039110001681</coordinates>
					</LineString>
					<LineString>
						<coordinates>-93.1769700001069,45.0030080000317 -93.1769709995773,45.0026319998238 -93.1769710003783,45.0025420003841</coordinates>
					</LineString>
					<LineString>
						<coordinates>-93.1769679993995,44.9998460000695 -93.1769649994628,44.9991409997312 -93.1769649998908,44.99894700004</coordinates>
					</LineString>
					<LineString>
						<coordinates>-93.1769649998908,44.99894700004 -93.1769590299522,44.9947542436092</coordinates>
					</LineString>
					<LineString>
						<coordinates>-93.1769590299522,44.9947542436092 -93.1769550001673,44.9919239997541 -93.1769549994166,44.9917839997646</coordinates>
					</LineString>
					<LineString>
						<coordinates>-93.1769549994166,44.9917839997646 -93.178897000322,44.9917780000071 -93.1802380002342,44.9917759995618 -93.1819679996695,44.991770000203 -93.1819679999148,44.9916470003748</coordinates>
					</LineString>
					<LineString>
						<coordinates>-93.1819679999148,44.9916470003748 -93.1819649998701,44.9899560000816</coordinates>
					</LineString>
					<LineString>
						<coordinates>-93.1818210005845,44.986974999857 -93.1817009998387,44.9866970000041 -93.181651999961,44.9865819997303</coordinates>
					</LineString>
					<LineString>
						<coordinates>-93.181651999961,44.9865819997303 -93.1816219997922,44.9864630002599</coordinates>
					</LineString>
					<LineString>
						<coordinates>-93.1817929999066,44.9850210000377 -93.181799340527,44.9846388111572</coordinates>
					</LineString>
					<LineString>
						<coordinates>-93.181799340527,44.9846388111572 -93.1817999998678,44.984598999872 -93.181802999588,44.9844319998695</coordinates>
					</LineString>
					<LineString>
						<coordinates>-93.1844070001153,44.9844740004275 -93.1855300002156,44.984468000205</coordinates>
					</LineString>
					<LineString>
						<coordinates>-93.1855300002156,44.984468000205 -93.1862940003511,44.9844689998023 -93.1872239996125,44.9844700004385 -93.1872370001031,44.9835060004148 -93.1872499996109,44.982045000417 -93.1872509996113,44.9819379997182</coordinates>
					</LineString>
					<LineString>
						<coordinates>-93.1872509996113,44.9819379997182 -93.1872585826683,44.9812134467321</coordinates>
					</LineString>
					<LineString>
						<coordinates>-93.1872585826683,44.9812134467321 -93.1872619999126,44.9808870004137 -93.1872630002608,44.9807770002397</coordinates>
					</LineString>
					<LineString>
						<coordinates>-93.1872630002608,44.9807770002397 -93.1872749994285,44.9797309996708 -93.1872760001613,44.9796410000297</coordinates>
					</LineString>
					<LineString>
						<coordinates>-93.1872760001613,44.9796410000297 -93.1872799996823,44.979241000342</coordinates>
					</LineString>
					<LineString>
						<coordinates>-93.1888230004689,44.9777139998108 -93.1888840002075,44.977666000392</coordinates>
					</LineString>
					<LineString>
						<coordinates>-93.1908740001471,44.9765720002876 -93.1913079996027,44.9763359996409 -93.1914259998255,44.9762710003648</coordinates>
					</LineString>
					<LineString>
						<coordinates>-93.1919480003067,44.9759869997852 -93.1923159456958,44.9757867765761</coordinates>
					</LineString>
					<LineString>
						<coordinates>-93.1923159456958,44.9757867765761 -93.1932160001058,44.9752969997016 -93.1933469994718,44.9752260000297</coordinates>
					</LineString>
					<LineString>
						<coordinates>-93.1936589994446,44.9748399999332 -93.1942663713914,44.9744329580149</coordinates>
					</LineString>
					<LineString>
						<coordinates>-93.1942663713914,44.9744329580149 -93.1944200000401,44.9743300003251 -93.1945690002565,44.9742300002576</coordinates>
					</LineString>
					<LineString>
						<coordinates>-93.1967559994821,44.9712539995645 -93.1970810004521,44.9710619996053 -93.1971930006055,44.9709960000441</coordinates>
					</LineString>
					<LineString>
						<coordinates>-93.1972679993997,44.9709409998893 -93.197335000456,44.9708810003047</coordinates>
					</LineString>
					<LineString>
						<coordinates>-93.1977969996167,44.9693539998428 -93.1978850005085,44.9693119999074 -93.1980679999301,44.9691109998024 -93.1983300004029,44.9688230003491 -93.1983800004685,44.9687660003044 -93.198421999798,44.9687060002759 -93.198455999678,44.9686430002701 -93.1984819997743,44.9685780004143 -93.1984990004945,44.9685119998706 -93.1985030004236,44.9684859997064 -93.1985040004461,44.9684660000737 -93.1985010005451,44.9684470003114 -93.1984930005537,44.9684280002375 -93.1984819999042,44.9684100000965 -93.1984679995118,44.9683940000058 -93.1984509993774,44.9683799999643</coordinates>
					</LineString>
					<LineString>
						<coordinates>-93.1975439997897,44.9664310000145 -93.1975479997668,44.965675999564 -93.1975489996977,44.9655070000113</coordinates>
					</LineString>
					<LineString>
						<coordinates>-93.197557000305,44.9639979997842 -93.1975579996989,44.9639190002329 -93.197558000521,44.9638520002542 -93.1963330000879,44.9633729998065 -93.1961639995803,44.9633060003653 -93.1960579995858,44.9632629998568 -93.1945619994031,44.9626499996884 -93.1930579998508,44.9620539999364 -93.1929470003345,44.9620100003602 -93.1913379996919,44.9613659999953 -93.190486999653,44.9610269997289 -93.1899030004127,44.9607949998988 -93.1897030005592,44.9607150003243 -93.1880939999829,44.9600689997758 -93.187544999543,44.959857000142 -93.1872969995613,44.9597610002978 -93.186469000487,44.9594139997156 -93.1862999998768,44.9593410002061 -93.1842700001456,44.958513000061 -93.1825320000508,44.9578479997275 -93.1822890003995,44.9577550002515</coordinates>
					</LineString>
					<LineString>
						<coordinates>-93.1822890003995,44.9577550002515 -93.1822850002678,44.9563449996529</coordinates>
					</LineString>
					<LineString>
						<coordinates>-93.1823730002719,44.9533570000194 -93.1830510000331,44.9534670000269 -93.1831449998158,44.9534829998154</coordinates>
					</LineString>
					<LineString>
						<coordinates>-93.1860569998252,44.9544570003552 -93.1872380004854,44.9548519999246 -93.1873739999429,44.9548970002212</coordinates>
					</LineString>
					<LineString>
						<coordinates>-93.1873739999429,44.9548970002212 -93.1873730005278,44.9545329996908</coordinates>
					</LineString>
					<LineString>
						<coordinates>-93.1873720001763,44.9542999998541 -93.1873710005434,44.9539179997844 -93.1873700000529,44.9537729998889</coordinates>
					</LineString>
					<LineString>
						<coordinates>-93.1873700000529,44.9537729998889 -93.1873620001959,44.9523729999699</coordinates>
					</LineString>
					<LineString>
						<coordinates>-93.1873620001959,44.9523729999699 -93.187361000049,44.9520960000488 -93.1873610006169,44.9520049996878</coordinates>
					</LineString>
					<LineString>
						<coordinates>-93.1873610006169,44.9520049996878 -93.1873570004193,44.9509450003464 -93.1873559997252,44.950849000095</coordinates>
					</LineString>
					<LineString>
						<coordinates>-93.1873559997252,44.950849000095 -93.1873520001191,44.9497630000381 -93.187352000013,44.9496410003263</coordinates>
					</LineString>
					<LineString>
						<coordinates>-93.1873510000461,44.9494399997275 -93.1873491596566,44.9488929722802</coordinates>
					</LineString>
					<LineString>
						<coordinates>-93.1873491596566,44.9488929722802 -93.1873479994201,44.9485480000777 -93.1873469998158,44.9483810000315</coordinates>
					</LineString>
					<LineString>
						<coordinates>-93.1873469998158,44.9483810000315 -93.1873529995569,44.947269999817</coordinates>
					</LineString>
					<LineString>
						<coordinates>-93.1873529995569,44.947269999817 -93.1873549995476,44.9463670001657 -93.18735600038,44.9462089996875</coordinates>
					</LineString>
					<LineString>
						<coordinates>-93.18735600038,44.9462089996875 -93.1873620004224,44.9451500000888</coordinates>
					</LineString>
					<LineString>
						<coordinates>-93.187369000627,44.9440030003365 -93.1873720003157,44.9434600000308 -93.1873749994465,44.9429409999559</coordinates>
					</LineString>
					<LineString>
						<coordinates>-93.1873749994465,44.9429409999559 -93.1873839994164,44.9418470003724 -93.1873850000526,44.9416729995775</coordinates>
					</LineString>
					<LineString>
						<coordinates>-93.1873849998072,44.9413460002704 -93.1873829995902,44.9402510002999 -93.1873829996195,44.9401079995645</coordinates>
					</LineString>
					<LineString>
						<coordinates>-93.1873829995395,44.9379320004265 -93.1873820003783,44.937027000363</coordinates>
					</LineString>
					<LineString>
						<coordinates>-93.1873820003783,44.937027000363 -93.1873809994792,44.9362290000788 -93.1873810003613,44.9361259997585</coordinates>
					</LineString>
					<LineString>
						<coordinates>-93.1873810003613,44.9361259997585 -93.1873800005928,44.9352270001626</coordinates>
					</LineString>
					<LineString>
						<coordinates>-93.1873800005928,44.9352270001626 -93.1873789995719,44.9344410002352 -93.1873790003489,44.9343289996509</coordinates>
					</LineString>
					<LineString>
						<coordinates>-93.1873790003489,44.9343289996509 -93.1873820002881,44.9334210001771</coordinates>
					</LineString>
					<LineString>
						<coordinates>-93.1873820002881,44.9334210001771 -93.1873810001188,44.9326290001428 -93.1873810005707,44.9325129999192</coordinates>
					</LineString>
					<LineString>
						<coordinates>-93.1873810005707,44.9325129999192 -93.1873789994456,44.9316009997543</coordinates>
					</LineString>
					<LineString>
						<coordinates>-93.1873789994456,44.9316009997543 -93.187378000383,44.930828000066 -93.1873770003682,44.9306970004512</coordinates>
					</LineString>
					<LineString>
						<coordinates>-93.1873770003682,44.9306970004512 -93.1873759996503,44.9297889997604</coordinates>
					</LineString>
					<LineString>
						<coordinates>-93.1873759996503,44.9297889997604 -93.1873749999089,44.9290060003604 -93.1873750000624,44.9288859995566</coordinates>
					</LineString>
					<LineString>
						<coordinates>-93.1873750000624,44.9288859995566 -93.1873689997274,44.9279700003632</coordinates>
					</LineString>
					<LineString>
						<coordinates>-93.1873719997853,44.9243420002155 -93.1873710002106,44.9235409995683 -93.1873709999746,44.9234309999269</coordinates>
					</LineString>
					<LineString>
						<coordinates>-93.1873770005527,44.9207100002619 -93.1873839999335,44.9199479999857 -93.1873849998741,44.9198440003039</coordinates>
					</LineString>
					<LineString>
						<coordinates>-93.1873860002516,44.9197529995873 -93.1873720005449,44.9188889998268</coordinates>
					</LineString>
					<LineString>
						<coordinates>-93.1873790000242,44.9178760003243 -93.1874420004491,44.9177449998114 -93.187442999537,44.9174279996773 -93.1874439996714,44.9170629996425 -93.1874479999286,44.9161680001484 -93.1874479995221,44.9161480002703 -93.1874429999809,44.9160169996811 -93.1874330004257,44.9157560004231 -93.1874140002763,44.9155280003781 -93.1873810006343,44.9154519997056 -93.1873809999951,44.9143379998195 -93.1873809993786,44.9141229999256 -93.187380999489,44.9134170003972 -93.1873819999947,44.9127670000945 -93.1873820002811,44.9125320002482</coordinates>
					</LineString>
					<LineString>
						<coordinates>-93.1873820002811,44.9125320002482 -93.187384999489,44.9117080000968</coordinates>
					</LineString>
					<LineString>
						<coordinates>-93.187391000369,44.9098069998334 -93.1873930002081,44.9090169999537 -93.187393999628,44.9088930001687</coordinates>
					</LineString>
					<LineString>
						<coordinates>-93.187393999628,44.9088930001687 -93.1873980004618,44.9079820000051</coordinates>
					</LineString>
					<LineString>
						<coordinates>-93.1873999995668,44.9069839997222 -93.1873999997952,44.9069559996663 -93.1874009993959,44.9068500003866</coordinates>
					</LineString>
					<LineString>
						<coordinates>-93.1874039993696,44.9061620000874 -93.187405999684,44.905341000145 -93.1874060004253,44.9052499999365</coordinates>
					</LineString>
					<LineString>
						<coordinates>-93.1874060004253,44.9052499999365 -93.1874039997495,44.9044580003255</coordinates>
					</LineString>
					<LineString>
						<coordinates>-93.187395999429,44.9016249998351 -93.1870829996596,44.9016260000095 -93.1860899997323,44.9016299998011</coordinates>
					</LineString>
					<LineString>
						<coordinates>-93.1860899997323,44.9016299998011 -93.1850009996997,44.9016339997751 -93.1848400003884,44.9016340003033</coordinates>
					</LineString>
					<LineString>
						<coordinates>-93.1848400003884,44.9016340003033 -93.1835769996208,44.9016390000533</coordinates>
					</LineString>
					<LineString>
						<coordinates>-93.1835769996208,44.9016390000533 -93.182490000509,44.9016429998735 -93.1822999999036,44.9016440000803</coordinates>
					</LineString>
					<LineString>
						<coordinates>-93.1822999999036,44.9016440000803 -93.1805329212092,44.9016477028061</coordinates>
					</LineString>
					<LineString>
						<coordinates>-93.1805329212092,44.9016477028061 -93.179913999411,44.9016489999771 -93.1797570000546,44.9016489996412</coordinates>
					</LineString>
					<LineString>
						<coordinates>-93.1796599999502,44.9016389997257 -93.1795649995164,44.9016240004272</coordinates>
					</LineString>
					<LineString>
						<coordinates>-93.1775480001506,44.9016640003659 -93.1775140001434,44.9016640001062 -93.1773150003679,44.9016680001</coordinates>
					</LineString>
					<LineString>
						<coordinates>-93.1773150003679,44.9016680001 -93.1770939994849,44.9016700002946 -93.1770830005739,44.9025680003512 -93.1770900003665,44.9041639999793 -93.1767620000237,44.9041640003964 -93.1722990000916,44.9041610004427 -93.1721119997416,44.9041599996157 -93.1695119998324,44.90416399994 -93.1671159995882,44.9041680001266 -93.1669969999179,44.9041709999485 -93.1659030001043,44.9042000003404</coordinates>
					</LineString>
					<LineString>
						<coordinates>-93.1659030001043,44.9042000003404 -93.1658989997506,44.9040110002792 -93.1658960004926,44.9038859999486</coordinates>
					</LineString>
					<LineString>
						<coordinates>-93.1686780001377,44.9025919995592 -93.1703679997415,44.9018109998399 -93.1705699997447,44.901717000136</coordinates>
					</LineString>
					<LineString>
						<coordinates>-93.1721200005136,44.9009950003014 -93.1721337074256,44.8999718619886</coordinates>
					</LineString>
					<LineString>
						<coordinates>-93.1721039999145,44.898967000147 -93.1721270003428,44.898203999752 -93.1721309995561,44.8980649996624</coordinates>
					</LineString>
				</MultiGeometry>
			</Placemark>
		</Folder>
	</Document>
</kml>