<?xml version="1.0" encoding="utf-8" ?>
<kml xmlns="http://www.opengis.net/kml/2.2">
	<Document id="root_doc">
		<Schema id="Metro_Transit_Routes" name="Metro_Transit_Routes">
			<SimpleField name="OBJECTID" type="int"/>
			<SimpleField name="route" type="string"/>
			<SimpleField name="routesort" type="int"/>
			<SimpleField name="RouteDescription" type="string"/>
			<SimpleField name="RouteOperator" type="string"/>
			<SimpleField name="EffectiveDate" type="string"/>
			<SimpleField name="payleavedirectionid" type="int"/>
			<SimpleField name="routepayleave" type="int"/>
			<SimpleField name="RouteClass" type="string"/>
			<SimpleField name="IsPublic" type="int"/>
			<SimpleField name="wk_ftrip" type="string"/>
			<SimpleField name="wk_ltrip" type="string"/>
			<SimpleField name="wk_span" type="string"/>
			<SimpleField name="wk_trip_freq" type="int"/>
			<SimpleField name="sat_ftrip" type="string"/>
			<SimpleField name="sat_ltrip" type="string"/>
			<SimpleField name="sat_span" type="string"/>
			<SimpleField name="sat_trip_freq" type="int"/>
			<SimpleField name="sun_ftrip" type="string"/>
			<SimpleField name="sun_ltrip" type="string"/>
			<SimpleField name="sun_span" type="string"/>
			<SimpleField name="sun_trip_freq" type="int"/>
			<SimpleField name="Shape__Length" type="float"/>
		</Schema>
		<Folder>
			<name>Metro_Transit_Routes</name>
			<Placemark id="Metro_Transit_Routes.1">
				<Style>
					<LineStyle>
						<color>ff0000ff</color>
					</LineStyle>
					<PolyStyle>
						<fill>0</fill>
					</PolyStyle>
				</Style>
				<ExtendedData>
					<SchemaData schemaUrl="#Metro_Transit_Routes">
						<SimpleData name="OBJECTID">93</SimpleData>
						<SimpleData name="route">65</SimpleData>
						<SimpleData name="routesort">65</SimpleData>
						<SimpleData name="RouteDescription">Dale St - Co Rd B - Rosedale</SimpleData>
						<SimpleData name="RouteOperator">P</SimpleData>
						<SimpleData name="EffectiveDate">2026/03/14 00:00:00+00</SimpleData>
						<SimpleData name="payleavedirectionid">0</SimpleData>
						<SimpleData name="routepayleave">0</SimpleData>
						<SimpleData name="RouteClass">SupportLoc  </SimpleData>
						<SimpleData name="IsPublic">1</SimpleData>
						<SimpleData name="wk_ftrip">04:59:00</SimpleData>
						<SimpleData name="wk_ltrip">00:44:00</SimpleData>
						<SimpleData name="wk_span">19:45:00</SimpleData>
						<SimpleData name="wk_trip_freq">65</SimpleData>
						<SimpleData name="sat_ftrip">04:40:00</SimpleData>
						<SimpleData name="sat_ltrip">00:28:00</SimpleData>
						<SimpleData name="sat_span">19:48:00</SimpleData>
						<SimpleData name="sat_trip_freq">68</SimpleData>
						<SimpleData name="sun_ftrip">04:38:00</SimpleData>
						<SimpleData name="sun_ltrip">00:38:00</SimpleData>
						<SimpleData name="sun_span">20:00:00</SimpleData>
						<SimpleData name="sun_trip_freq">40</SimpleData>
						<SimpleData name="Shape__Length">22609.5595709421</SimpleData>
					</SchemaData>
				</ExtendedData>
				<MultiGeometry>
					<LineString>
						<coordinates>-93.1262019997309,44.941315999755 -93.1260629997569,44.9413160002367 -93.1240199995045,44.9413170001963 -93.12401399989,44.9406420000096 -93.1239910004613,44.9405750004244 -93.1239610004169,44.9405089995552 -93.1239239994013,44.9404450002223 -93.1238789995411,44.9403840000252 -93.1238280000499,44.9403250002631 -93.1237700001286,44.9402699995615 -93.1237060006007,44.9402170001771 -93.1236370003389,44.9401689995922 -93.1236569997775,44.9399210001047 -93.1261990005583,44.9399179997991 -93.1261999996616,44.9401709996587 -93.1262019997309,44.941315999755</coordinates>
					</LineString>
					<LineString>
						<coordinates>-93.1262019997309,44.941315999755 -93.1262109996189,44.9418040001631 -93.1262190003531,44.9422639999504</coordinates>
					</LineString>
					<LineString>
						<coordinates>-93.1262190003531,44.9422639999504 -93.1262200004924,44.9423669999541 -93.126231999604,44.9431539999031 -93.1262350004499,44.9433809995781</coordinates>
					</LineString>
					<LineString>
						<coordinates>-93.1262350004499,44.9433809995781 -93.1262409996367,44.9438129997737 -93.1262439996357,44.9440390001992</coordinates>
					</LineString>
					<LineString>
						<coordinates>-93.1262439996357,44.9440390001992 -93.126249000156,44.9443859999092</coordinates>
					</LineString>
					<LineString>
						<coordinates>-93.126249000156,44.9443859999092 -93.1262569996299,44.9449330003663 -93.1262639996198,44.9454010001941 -93.1262690000857,44.9457600004053</coordinates>
					</LineString>
					<LineString>
						<coordinates>-93.1262690000857,44.9457600004053 -93.1262790003966,44.9464730001415 -93.1262810003997,44.9465700000215</coordinates>
					</LineString>
					<LineString>
						<coordinates>-93.1262810003997,44.9465700000215 -93.1262929997423,44.9473949995742</coordinates>
					</LineString>
					<LineString>
						<coordinates>-93.1262929997423,44.9473949995742 -93.1263080002384,44.9484230000183 -93.1263089999844,44.9485280001568</coordinates>
					</LineString>
					<LineString>
						<coordinates>-93.1263089999844,44.9485280001568 -93.1263110643404,44.9488594707706</coordinates>
					</LineString>
					<LineString>
						<coordinates>-93.1263110643404,44.9488594707706 -93.1263140000271,44.9493309999539 -93.1263139997078,44.949431999789</coordinates>
					</LineString>
					<LineString>
						<coordinates>-93.1263139997078,44.949431999789 -93.1263199998322,44.9503359999712</coordinates>
					</LineString>
					<LineString>
						<coordinates>-93.1263199998322,44.9503359999712 -93.1262700000626,44.9503599997019 -93.1261759998824,44.9511310003078 -93.1261709997354,44.9511759996568 -93.1261710004421,44.9512770003581 -93.1261669995044,44.9516339999994 -93.1261649995918,44.9518090002817 -93.1261620002814,44.9521250000554 -93.1261639994297,44.9526440002708 -93.1261909995744,44.9528769998946 -93.1261829996182,44.9530329999401 -93.1261910004353,44.9539209998898 -93.1261939994678,44.9542100004196 -93.1261990004986,44.9548120000679 -93.1262160005768,44.9556489997733 -93.1262159998249,44.9557250000468 -93.1262160002919,44.9557790003342 -93.1262150000405,44.9560630000779 -93.1262150001713,44.95622500003 -93.1263050006282,44.9566249997036</coordinates>
					</LineString>
					<LineString>
						<coordinates>-93.1263050006282,44.9566249997036 -93.1263190003897,44.9574179997897 -93.1263209998036,44.9575329998735</coordinates>
					</LineString>
					<LineString>
						<coordinates>-93.1263209998036,44.9575329998735 -93.1263170000386,44.9584299999761</coordinates>
					</LineString>
					<LineString>
						<coordinates>-93.1263170000386,44.9584299999761 -93.1262599999986,44.9585640000755 -93.1262150004255,44.9592029996088 -93.1262050001782,44.9593369999225 -93.1262730001549,44.960121000072 -93.1263299997349,44.9602490002654</coordinates>
					</LineString>
					<LineString>
						<coordinates>-93.1263299997349,44.9602490002654 -93.1263360003375,44.9610489996378 -93.1263370005026,44.9611499999585</coordinates>
					</LineString>
					<LineString>
						<coordinates>-93.1263370005026,44.9611499999585 -93.126333000178,44.9620489997338</coordinates>
					</LineString>
					<LineString>
						<coordinates>-93.126333000178,44.9620489997338 -93.1262890005395,44.9621539998789 -93.1262459997009,44.9628070003024 -93.1262369996184,44.9629550002188 -93.1262509998805,44.9657510003229 -93.1262540003872,44.9663090001729 -93.1261400004102,44.9674650002807 -93.1261719998928,44.9682550002371 -93.126175999669,44.968364999996 -93.1261810001406,44.9699429996668 -93.1262779995524,44.9701680003628</coordinates>
					</LineString>
					<LineString>
						<coordinates>-93.1262779995524,44.9701680003628 -93.1262129997722,44.9703059995831 -93.1262279996612,44.9704749995915 -93.1262539995824,44.9707660001989 -93.1263599994859,44.9710170002466</coordinates>
					</LineString>
					<LineString>
						<coordinates>-93.1263599994859,44.9710170002466 -93.1263600004235,44.9715169995805 -93.1263600000275,44.9717229998379 -93.1263600005131,44.9718780003098 -93.1263599999635,44.9719690003535 -93.1263590002142,44.972663000405 -93.1263580004398,44.9731820002611 -93.1263580002778,44.9737299997105 -93.1263579997762,44.9737650002703</coordinates>
					</LineString>
					<LineString>
						<coordinates>-93.1263579997762,44.9737650002703 -93.1263560001037,44.9752949995883</coordinates>
					</LineString>
					<LineString>
						<coordinates>-93.1263560001037,44.9752949995883 -93.1263559997232,44.9755009997088 -93.1263559996753,44.9755980004052</coordinates>
					</LineString>
					<LineString>
						<coordinates>-93.1263559996753,44.9755980004052 -93.1263549994489,44.9764610002195</coordinates>
					</LineString>
					<LineString>
						<coordinates>-93.1263549994489,44.9764610002195 -93.1263540005618,44.9772529996083 -93.1263540002359,44.9773619998935</coordinates>
					</LineString>
					<LineString>
						<coordinates>-93.1263540002359,44.9773619998935 -93.1263179996951,44.9790620000936 -93.1263160003669,44.979160000358</coordinates>
					</LineString>
					<LineString>
						<coordinates>-93.1263160003669,44.979160000358 -93.1263041907742,44.9798445090181</coordinates>
					</LineString>
					<LineString>
						<coordinates>-93.1263041907742,44.9798445090181 -93.1262870004966,44.9808409999354 -93.1262839998775,44.9809700004202</coordinates>
					</LineString>
					<LineString>
						<coordinates>-93.1262839998775,44.9809700004202 -93.1262509997606,44.9826709999214 -93.1262500000702,44.9827420003519</coordinates>
					</LineString>
					<LineString>
						<coordinates>-93.1262500000702,44.9827420003519 -93.1262169994645,44.9844869999601 -93.126215,44.9845770000939</coordinates>
					</LineString>
					<LineString>
						<coordinates>-93.126215,44.9845770000939 -93.1261899993962,44.9861360000969</coordinates>
					</LineString>
					<LineString>
						<coordinates>-93.1261899993962,44.9861360000969 -93.1261872476002,44.9862855408339</coordinates>
					</LineString>
					<LineString>
						<coordinates>-93.1261872476002,44.9862855408339 -93.1261870005984,44.9862989999224 -93.1261859999855,44.9863760001076</coordinates>
					</LineString>
					<LineString>
						<coordinates>-93.1261859999855,44.9863760001076 -93.1261729995506,44.9871769998202 -93.1261650005365,44.9876530001772</coordinates>
					</LineString>
					<LineString>
						<coordinates>-93.1261650005365,44.9876530001772 -93.1261564230907,44.9882158096093</coordinates>
					</LineString>
					<LineString>
						<coordinates>-93.1261564230907,44.9882158096093 -93.1261439997546,44.9890309999896 -93.1261429997875,44.9890799995848</coordinates>
					</LineString>
					<LineString>
						<coordinates>-93.1261429997875,44.9890799995848 -93.1261140001461,44.9908619997874</coordinates>
					</LineString>
					<LineString>
						<coordinates>-93.1261140001461,44.9908619997874 -93.1261020005574,44.9916319995692 -93.1260990003354,44.9917940000209</coordinates>
					</LineString>
					<LineString>
						<coordinates>-93.1260990003354,44.9917940000209 -93.1260970001341,44.9923380003237</coordinates>
					</LineString>
					<LineString>
						<coordinates>-93.1260970001341,44.9923380003237 -93.1260899994221,44.9953739999042 -93.1260790002856,44.9970260002411 -93.1260720006269,44.9980570001739 -93.1260810000778,44.9989550003474</coordinates>
					</LineString>
					<LineString>
						<coordinates>-93.1260810000778,44.9989550003474 -93.1260970003131,45.0004669997651 -93.1260990004989,45.0005760000973</coordinates>
					</LineString>
					<LineString>
						<coordinates>-93.1260990004989,45.0005760000973 -93.1261079995639,45.0013559999228</coordinates>
					</LineString>
					<LineString>
						<coordinates>-93.1261079995639,45.0013559999228 -93.126111000096,45.0017810000371 -93.1261149997297,45.0020089999879</coordinates>
					</LineString>
					<LineString>
						<coordinates>-93.1261149997297,45.0020089999879 -93.126119999868,45.0025010000692 -93.1261209999555,45.0025520002677</coordinates>
					</LineString>
					<LineString>
						<coordinates>-93.1261209999555,45.0025520002677 -93.1261219936739,45.0026400001818 -93.1261369996781,45.0039760004355</coordinates>
					</LineString>
					<LineString>
						<coordinates>-93.1261369996781,45.0039760004355 -93.1261459999972,45.0047520002371 -93.1261459994388,45.0047980000532</coordinates>
					</LineString>
					<LineString>
						<coordinates>-93.1261459994388,45.0047980000532 -93.1261609995779,45.0061509999268</coordinates>
					</LineString>
					<LineString>
						<coordinates>-93.1261609995779,45.0061509999268 -93.1265519994326,45.0061559999876 -93.1274020186114,45.006167046375</coordinates>
					</LineString>
					<LineString>
						<coordinates>-93.1274020186114,45.006167046375 -93.128091000424,45.0061759995815 -93.1310190002363,45.0062130003722 -93.1312220000597,45.0062149997837</coordinates>
					</LineString>
					<LineString>
						<coordinates>-93.1312220000597,45.0062149997837 -93.1318780001794,45.0062230003286</coordinates>
					</LineString>
					<LineString>
						<coordinates>-93.1318780001794,45.0062230003286 -93.1361220004194,45.0062770031538</coordinates>
					</LineString>
					<LineString>
						<coordinates>-93.1361220004194,45.0062770031538 -93.1362810005611,45.0062790000977</coordinates>
					</LineString>
					<LineString>
						<coordinates>-93.1362810005611,45.0062790000977 -93.1429029994381,45.0063720004174 -93.1430150002313,45.0063729998622</coordinates>
					</LineString>
					<LineString>
						<coordinates>-93.1430150002313,45.0063729998622 -93.1461600005612,45.0064170002561 -93.1464139999937,45.0064210003299</coordinates>
					</LineString>
					<LineString>
						<coordinates>-93.1464139999937,45.0064210003299 -93.1513760000106,45.0063500000399 -93.1515080002155,45.0063480003137</coordinates>
					</LineString>
					<LineString>
						<coordinates>-93.1515080002155,45.0063480003137 -93.1527769999246,45.0063300001127</coordinates>
					</LineString>
					<LineString>
						<coordinates>-93.1527769999246,45.0063300001127 -93.1538889996387,45.006313999655 -93.1540529993755,45.0063109996613</coordinates>
					</LineString>
					<LineString>
						<coordinates>-93.1540529993755,45.0063109996613 -93.1563139999514,45.0062789997513 -93.15659900044,45.0062750004471</coordinates>
					</LineString>
					<LineString>
						<coordinates>-93.15659900044,45.0062750004471 -93.159260999616,45.0062489999514</coordinates>
					</LineString>
					<LineString>
						<coordinates>-93.159260999616,45.0062489999514 -93.1594568044142,45.0062473233342</coordinates>
					</LineString>
					<LineString>
						<coordinates>-93.1594568044142,45.0062473233342 -93.1597279994493,45.0062449999509 -93.1604599996859,45.0062370000498</coordinates>
					</LineString>
					<LineString>
						<coordinates>-93.1604599996859,45.0062370000498 -93.16169100032,45.0062249998714</coordinates>
					</LineString>
					<LineString>
						<coordinates>-93.16169100032,45.0062249998714 -93.1629410000777,45.006212999828 -93.163106000537,45.0062109999226</coordinates>
					</LineString>
					<LineString>
						<coordinates>-93.163106000537,45.0062109999226 -93.1644810000266,45.0061979996629</coordinates>
					</LineString>
					<LineString>
						<coordinates>-93.1644810000266,45.0061979996629 -93.1659660001181,45.006183000159 -93.1661590005037,45.0061810001591</coordinates>
					</LineString>
					<LineString>
						<coordinates>-93.1661590005037,45.0061810001591 -93.1663699998756,45.0061770003938</coordinates>
					</LineString>
					<LineString>
						<coordinates>-93.1663699998756,45.0061770003938 -93.1663480005808,45.0078149997082 -93.1663649995159,45.0098099999288 -93.1663629997814,45.0100559999096 -93.166362000412,45.0103600004422 -93.1663610005199,45.0106590003976 -93.1663699994257,45.0108409996354 -93.1663889996396,45.0110229995994 -93.166415999628,45.0112040003881 -93.1664519994623,45.0113839996383 -93.1664969995926,45.0115640001537 -93.1665519993885,45.0117420002419 -93.1666290001257,45.0119769997979 -93.1666959994988,45.0122139997119 -93.1667539995888,45.0124520002265 -93.1668010005938,45.0126919998869 -93.1668390004474,45.0129320000649 -93.1668600005817,45.0131180001103 -93.1668750002091,45.0133410004513 -93.1668860000749,45.0134920003726</coordinates>
					</LineString>
					<LineString>
						<coordinates>-93.1668860000749,45.0134920003726 -93.166995000206,45.0135320003499 -93.1670870001405,45.0135730000024</coordinates>
					</LineString>
					<LineString>
						<coordinates>-93.1670870001405,45.0135730000024 -93.1673910003607,45.013711999775 -93.168104999556,45.0141059997045 -93.1683939994143,45.0142650004033</coordinates>
					</LineString>
					<LineString>
						<coordinates>-93.1683939994143,45.0142650004033 -93.1684930003789,45.0143150004027 -93.1685980002658,45.0142360004519 -93.1691350000699,45.0137510002047 -93.1690800004293,45.0136889999943 -93.1690169996389,45.013631000343 -93.1689460002452,45.0135770003338 -93.168870000243,45.0135280001317 -93.1681680001996,45.01312900022 -93.1681119998701,45.0130840002126 -93.1680619999346,45.0130360000137 -93.1680190000327,45.0129839998487 -93.1679809999807,45.0129310003029 -93.1684769995563,45.0125170001769 -93.1685719997682,45.0124379996729 -93.1683810005242,45.0123569995986 -93.1680800002365,45.0122249996979 -93.1679449996339,45.0121639997226 -93.1678919994894,45.0122190000969 -93.1678469996609,45.012277999939 -93.167810999423,45.0123390002664 -93.1677850004694,45.0124029997281 -93.1677679998909,45.0124689996919 -93.1677619999207,45.0125359998092 -93.1677649997838,45.0126020000962 -93.1677779999177,45.0126680000947 -93.1678379997799,45.0128259998458 -93.167893999433,45.0129729997092 -93.1679040003138,45.0129909996245 -93.16794000004,45.013050000108 -93.1679839998399,45.0131050000674 -93.168034000431,45.0131579999584 -93.1680909998175,45.0132069998809 -93.1681539996253,45.0132529996061 -93.1682220003156,45.0132940003724 -93.1685699996257,45.0134680000253 -93.1688510005912,45.013682999651 -93.1688869998609,45.0137690001481 -93.1688550001119,45.013842999927 -93.1687519998308,45.0139340003069 -93.1684899998305,45.0141819998703 -93.1683939994143,45.0142650004033</coordinates>
					</LineString>
					<LineString>
						<coordinates>-93.1668860000749,45.0134920003726 -93.1669190005077,45.0139739997457 -93.1669179995899,45.0140269999316 -93.166907000332,45.0140790002146 -93.1668879993673,45.0141309995864 -93.1668590005526,45.0141799997241 -93.166823000218,45.0142259998441 -93.1667779995133,45.0142690001583 -93.1667270003989,45.014306999651 -93.1666689993801,45.0143409998904 -93.1666049995952,45.0143690000793 -93.1665369998985,45.0143909999936 -93.1664659994546,45.0144080000819 -93.1663930001569,45.0144179995557 -93.1663179994979,45.0144210002153 -93.1662499996348,45.0144179998667 -93.1661829998975,45.0144079999408 -93.1661179998018,45.0143930001094 -93.1660560003348,45.0143719997086 -93.1659990003594,45.014345000339 -93.165948000285,45.014312999766 -93.165902000414,45.0142769995613 -93.1658639996391,45.0142369998766 -93.1658329995125,45.0141939995809 -93.1658100000791,45.0141479999283 -93.1657959995273,45.014100999698 -93.1657910000291,45.0140519996787 -93.1657940000157,45.0140039998605 -93.1659729995237,45.0136040003038 -93.1660060001378,45.01353300021 -93.1661439998035,45.0132319999062 -93.1662579997118,45.0133129997037 -93.1666200000066,45.0134130000408 -93.1668860000749,45.0134920003726</coordinates>
					</LineString>
					<LineString>
						<coordinates>-93.1683939994143,45.0142650004033 -93.168096999713,45.0145040001357 -93.1680420001446,45.0145429999125 -93.1679809998717,45.0145779999403 -93.1679150003424,45.0146060002027 -93.1678430006233,45.0146279995733 -93.1677689997107,45.0146440002679 -93.1676919997166,45.0146530000355 -93.1676279996212,45.0146530003706 -93.1675649994774,45.0146460002214 -93.1675039993696,45.0146319999231 -93.1674470001936,45.0146130003693 -93.1673930002525,45.0145880002219 -93.1673460001724,45.0145580000362 -93.1673049998976,45.0145230003854 -93.1672709998548,45.0144839999224 -93.1672459996326,45.0144430004495 -93.1672290000481,45.0143989997232 -93.1672200005666,45.0143539997715 -93.1670929996264,45.0137699997545 -93.1670870001405,45.0135730000024</coordinates>
					</LineString>
					<LineString>
						<coordinates>-93.1670870001405,45.0135730000024 -93.1670760001002,45.0134230002149 -93.1670549996379,45.0132280001126 -93.1670249997616,45.0130349998826 -93.166985999825,45.0128420001953 -93.1669400003351,45.0126500000296 -93.166869999875,45.0124559995782 -93.166808000586,45.0122599997698 -93.1667550005973,45.0120640002841 -93.1667100003431,45.0118659996679 -93.1666740001233,45.0116670001836 -93.1666469998412,45.0114670000393 -93.1666279997657,45.011266999912 -93.1666179998128,45.0110670001472 -93.166616999886,45.0108669998474 -93.1666239995421,45.0106660003599 -93.1666189994249,45.0103600002677 -93.1666129993837,45.0100539998172 -93.1666080002658,45.0097680001403 -93.1666039999483,45.007660999843 -93.1665920002535,45.0061749997218 -93.1663699998756,45.0061770003938</coordinates>
					</LineString>
					<LineString>
						<coordinates>-93.1661590005037,45.0061810001591 -93.1644810000266,45.0061979996629</coordinates>
					</LineString>
					<LineString>
						<coordinates>-93.1644810000266,45.0061979996629 -93.1634380002863,45.00620800025 -93.163106000537,45.0062109999226</coordinates>
					</LineString>
					<LineString>
						<coordinates>-93.163106000537,45.0062109999226 -93.16169100032,45.0062249998714</coordinates>
					</LineString>
					<LineString>
						<coordinates>-93.1604599996859,45.0062370000498 -93.1594568044142,45.0062473233342</coordinates>
					</LineString>
					<LineString>
						<coordinates>-93.1594568044142,45.0062473233342 -93.1593909997207,45.0062480003176 -93.159260999616,45.0062489999514</coordinates>
					</LineString>
					<LineString>
						<coordinates>-93.159260999616,45.0062489999514 -93.1568660000669,45.0062720000656 -93.15659900044,45.0062750004471</coordinates>
					</LineString>
					<LineString>
						<coordinates>-93.15659900044,45.0062750004471 -93.1541730005518,45.00630999965 -93.1540529993755,45.0063109996613</coordinates>
					</LineString>
					<LineString>
						<coordinates>-93.1540529993755,45.0063109996613 -93.1527769999246,45.0063300001127</coordinates>
					</LineString>
					<LineString>
						<coordinates>-93.1527769999246,45.0063300001127 -93.1516659995065,45.0063460001185 -93.1515080002155,45.0063480003137</coordinates>
					</LineString>
					<LineString>
						<coordinates>-93.1515080002155,45.0063480003137 -93.1467539998676,45.0064159999672 -93.1464139999937,45.0064210003299</coordinates>
					</LineString>
					<LineString>
						<coordinates>-93.1464139999937,45.0064210003299 -93.1431220001293,45.0063750001762 -93.1430150002313,45.0063729998622</coordinates>
					</LineString>
					<LineString>
						<coordinates>-93.1430150002313,45.0063729998622 -93.1364539995352,45.0062809998996 -93.1362810005611,45.0062790000977</coordinates>
					</LineString>
					<LineString>
						<coordinates>-93.1361220004194,45.0062770031538 -93.1319760001797,45.0062249998729 -93.1318780001794,45.0062230003286</coordinates>
					</LineString>
					<LineString>
						<coordinates>-93.1312220000597,45.0062149997837 -93.1282060003211,45.0061770002834 -93.1274020186114,45.006167046375</coordinates>
					</LineString>
					<LineString>
						<coordinates>-93.1274020186114,45.006167046375 -93.1264290003032,45.0061550001744 -93.1261609995779,45.0061509999268</coordinates>
					</LineString>
					<LineString>
						<coordinates>-93.1261609995779,45.0061509999268 -93.1261479995748,45.0049189998618 -93.1261459994388,45.0047980000532</coordinates>
					</LineString>
					<LineString>
						<coordinates>-93.1261459994388,45.0047980000532 -93.1261369996781,45.0039760004355</coordinates>
					</LineString>
					<LineString>
						<coordinates>-93.1261209999555,45.0025520002677 -93.1261149997297,45.0020089999879</coordinates>
					</LineString>
					<LineString>
						<coordinates>-93.1261079995639,45.0013559999228 -93.1260990000243,45.0006289998459 -93.1260990004989,45.0005760000973</coordinates>
					</LineString>
					<LineString>
						<coordinates>-93.1260990004989,45.0005760000973 -93.1260810000778,44.9989550003474</coordinates>
					</LineString>
					<LineString>
						<coordinates>-93.1260970001341,44.9923380003237 -93.1260980004269,44.9919309998689 -93.1260990003354,44.9917940000209</coordinates>
					</LineString>
					<LineString>
						<coordinates>-93.1260990003354,44.9917940000209 -93.1261140001461,44.9908619997874</coordinates>
					</LineString>
					<LineString>
						<coordinates>-93.1261140001461,44.9908619997874 -93.126140999958,44.9891740001097 -93.1261429997875,44.9890799995848</coordinates>
					</LineString>
					<LineString>
						<coordinates>-93.1261429997875,44.9890799995848 -93.1261564230907,44.9882158096093</coordinates>
					</LineString>
					<LineString>
						<coordinates>-93.1261564230907,44.9882158096093 -93.1261640005608,44.9877280001104 -93.1261650005365,44.9876530001772</coordinates>
					</LineString>
					<LineString>
						<coordinates>-93.1261650005365,44.9876530001772 -93.1261859999855,44.9863760001076</coordinates>
					</LineString>
					<LineString>
						<coordinates>-93.1261859999855,44.9863760001076 -93.1261872476002,44.9862855408339</coordinates>
					</LineString>
					<LineString>
						<coordinates>-93.1261872476002,44.9862855408339 -93.1261879993905,44.9862309998879 -93.1261899993962,44.9861360000969</coordinates>
					</LineString>
					<LineString>
						<coordinates>-93.1261899993962,44.9861360000969 -93.1262130004988,44.9846929996659 -93.126215,44.9845770000939</coordinates>
					</LineString>
					<LineString>
						<coordinates>-93.126215,44.9845770000939 -93.1262480005679,44.9828249996931 -93.1262500000702,44.9827420003519</coordinates>
					</LineString>
					<LineString>
						<coordinates>-93.1262500000702,44.9827420003519 -93.126282000038,44.9811100001883 -93.1262839998775,44.9809700004202</coordinates>
					</LineString>
					<LineString>
						<coordinates>-93.1262839998775,44.9809700004202 -93.1263041907742,44.9798445090181</coordinates>
					</LineString>
					<LineString>
						<coordinates>-93.1263041907742,44.9798445090181 -93.1263149995922,44.9792420003304 -93.1263160003669,44.979160000358</coordinates>
					</LineString>
					<LineString>
						<coordinates>-93.1263160003669,44.979160000358 -93.1263520001524,44.9774699995702 -93.1263540002359,44.9773619998935</coordinates>
					</LineString>
					<LineString>
						<coordinates>-93.1263540002359,44.9773619998935 -93.1263549994489,44.9764610002195</coordinates>
					</LineString>
					<LineString>
						<coordinates>-93.1263549994489,44.9764610002195 -93.1263560005538,44.9756960003173 -93.1263559996753,44.9755980004052</coordinates>
					</LineString>
					<LineString>
						<coordinates>-93.1263560001037,44.9752949995883 -93.1263579996547,44.9738920000606 -93.1263579997762,44.9737650002703</coordinates>
					</LineString>
					<LineString>
						<coordinates>-93.1263599994859,44.9710170002466 -93.126361000282,44.9704540003379 -93.1263609998363,44.9703920001343 -93.1262779995524,44.9701680003628</coordinates>
					</LineString>
					<LineString>
						<coordinates>-93.1262779995524,44.9701680003628 -93.1263619994236,44.9700149998932 -93.1263679993987,44.9685199998217 -93.1263680005219,44.9683640000369 -93.1263720005189,44.9674650003584 -93.126414999973,44.9662879995914 -93.1264110002541,44.9657589998364 -93.1263899998748,44.9629540001148 -93.1263890003001,44.962753999571 -93.1263859997771,44.9621520003579 -93.126333000178,44.9620489997338</coordinates>
					</LineString>
					<LineString>
						<coordinates>-93.126333000178,44.9620489997338 -93.1263370002733,44.9612770000304 -93.1263370005026,44.9611499999585</coordinates>
					</LineString>
					<LineString>
						<coordinates>-93.1263370005026,44.9611499999585 -93.1263299997349,44.9602490002654</coordinates>
					</LineString>
					<LineString>
						<coordinates>-93.1263299997349,44.9602490002654 -93.12636999939,44.9601349998034 -93.1263709995785,44.9594619998718 -93.1263709994011,44.9593359998812 -93.1263669995087,44.95856499978 -93.1263170000386,44.9584299999761</coordinates>
					</LineString>
					<LineString>
						<coordinates>-93.1263170000386,44.9584299999761 -93.1263200003279,44.9577420003069 -93.1263209998036,44.9575329998735</coordinates>
					</LineString>
					<LineString>
						<coordinates>-93.1263209998036,44.9575329998735 -93.1263050006282,44.9566249997036</coordinates>
					</LineString>
					<LineString>
						<coordinates>-93.1263050006282,44.9566249997036 -93.1263809994819,44.9559220000476 -93.1263959998748,44.9557780000858 -93.1263939995581,44.9557250003333 -93.1263910004319,44.955648999779 -93.1263880005863,44.9548119999103 -93.1263739996736,44.9540439998283 -93.1263720001412,44.9539219997188 -93.1263670003633,44.9532889997873 -93.1263660002668,44.9530320000235 -93.1263509997007,44.9526879996749 -93.1263299998249,44.9521230004407 -93.1263279995636,44.9518069998914 -93.1263269995488,44.951632000224 -93.1263250003224,44.9512760001352 -93.1263439997336,44.9511789996118 -93.126364000174,44.9504700001795 -93.1263679999287,44.9503579999861 -93.1263199998322,44.9503359999712</coordinates>
					</LineString>
					<LineString>
						<coordinates>-93.1263199998322,44.9503359999712 -93.126315000192,44.9495719997159 -93.1263139997078,44.949431999789</coordinates>
					</LineString>
					<LineString>
						<coordinates>-93.1263139997078,44.949431999789 -93.1263110643404,44.9488594707706</coordinates>
					</LineString>
					<LineString>
						<coordinates>-93.1263110643404,44.9488594707706 -93.1263099995714,44.9486519999351 -93.1263089999844,44.9485280001568</coordinates>
					</LineString>
					<LineString>
						<coordinates>-93.1263089999844,44.9485280001568 -93.1262929997423,44.9473949995742</coordinates>
					</LineString>
					<LineString>
						<coordinates>-93.1262810003997,44.9465700000215 -93.1262769993846,44.9463049995815 -93.1262690000857,44.9457600004053</coordinates>
					</LineString>
					<LineString>
						<coordinates>-93.126249000156,44.9443859999092 -93.1262459997996,44.9441720000864 -93.1262439996357,44.9440390001992</coordinates>
					</LineString>
					<LineString>
						<coordinates>-93.1262439996357,44.9440390001992 -93.1262350004499,44.9433809995781</coordinates>
					</LineString>
					<LineString>
						<coordinates>-93.1262190003531,44.9422639999504 -93.1262019997309,44.941315999755</coordinates>
					</LineString>
				</MultiGeometry>
			</Placemark>
			<Placemark id="Metro_Transit_Routes.2">
				<Style>
					<LineStyle>
						<color>ff0000ff</color>
					</LineStyle>
					<PolyStyle>
						<fill>0</fill>
					</PolyStyle>
				</Style>
				<ExtendedData>
					<SchemaData schemaUrl="#Metro_Transit_Routes">
						<SimpleData name="OBJECTID">137</SimpleData>
						<SimpleData name="route">83</SimpleData>
						<SimpleData name="routesort">83</SimpleData>
						<SimpleData name="RouteDescription">Rosedale - Lexington Av</SimpleData>
						<SimpleData name="RouteOperator">P</SimpleData>
						<SimpleData name="EffectiveDate">2026/03/14 00:00:00+00</SimpleData>
						<SimpleData name="payleavedirectionid">0</SimpleData>
						<SimpleData name="routepayleave">0</SimpleData>
						<SimpleData name="RouteClass">SupportLoc  </SimpleData>
						<SimpleData name="IsPublic">1</SimpleData>
						<SimpleData name="wk_ftrip">05:47:00</SimpleData>
						<SimpleData name="wk_ltrip">19:07:00</SimpleData>
						<SimpleData name="wk_span">13:20:00</SimpleData>
						<SimpleData name="wk_trip_freq">52</SimpleData>
						<SimpleData name="sat_ftrip">07:55:00</SimpleData>
						<SimpleData name="sat_ltrip">19:13:00</SimpleData>
						<SimpleData name="sat_span">11:18:00</SimpleData>
						<SimpleData name="sat_trip_freq">44</SimpleData>
						<SimpleData name="sun_ftrip">07:55:00</SimpleData>
						<SimpleData name="sun_ltrip">19:13:00</SimpleData>
						<SimpleData name="sun_span">11:18:00</SimpleData>
						<SimpleData name="sun_trip_freq">44</SimpleData>
						<SimpleData name="Shape__Length">28453.6278727712</SimpleData>
					</SchemaData>
				</ExtendedData>
				<MultiGeometry>
					<LineString>
						<coordinates>-93.1403870004605,44.9140209999157 -93.1406319997338,44.9140150001816 -93.140767999587,44.9139620004153 -93.1408229994734,44.9138769999312 -93.1408249999891,44.9138760000357 -93.1408409996346,44.9138060000551 -93.1408020005803,44.9137270001116 -93.1407380000491,44.913683999617 -93.1405680001152,44.9136570002435 -93.1405569994359,44.9136599997679 -93.1404339994794,44.9136889999997 -93.1404190000729,44.91379900027 -93.1403870004605,44.9140209999157</coordinates>
					</LineString>
					<LineString>
						<coordinates>-93.1403870004605,44.9140209999157 -93.1403569998029,44.9142299999071 -93.1406219995363,44.9144609999553 -93.1438489998213,44.9126479997477 -93.1441540003031,44.9125739998736 -93.1443349998589,44.9125290003881 -93.1443879994731,44.9125160001247 -93.1448209997972,44.9124379998873 -93.1459959997668,44.9124250001172</coordinates>
					</LineString>
					<LineString>
						<coordinates>-93.1459959997668,44.9124250001172 -93.1460609998614,44.9124379997091 -93.146080000247,44.9124420002314 -93.146187000632,44.9124440004083 -93.1464049995954,44.9124399996999 -93.1464469998858,44.9124459997403 -93.1465049994508,44.912462000343 -93.1465589999225,44.9125240003083 -93.1465840004977,44.9125599998949 -93.1466059999536,44.912601999605 -93.1466129998123,44.9126509996701 -93.1466180005868,44.9128450003845 -93.146658999414,44.9128839996061</coordinates>
					</LineString>
					<LineString>
						<coordinates>-93.146658999414,44.9128839996061 -93.1466910003468,44.9131109996143</coordinates>
					</LineString>
					<LineString>
						<coordinates>-93.1466910003468,44.9131109996143 -93.1473369999178,44.9136060000006 -93.1474239998237,44.9136719997943</coordinates>
					</LineString>
					<LineString>
						<coordinates>-93.1474239998237,44.9136719997943 -93.148401999477,44.9144929997</coordinates>
					</LineString>
					<LineString>
						<coordinates>-93.148401999477,44.9144929997 -93.1485330002466,44.9147959999904 -93.1484790005699,44.9149179995518 -93.1483010002972,44.9155189996768 -93.1482919997184,44.915544000188 -93.1482009994473,44.9160510000951 -93.1477589996647,44.9179520003298 -93.1477089999874,44.9180609998136</coordinates>
					</LineString>
					<LineString>
						<coordinates>-93.1477089999874,44.9180609998136 -93.1466459999498,44.9196690000819</coordinates>
					</LineString>
					<LineString>
						<coordinates>-93.1466459999498,44.9196690000819 -93.1466429999195,44.919960999999 -93.1466419998436,44.9200520003559</coordinates>
					</LineString>
					<LineString>
						<coordinates>-93.1466419998436,44.9200520003559 -93.1466350004626,44.9214830001099 -93.1466130003818,44.9253030003831 -93.1466119995904,44.9254659999222 -93.1466080000688,44.9259689997725 -93.1466029995668,44.926899000235</coordinates>
					</LineString>
					<LineString>
						<coordinates>-93.1466029995668,44.926899000235 -93.14660300024,44.9269719996092 -93.1468699998919,44.9269430003499 -93.1469159997227,44.9269379999623</coordinates>
					</LineString>
					<LineString>
						<coordinates>-93.1469159997227,44.9269379999623 -93.1486680004829,44.9269430000728</coordinates>
					</LineString>
					<LineString>
						<coordinates>-93.1486680004829,44.9269430000728 -93.1498759996773,44.926945999603 -93.1500610004499,44.9269469998527</coordinates>
					</LineString>
					<LineString>
						<coordinates>-93.1500610004499,44.9269469998527 -93.1500570004212,44.9278510001925 -93.1500510000037,44.9286359996332 -93.150048999966,44.9287589998502 -93.1500460005411,44.9296589998811 -93.1500410002912,44.9304889998479 -93.149547000222,44.9304880004131 -93.1468819995252,44.9304819996698 -93.1465890000244,44.9305550000699</coordinates>
					</LineString>
					<LineString>
						<coordinates>-93.1465890000244,44.9305550000699 -93.1465879997596,44.9309269997698 -93.1465839999767,44.9317300001094</coordinates>
					</LineString>
					<LineString>
						<coordinates>-93.1465839999767,44.9317300001094 -93.1465840001399,44.9317479996809 -93.1465830003716,44.9319000003461 -93.1465830004426,44.9319079995553 -93.1465800003809,44.9327020000391 -93.1465779996579,44.9332990004232</coordinates>
					</LineString>
					<LineString>
						<coordinates>-93.1465779996579,44.9332990004232 -93.1465750001975,44.9340299999862 -93.1465750002287,44.9341729999752</coordinates>
					</LineString>
					<LineString>
						<coordinates>-93.1465750002287,44.9341729999752 -93.1465830000284,44.9351709999562</coordinates>
					</LineString>
					<LineString>
						<coordinates>-93.1465830000284,44.9351709999562 -93.1465860001688,44.935745999903</coordinates>
					</LineString>
					<LineString>
						<coordinates>-93.1465860001688,44.935745999903 -93.1465770006211,44.9367170000375 -93.1465760001536,44.936801000149</coordinates>
					</LineString>
					<LineString>
						<coordinates>-93.1465760001536,44.936801000149 -93.1465949997003,44.9378600003873</coordinates>
					</LineString>
					<LineString>
						<coordinates>-93.1465949997003,44.9378600003873 -93.1465999997742,44.9389149998926</coordinates>
					</LineString>
					<LineString>
						<coordinates>-93.1465999997742,44.9389149998926 -93.146605000359,44.939997999995</coordinates>
					</LineString>
					<LineString>
						<coordinates>-93.146605000359,44.939997999995 -93.1466050000832,44.9403550004242 -93.1466040005059,44.9410430001584</coordinates>
					</LineString>
					<LineString>
						<coordinates>-93.1466040005059,44.9410430001584 -93.1466040005257,44.9414289996324</coordinates>
					</LineString>
					<LineString>
						<coordinates>-93.1466040005257,44.9414289996324 -93.1465709996054,44.9415299996555 -93.1465470003868,44.9416319999439 -93.1465320003794,44.9417349996062 -93.1465259996263,44.9418380003219 -93.1465289994387,44.9419410002902 -93.1465340005197,44.9428970002406 -93.146538000486,44.9438580001349 -93.1465390001363,44.9439500003675 -93.146543999985,44.9450030002991 -93.1465480000406,44.9457910000322 -93.1465539994305,44.9464609996043 -93.1465559999142,44.9466180002451 -93.1465559999419,44.9474359995898 -93.1465600004086,44.948222999762 -93.1465609998152,44.9485430001321 -93.1465589999951,44.9498030003667 -93.1465199994503,44.9503450000591 -93.1465109994102,44.9512850001924 -93.1465099995373,44.9516159998049 -93.1465089997655,44.9518140001825 -93.1465069995254,44.9521320003531 -93.1464860003908,44.9522379997812 -93.1464790001475,44.9528769997706 -93.1464769996212,44.9530290002538 -93.1465379996667,44.9539310000165 -93.1465500004586,44.955656000051 -93.1465499997958,44.9557189996381 -93.1465500004507,44.9557869998329 -93.1465470004194,44.9561440004202 -93.1465409994136,44.9566359996844 -93.1465419995367,44.9575450001801 -93.1465380004639,44.9584500001577 -93.1465370000091,44.9592369998227 -93.1465369999181,44.9593600003516 -93.1465369998572,44.9602800003285 -93.1465360005486,44.9611840004019 -93.146524999768,44.9621029996741 -93.1465199998717,44.9628740002322 -93.1465189994342,44.9630079996933 -93.1465259996317,44.9639070001697 -93.1465189999652,44.9648079998022 -93.1465230000859,44.965553999843 -93.1465239994969,44.9657069998605 -93.1465300001082,44.9658659995801 -93.1465369999589,44.9658950003871 -93.1465500001482,44.9659219995551 -93.1465689994222,44.965946999784 -93.1465929998362,44.9659699996513</coordinates>
					</LineString>
					<LineString>
						<coordinates>-93.1465929998362,44.9659699996513 -93.1465910004384,44.9664669998342 -93.1465869999158,44.9676599996356</coordinates>
					</LineString>
					<LineString>
						<coordinates>-93.1465869999158,44.9676599996356 -93.1465620003624,44.9677149996079 -93.1465449998135,44.9677710002326 -93.1465370000715,44.9678280002281 -93.1465170004435,44.9684110003377 -93.1465060005402,44.9693010003716 -93.1465040000095,44.9702979997044 -93.1465040006272,44.9703630002668 -93.1465029999084,44.9706140000208 -93.1465000000473,44.9713450001899 -93.1464970002967,44.9719589998259 -93.1465019993697,44.972086000445 -93.146515999981,44.9722130003156 -93.1465380003191,44.9723389997005 -93.1465689997664,44.9724640000131</coordinates>
					</LineString>
					<LineString>
						<coordinates>-93.1465689997664,44.9724640000131 -93.1465640003289,44.9738679997114</coordinates>
					</LineString>
					<LineString>
						<coordinates>-93.1465640003289,44.9738679997114 -93.1465930003495,44.9755440002798 -93.1465950001286,44.9756340002792</coordinates>
					</LineString>
					<LineString>
						<coordinates>-93.1465950001286,44.9756340002792 -93.1466149999187,44.9766739996568</coordinates>
					</LineString>
					<LineString>
						<coordinates>-93.1466149999187,44.9766739996568 -93.1465869999996,44.9767679999123 -93.1465679997181,44.9768639996489 -93.1465580003681,44.9769600004332 -93.1465569994513,44.9770559995701 -93.1465629994697,44.9771519996232 -93.1465789999577,44.9772480003426 -93.1466029995875,44.9773429996739 -93.1466349996604,44.9774360001928</coordinates>
					</LineString>
					<LineString>
						<coordinates>-93.1466349996604,44.9774360001928 -93.1473320005618,44.9774790003282 -93.1480010004022,44.9775020004294</coordinates>
					</LineString>
					<LineString>
						<coordinates>-93.1480010004022,44.9775020004294 -93.1490109994351,44.9775039998161 -93.150285000199,44.9775069997689</coordinates>
					</LineString>
					<LineString>
						<coordinates>-93.150285000199,44.9775069997689 -93.1504039997055,44.9775149997937 -93.1505229998022,44.9775299996208 -93.1506400002706,44.9775499998519 -93.1507540005374,44.9775760001314 -93.15086600005,44.9776080000484 -93.1509739999194,44.9776450003324 -93.1510780001638,44.9776870000945 -93.1511779996271,44.9777350003654 -93.1515059998775,44.9778979999583 -93.1516209995917,44.9779389998168 -93.151738999873,44.977975999601 -93.1518609998203,44.9780060003197 -93.151984999379,44.9780300002387 -93.1521060004284,44.9780390004447 -93.1522260002757,44.9780430003663 -93.1523470000515,44.9780399998016 -93.1524680005184,44.9780320003177 -93.1525870000236,44.9780169998517 -93.1527049994566,44.9779970000082 -93.1528199998191,44.9779709997465 -93.1529319998132,44.9779389999773 -93.1530409995303,44.9779019999272 -93.153147000093,44.9778590003853</coordinates>
					</LineString>
					<LineString>
						<coordinates>-93.153147000093,44.9778590003853 -93.1533530005458,44.9777740001791 -93.1536469999125,44.9776510000814</coordinates>
					</LineString>
					<LineString>
						<coordinates>-93.1536469999125,44.9776510000814 -93.1537540005605,44.9776009996018</coordinates>
					</LineString>
					<LineString>
						<coordinates>-93.1537540005605,44.9776009996018 -93.1538649993762,44.9775559996272</coordinates>
					</LineString>
					<LineString>
						<coordinates>-93.1538649993762,44.9775559996272 -93.1539789994992,44.9775159996896 -93.1540970003688,44.977481000232 -93.1542169993729,44.9774510003456 -93.1543399999032,44.9774269996866 -93.154464999902,44.9774080003825 -93.1545910001314,44.9773950002969</coordinates>
					</LineString>
					<LineString>
						<coordinates>-93.1545910001314,44.9773950002969 -93.1566230002712,44.9774039999414 -93.156807999729,44.9774050000555</coordinates>
					</LineString>
					<LineString>
						<coordinates>-93.156807999729,44.9774050000555 -93.156787000483,44.9783190000306</coordinates>
					</LineString>
					<LineString>
						<coordinates>-93.156787000483,44.9783190000306 -93.1567720005574,44.9792099997106 -93.1567570003043,44.9801149999977 -93.1567450002852,44.9807890003627</coordinates>
					</LineString>
					<LineString>
						<coordinates>-93.1567450002852,44.9807890003627 -93.1567440003942,44.9808879998755 -93.1567410004244,44.9810620001476</coordinates>
					</LineString>
					<LineString>
						<coordinates>-93.1567410004244,44.9810620001476 -93.1567380001566,44.981221000452</coordinates>
					</LineString>
					<LineString>
						<coordinates>-93.1567380001566,44.981221000452 -93.1567249998319,44.9819739996302</coordinates>
					</LineString>
					<LineString>
						<coordinates>-93.1567249998319,44.9819739996302 -93.1566830004767,44.9844339998828 -93.1566790001485,44.9846190000032</coordinates>
					</LineString>
					<LineString>
						<coordinates>-93.1566790001485,44.9846190000032 -93.1566479997714,44.9864240003753</coordinates>
					</LineString>
					<LineString>
						<coordinates>-93.1566479997714,44.9864240003753 -93.1566209996302,44.9880099998108 -93.156617000327,44.9882300002815</coordinates>
					</LineString>
					<LineString>
						<coordinates>-93.156617000327,44.9882300002815 -93.1566020000376,44.9891380003626</coordinates>
					</LineString>
					<LineString>
						<coordinates>-93.1566020000376,44.9891380003626 -93.1565860000206,44.9900410001874 -93.1565710003381,44.9909159997527 -93.1565690098372,44.9910249998038 -93.1565687054023,44.9910422497435</coordinates>
					</LineString>
					<LineString>
						<coordinates>-93.1565687054023,44.9910422497435 -93.1565659997983,44.991190999749 -93.15655600021,44.9917840001728</coordinates>
					</LineString>
					<LineString>
						<coordinates>-93.15655600021,44.9917840001728 -93.1515510005359,44.9918810004132 -93.1513499997657,44.9918850000683 -93.1487959995837,44.9919189996679 -93.1476610003265,44.9919340000031 -93.1464639996237,44.99195000029 -93.1464629997322,44.9920570004439</coordinates>
					</LineString>
					<LineString>
						<coordinates>-93.1464629997322,44.9920570004439 -93.1464599997652,44.992350000358 -93.1464429993846,44.9938699996073</coordinates>
					</LineString>
					<LineString>
						<coordinates>-93.1464429993846,44.9938699996073 -93.1464299998346,44.99500099986</coordinates>
					</LineString>
					<LineString>
						<coordinates>-93.1464299998346,44.99500099986 -93.1464260002217,44.9953329999898 -93.146422999662,44.9955959998853</coordinates>
					</LineString>
					<LineString>
						<coordinates>-93.146422999662,44.9955959998853 -93.1464119995732,44.9965199995637</coordinates>
					</LineString>
					<LineString>
						<coordinates>-93.1464119995732,44.9965199995637 -93.1464029995777,44.9974009996968 -93.1463920002105,44.9983299996519</coordinates>
					</LineString>
					<LineString>
						<coordinates>-93.1463920002105,44.9983299996519 -93.1463839995755,44.9990749997683 -93.1463819999472,44.9992159995568</coordinates>
					</LineString>
					<LineString>
						<coordinates>-93.1463819999472,44.9992159995568 -93.1463880002174,45.0005420002511</coordinates>
					</LineString>
					<LineString>
						<coordinates>-93.1463880002174,45.0005420002511 -93.1463900002547,45.0010169996771</coordinates>
					</LineString>
					<LineString>
						<coordinates>-93.1463900002547,45.0010169996771 -93.1463940003298,45.0018110004441 -93.1463940000219,45.0019180000308</coordinates>
					</LineString>
					<LineString>
						<coordinates>-93.1463940000219,45.0019180000308 -93.1463979999506,45.0028190002416</coordinates>
					</LineString>
					<LineString>
						<coordinates>-93.1463979999506,45.0028190002416 -93.1464030003189,45.0041760003951 -93.1464060002827,45.0046200001205 -93.1464089994771,45.0055159997193 -93.1464139999937,45.0064210003299</coordinates>
					</LineString>
					<LineString>
						<coordinates>-93.1464139999937,45.0064210003299 -93.1467999998712,45.006415000148 -93.1502479038548,45.006366024212</coordinates>
					</LineString>
					<LineString>
						<coordinates>-93.1502479038548,45.006366024212 -93.1513760000106,45.0063500000399 -93.1515080002155,45.0063480003137</coordinates>
					</LineString>
					<LineString>
						<coordinates>-93.1515080002155,45.0063480003137 -93.1527769999246,45.0063300001127</coordinates>
					</LineString>
					<LineString>
						<coordinates>-93.1527769999246,45.0063300001127 -93.1538889996387,45.006313999655 -93.1540529993755,45.0063109996613</coordinates>
					</LineString>
					<LineString>
						<coordinates>-93.1540529993755,45.0063109996613 -93.1563139999514,45.0062789997513 -93.15659900044,45.0062750004471</coordinates>
					</LineString>
					<LineString>
						<coordinates>-93.15659900044,45.0062750004471 -93.159260999616,45.0062489999514</coordinates>
					</LineString>
					<LineString>
						<coordinates>-93.159260999616,45.0062489999514 -93.1594568044142,45.0062473233342</coordinates>
					</LineString>
					<LineString>
						<coordinates>-93.1594568044142,45.0062473233342 -93.1597279994493,45.0062449999509 -93.1604599996859,45.0062370000498</coordinates>
					</LineString>
					<LineString>
						<coordinates>-93.1604599996859,45.0062370000498 -93.16169100032,45.0062249998714</coordinates>
					</LineString>
					<LineString>
						<coordinates>-93.16169100032,45.0062249998714 -93.1629410000777,45.006212999828 -93.163106000537,45.0062109999226</coordinates>
					</LineString>
					<LineString>
						<coordinates>-93.163106000537,45.0062109999226 -93.1644810000266,45.0061979996629</coordinates>
					</LineString>
					<LineString>
						<coordinates>-93.1644810000266,45.0061979996629 -93.1659660001181,45.006183000159 -93.1661590005037,45.0061810001591</coordinates>
					</LineString>
					<LineString>
						<coordinates>-93.1661590005037,45.0061810001591 -93.1663699998756,45.0061770003938</coordinates>
					</LineString>
					<LineString>
						<coordinates>-93.1663699998756,45.0061770003938 -93.1663480005808,45.0078149997082 -93.1663649995159,45.0098099999288 -93.1663629997814,45.0100559999096 -93.166362000412,45.0103600004422 -93.1663610005199,45.0106590003976 -93.1663699994257,45.0108409996354 -93.1663889996396,45.0110229995994 -93.166415999628,45.0112040003881 -93.1664519994623,45.0113839996383 -93.1664969995926,45.0115640001537 -93.1665519993885,45.0117420002419 -93.1666290001257,45.0119769997979 -93.1666959994988,45.0122139997119 -93.1667539995888,45.0124520002265 -93.1668010005938,45.0126919998869 -93.1668390004474,45.0129320000649 -93.1668600005817,45.0131180001103 -93.1668750002091,45.0133410004513 -93.1668860000749,45.0134920003726</coordinates>
					</LineString>
					<LineString>
						<coordinates>-93.1668860000749,45.0134920003726 -93.166995000206,45.0135320003499 -93.1670870001405,45.0135730000024</coordinates>
					</LineString>
					<LineString>
						<coordinates>-93.1670870001405,45.0135730000024 -93.1673910003607,45.013711999775 -93.168104999556,45.0141059997045 -93.1683939994143,45.0142650004033</coordinates>
					</LineString>
					<LineString>
						<coordinates>-93.1683939994143,45.0142650004033 -93.1684930003789,45.0143150004027 -93.1685980002658,45.0142360004519 -93.1691350000699,45.0137510002047 -93.1690800004293,45.0136889999943 -93.1690169996389,45.013631000343 -93.1689460002452,45.0135770003338 -93.168870000243,45.0135280001317 -93.1681680001996,45.01312900022 -93.1681119998701,45.0130840002126 -93.1680619999346,45.0130360000137 -93.1680190000327,45.0129839998487 -93.1679809999807,45.0129310003029</coordinates>
					</LineString>
					<LineString>
						<coordinates>-93.1679809999807,45.0129310003029 -93.1679519998829,45.0128769999997 -93.1679290005152,45.0128209996432 -93.1679130001218,45.0127649997937 -93.1679060004502,45.0127299998634 -93.1678860002352,45.0126679998165 -93.1678719998327,45.0126049998363 -93.1678660005407,45.012540999684 -93.1678670001564,45.0124770000458 -93.1678759999461,45.0124130003499 -93.1679159998926,45.0123609996317 -93.1679639998171,45.0123120000726 -93.1680189996839,45.0122660004333 -93.1680800002365,45.0122249996979 -93.1683810005242,45.0123569995986 -93.1685719997682,45.0124379996729 -93.168157000405,45.0127840002932 -93.1679809999807,45.0129310003029</coordinates>
					</LineString>
					<LineString>
						<coordinates>-93.1668860000749,45.0134920003726 -93.1669190005077,45.0139739997457 -93.1669179995899,45.0140269999316 -93.166907000332,45.0140790002146 -93.1668879993673,45.0141309995864 -93.1668590005526,45.0141799997241 -93.166823000218,45.0142259998441 -93.1667779995133,45.0142690001583 -93.1667270003989,45.014306999651 -93.1666689993801,45.0143409998904 -93.1666049995952,45.0143690000793 -93.1665369998985,45.0143909999936 -93.1664659994546,45.0144080000819 -93.1663930001569,45.0144179995557 -93.1663179994979,45.0144210002153 -93.1662499996348,45.0144179998667 -93.1661829998975,45.0144079999408 -93.1661179998018,45.0143930001094 -93.1660560003348,45.0143719997086 -93.1659990003594,45.014345000339 -93.165948000285,45.014312999766 -93.165902000414,45.0142769995613 -93.1658639996391,45.0142369998766 -93.1658329995125,45.0141939995809 -93.1658100000791,45.0141479999283 -93.1657959995273,45.014100999698 -93.1657910000291,45.0140519996787 -93.1657940000157,45.0140039998605 -93.1659729995237,45.0136040003038 -93.1660060001378,45.01353300021 -93.1661439998035,45.0132319999062 -93.1662579997118,45.0133129997037 -93.1666200000066,45.0134130000408 -93.1668860000749,45.0134920003726</coordinates>
					</LineString>
					<LineString>
						<coordinates>-93.1679809999807,45.0129310003029 -93.1679040003138,45.0129909996245 -93.16794000004,45.013050000108 -93.1679839998399,45.0131050000674 -93.168034000431,45.0131579999584 -93.1680909998175,45.0132069998809 -93.1681539996253,45.0132529996061 -93.1682220003156,45.0132940003724 -93.1685699996257,45.0134680000253 -93.1688510005912,45.013682999651 -93.1688869998609,45.0137690001481 -93.1688550001119,45.013842999927 -93.1687519998308,45.0139340003069 -93.1684899998305,45.0141819998703 -93.1683939994143,45.0142650004033</coordinates>
					</LineString>
					<LineString>
						<coordinates>-93.1683939994143,45.0142650004033 -93.168096999713,45.0145040001357 -93.1680420001446,45.0145429999125 -93.1679809998717,45.0145779999403 -93.1679150003424,45.0146060002027 -93.1678430006233,45.0146279995733 -93.1677689997107,45.0146440002679 -93.1676919997166,45.0146530000355 -93.1676279996212,45.0146530003706 -93.1675649994774,45.0146460002214 -93.1675039993696,45.0146319999231 -93.1674470001936,45.0146130003693 -93.1673930002525,45.0145880002219 -93.1673460001724,45.0145580000362 -93.1673049998976,45.0145230003854 -93.1672709998548,45.0144839999224 -93.1672459996326,45.0144430004495 -93.1672290000481,45.0143989997232 -93.1672200005666,45.0143539997715 -93.1670929996264,45.0137699997545 -93.1670870001405,45.0135730000024</coordinates>
					</LineString>
					<LineString>
						<coordinates>-93.1670870001405,45.0135730000024 -93.1670760001002,45.0134230002149 -93.1670549996379,45.0132280001126 -93.1670249997616,45.0130349998826 -93.166985999825,45.0128420001953 -93.1669400003351,45.0126500000296 -93.166869999875,45.0124559995782 -93.166808000586,45.0122599997698 -93.1667550005973,45.0120640002841 -93.1667100003431,45.0118659996679 -93.1666740001233,45.0116670001836 -93.1666469998412,45.0114670000393 -93.1666279997657,45.011266999912 -93.1666179998128,45.0110670001472 -93.166616999886,45.0108669998474 -93.1666239995421,45.0106660003599 -93.1666189994249,45.0103600002677 -93.1666129993837,45.0100539998172 -93.1666080002658,45.0097680001403 -93.1666039999483,45.007660999843 -93.1665920002535,45.0061749997218 -93.1663699998756,45.0061770003938</coordinates>
					</LineString>
					<LineString>
						<coordinates>-93.1661590005037,45.0061810001591 -93.1644810000266,45.0061979996629</coordinates>
					</LineString>
					<LineString>
						<coordinates>-93.1644810000266,45.0061979996629 -93.1634380002863,45.00620800025 -93.163106000537,45.0062109999226</coordinates>
					</LineString>
					<LineString>
						<coordinates>-93.163106000537,45.0062109999226 -93.16169100032,45.0062249998714</coordinates>
					</LineString>
					<LineString>
						<coordinates>-93.1604599996859,45.0062370000498 -93.1594568044142,45.0062473233342</coordinates>
					</LineString>
					<LineString>
						<coordinates>-93.1594568044142,45.0062473233342 -93.1593909997207,45.0062480003176 -93.159260999616,45.0062489999514</coordinates>
					</LineString>
					<LineString>
						<coordinates>-93.159260999616,45.0062489999514 -93.1568660000669,45.0062720000656 -93.15659900044,45.0062750004471</coordinates>
					</LineString>
					<LineString>
						<coordinates>-93.15659900044,45.0062750004471 -93.1541730005518,45.00630999965 -93.1540529993755,45.0063109996613</coordinates>
					</LineString>
					<LineString>
						<coordinates>-93.1540529993755,45.0063109996613 -93.1527769999246,45.0063300001127</coordinates>
					</LineString>
					<LineString>
						<coordinates>-93.1527769999246,45.0063300001127 -93.1516659995065,45.0063460001185 -93.1515080002155,45.0063480003137</coordinates>
					</LineString>
					<LineString>
						<coordinates>-93.1515080002155,45.0063480003137 -93.1502479038548,45.006366024212</coordinates>
					</LineString>
					<LineString>
						<coordinates>-93.1502479038548,45.006366024212 -93.1467539998676,45.0064159999672 -93.1464139999937,45.0064210003299</coordinates>
					</LineString>
					<LineString>
						<coordinates>-93.1463979999506,45.0028190002416 -93.1463939996425,45.0020169996047 -93.1463940000219,45.0019180000308</coordinates>
					</LineString>
					<LineString>
						<coordinates>-93.1463940000219,45.0019180000308 -93.1463900002547,45.0010169996771</coordinates>
					</LineString>
					<LineString>
						<coordinates>-93.1463880002174,45.0005420002511 -93.1463829997994,44.9993689995702 -93.1463819999472,44.9992159995568</coordinates>
					</LineString>
					<LineString>
						<coordinates>-93.1463819999472,44.9992159995568 -93.1463920002105,44.9983299996519</coordinates>
					</LineString>
					<LineString>
						<coordinates>-93.1464119995732,44.9965199995637 -93.1464219997598,44.9957150004501 -93.146422999662,44.9955959998853</coordinates>
					</LineString>
					<LineString>
						<coordinates>-93.146422999662,44.9955959998853 -93.1464299998346,44.99500099986</coordinates>
					</LineString>
					<LineString>
						<coordinates>-93.1464429993846,44.9938699996073 -93.1464600002666,44.9922710002273 -93.1464629997322,44.9920570004439</coordinates>
					</LineString>
					<LineString>
						<coordinates>-93.1464629997322,44.9920570004439 -93.1487939996428,44.9920330001548 -93.1512480000412,44.9919979997338 -93.1514009996354,44.9919960002202 -93.156554999569,44.991901999891 -93.1565560006188,44.9918409995646 -93.15655600021,44.9917840001728</coordinates>
					</LineString>
					<LineString>
						<coordinates>-93.15655600021,44.9917840001728 -93.1565687054023,44.9910422497435</coordinates>
					</LineString>
					<LineString>
						<coordinates>-93.1566020000376,44.9891380003626 -93.1566159997168,44.9883200004185 -93.156617000327,44.9882300002815</coordinates>
					</LineString>
					<LineString>
						<coordinates>-93.156617000327,44.9882300002815 -93.1566479997714,44.9864240003753</coordinates>
					</LineString>
					<LineString>
						<coordinates>-93.1566479997714,44.9864240003753 -93.1566769993683,44.9847319997583 -93.1566790001485,44.9846190000032</coordinates>
					</LineString>
					<LineString>
						<coordinates>-93.1566790001485,44.9846190000032 -93.1567249998319,44.9819739996302</coordinates>
					</LineString>
					<LineString>
						<coordinates>-93.1567249998319,44.9819739996302 -93.1567359994508,44.9813129996079 -93.1567380001566,44.981221000452</coordinates>
					</LineString>
					<LineString>
						<coordinates>-93.1567410004244,44.9810620001476 -93.1567450002852,44.9807890003627</coordinates>
					</LineString>
					<LineString>
						<coordinates>-93.156787000483,44.9783190000306 -93.1568020006323,44.9776800002857 -93.156807999729,44.9774050000555</coordinates>
					</LineString>
					<LineString>
						<coordinates>-93.156807999729,44.9774050000555 -93.1545910001314,44.9773950002969</coordinates>
					</LineString>
					<LineString>
						<coordinates>-93.1538649993762,44.9775559996272 -93.1537560005285,44.9776000003919 -93.1537540005605,44.9776009996018</coordinates>
					</LineString>
					<LineString>
						<coordinates>-93.1536469999125,44.9776510000814 -93.153147000093,44.9778590003853</coordinates>
					</LineString>
					<LineString>
						<coordinates>-93.150285000199,44.9775069997689 -93.1488679993751,44.9775039999661 -93.1480010004022,44.9775020004294</coordinates>
					</LineString>
					<LineString>
						<coordinates>-93.1466349996604,44.9774360001928 -93.1466899993942,44.9773589996772 -93.1466999996124,44.9772440002412 -93.1467010000386,44.9771289997601 -93.146692999463,44.9770140000361 -93.1466760004869,44.976900000282 -93.1466489999416,44.9767859998634 -93.1466149999187,44.9766739996568</coordinates>
					</LineString>
					<LineString>
						<coordinates>-93.1466149999187,44.9766739996568 -93.1465979999904,44.9757849999209 -93.1465950001286,44.9756340002792</coordinates>
					</LineString>
					<LineString>
						<coordinates>-93.1465950001286,44.9756340002792 -93.1465640003289,44.9738679997114</coordinates>
					</LineString>
					<LineString>
						<coordinates>-93.1465689997664,44.9724640000131 -93.1466039999294,44.9723169996959 -93.1466299996378,44.9721669997605 -93.1466470002607,44.9720169996683 -93.1466529994317,44.9718670001942 -93.1466550005816,44.971344000079 -93.146656999459,44.9706360003367 -93.1466570004929,44.9704080001124 -93.1466569996299,44.9703369997342 -93.1466639999578,44.9693189995744 -93.1466620005048,44.9684100004435 -93.1466390005374,44.9678209998959 -93.14663599977,44.9677789996131 -93.1466260004989,44.9677380003334 -93.1466099994414,44.9676979998754 -93.1465869999158,44.9676599996356</coordinates>
					</LineString>
					<LineString>
						<coordinates>-93.1465929998362,44.9659699996513 -93.1466210003581,44.9659419999492 -93.14664199998,44.9659109998669 -93.1466549995101,44.9658779999113 -93.1466600002412,44.9658440002037 -93.1466690003667,44.9657070000762 -93.1466749998556,44.9648080003019 -93.146675999457,44.9639060001436 -93.1466839998025,44.9631280004209 -93.1466850000268,44.9630079999514 -93.1466779999448,44.9621020002966 -93.1466899999595,44.9611839998471 -93.1466919997709,44.9602800002877 -93.1466909999792,44.9595009998047 -93.1466909995089,44.9593589996739 -93.1466930005221,44.9584500001154 -93.1466980000296,44.9575449997476 -93.1466980003012,44.9566359997686 -93.1467040006167,44.9557849999146 -93.1467050001467,44.9557219999453 -93.1467059996368,44.9556559996093 -93.1467120006279,44.9553850002309 -93.1467440002462,44.9539310001694 -93.1467290002908,44.9532559998358 -93.1467239999416,44.953029000062 -93.1467490000117,44.9521439998911 -93.1467510000158,44.9518129999224 -93.1467530004579,44.9516150000572 -93.1467560006041,44.9512800000816 -93.1467859994833,44.9511610000253 -93.1467129993935,44.9498029997812 -93.1467150004954,44.9488209996019 -93.1467149996497,44.9485430004436 -93.1467100006317,44.9474370000305 -93.1467099997737,44.9468379998506 -93.14671099983,44.9466190003024 -93.1467020001323,44.9457919995845 -93.1466980005049,44.9450039998564 -93.1466939994375,44.9440800002525 -93.146693000364,44.9439499998081 -93.1466880004791,44.9428979998125 -93.146683999444,44.941942000385 -93.1466839995329,44.9418380000442 -93.146676000408,44.9417350001975 -93.1466599995632,44.9416319998218 -93.1466359995894,44.9415299999352 -93.1466040005257,44.9414289996324</coordinates>
					</LineString>
					<LineString>
						<coordinates>-93.1466040005059,44.9410430001584 -93.146605000359,44.939997999995</coordinates>
					</LineString>
					<LineString>
						<coordinates>-93.146605000359,44.939997999995 -93.146603999751,44.9396819996456 -93.1465999997742,44.9389149998926</coordinates>
					</LineString>
					<LineString>
						<coordinates>-93.1465949997003,44.9378600003873 -93.1465779999491,44.9369210000205 -93.1465760001536,44.936801000149</coordinates>
					</LineString>
					<LineString>
						<coordinates>-93.1465760001536,44.936801000149 -93.1465860001688,44.935745999903</coordinates>
					</LineString>
					<LineString>
						<coordinates>-93.1465830000284,44.9351709999562 -93.1465760001669,44.9343130001004 -93.1465750002287,44.9341729999752</coordinates>
					</LineString>
					<LineString>
						<coordinates>-93.1465750002287,44.9341729999752 -93.1465779996579,44.9332990004232</coordinates>
					</LineString>
					<LineString>
						<coordinates>-93.1465839999767,44.9317300001094 -93.1465880000299,44.9308180003958 -93.1465890000244,44.9305550000699</coordinates>
					</LineString>
					<LineString>
						<coordinates>-93.1465890000244,44.9305550000699 -93.1468820003953,44.9306319997318 -93.1481420002501,44.930632999968 -93.1493030004293,44.9306339996434 -93.1500330000165,44.930635000013 -93.1502720005987,44.9305679995873 -93.1502729999453,44.9296590002864 -93.1502870005987,44.9288660002362 -93.1502880004203,44.9287620001413 -93.1502879996625,44.9278519999405 -93.1502919997982,44.9269470003657 -93.1500610004499,44.9269469998527</coordinates>
					</LineString>
					<LineString>
						<coordinates>-93.1500610004499,44.9269469998527 -93.1497040002447,44.9269460001431 -93.1486680004829,44.9269430000728</coordinates>
					</LineString>
					<LineString>
						<coordinates>-93.1469159997227,44.9269379999623 -93.1468600004082,44.9269309999812 -93.1466029995668,44.926899000235</coordinates>
					</LineString>
					<LineString>
						<coordinates>-93.1466419998436,44.9200520003559 -93.1466459999498,44.9196690000819</coordinates>
					</LineString>
					<LineString>
						<coordinates>-93.1466459999498,44.9196690000819 -93.1467200003056,44.9195569995848 -93.1477089999874,44.9180609998136</coordinates>
					</LineString>
					<LineString>
						<coordinates>-93.148401999477,44.9144929997 -93.1475059995886,44.913741000066 -93.1474239998237,44.9136719997943</coordinates>
					</LineString>
					<LineString>
						<coordinates>-93.1474239998237,44.9136719997943 -93.1466910003468,44.9131109996143</coordinates>
					</LineString>
					<LineString>
						<coordinates>-93.146658999414,44.9128839996061 -93.146702000399,44.9128430002797 -93.1466990005461,44.9127290001643 -93.1466929998268,44.9126469999465 -93.1466970000993,44.91259900029 -93.1467249997885,44.912546999891 -93.1467680004404,44.912503000149 -93.1468109997473,44.9124580002625 -93.1468239998466,44.9124229997178 -93.1468169999734,44.9123850001895 -93.1467670001619,44.9123289995823 -93.1467309996501,44.9123120004272 -93.1466810004336,44.9123010002143 -93.1466339999902,44.9123010002562 -93.1465800002924,44.9123179997638 -93.1465339995431,44.912339000304 -93.1464639994262,44.9123690003656 -93.1464060000857,44.9123760000228 -93.1463090004474,44.9123840002387 -93.146088000495,44.9123849997126 -93.1460850005707,44.9123860000788 -93.1459959997668,44.9124250001172</coordinates>
					</LineString>
				</MultiGeometry>
			</Placemark>
			<Placemark id="Metro_Transit_Routes.3">
				<Style>
					<LineStyle>
						<color>ff0000ff</color>
					</LineStyle>
					<PolyStyle>
						<fill>0</fill>
					</PolyStyle>
				</Style>
				<ExtendedData>
					<SchemaData schemaUrl="#Metro_Transit_Routes">
						<SimpleData name="OBJECTID">145</SimpleData>
						<SimpleData name="route">902</SimpleData>
						<SimpleData name="routesort">902</SimpleData>
						<SimpleData name="RouteDescription">Green Line - Mpls - St Paul</SimpleData>
						<SimpleData name="RouteOperator">M</SimpleData>
						<SimpleData name="EffectiveDate">2025/10/04 00:00:00+00</SimpleData>
						<SimpleData name="payleavedirectionid">0</SimpleData>
						<SimpleData name="routepayleave">0</SimpleData>
						<SimpleData name="RouteClass">LRT         </SimpleData>
						<SimpleData name="IsPublic">1</SimpleData>
						<SimpleData name="wk_ftrip">04:26:00</SimpleData>
						<SimpleData name="wk_ltrip">00:27:00</SimpleData>
						<SimpleData name="wk_span">20:01:00</SimpleData>
						<SimpleData name="wk_trip_freq">344</SimpleData>
						<SimpleData name="Shape__Length">20767.4500787576</SimpleData>
					</SchemaData>
				</ExtendedData>
				<MultiGeometry>
					<LineString>
						<coordinates>-93.1945109999981,44.9627079999456 -93.1945760005981,44.9627509997376 -93.1954350005278,44.9630959996758 -93.1958879993794,44.9632779999167 -93.1960139997141,44.9633100000378</coordinates>
					</LineString>
					<LineString>
						<coordinates>-93.1960139997141,44.9633100000378 -93.1975579996989,44.9639190002329 -93.199424000037,44.9646689999805 -93.2011860003549,44.9653680004266 -93.2013820002877,44.9654429997806 -93.2018300001185,44.9656240003747 -93.2021769996062,44.9657669997422 -93.20264699983,44.9659659999446 -93.2031859995309,44.9661669999358 -93.2048099994634,44.9668160000771</coordinates>
					</LineString>
					<LineString>
						<coordinates>-93.2048099994634,44.9668160000771 -93.2049560002204,44.9669029997549 -93.2064600001669,44.9675160000812 -93.2072559999468,44.9678349999687 -93.2077000000981,44.9680120004423 -93.2083610003231,44.9682669999187 -93.2085609998362,44.9683219997256</coordinates>
					</LineString>
					<LineString>
						<coordinates>-93.2085609998362,44.9683219997256 -93.2088430004791,44.9684299996397 -93.2107169995586,44.969160999917 -93.2127529998466,44.9700100004463 -93.2142569995307,44.9705889999194 -93.2148549999427,44.9708429996307 -93.2149560000588,44.9709000000182 -93.2150670000561,44.9709710002594 -93.2151419995192,44.9710310002885 -93.215225000467,44.9711020000043 -93.2152549999576,44.9711799995813 -93.2152710001008,44.9713020001799 -93.2152660002566,44.9717520002475 -93.2152599995996,44.9722840002304 -93.2152679999277,44.9727720000438 -93.2153089993951,44.9728899998129 -93.2153549994065,44.9729689998984 -93.2154869997969,44.9730880000216 -93.2157059995405,44.9731999996064 -93.2161549998515,44.9733630000423 -93.2179849995184,44.97409299958 -93.220164000547,44.9749529997084 -93.2207550004255,44.9751970004444 -93.2216119994542,44.975537999669 -93.2217760005004,44.9755860002712 -93.2219140000792,44.9756089995905 -93.222024000114,44.975599999876 -93.2221410004466,44.9755609999876 -93.2222500003808,44.9754980001007 -93.2223330005675,44.9753849997902 -93.2224820004309,44.9751790002655 -93.222812999459,44.9747750001978 -93.2232439994526,44.9742499999862 -93.2233260005769,44.9741400003383 -93.2233770006217,44.9740729997627 -93.2233949999138,44.9740499996323 -93.2236000005607,44.9737810003847 -93.2237540003404,44.973685999847 -93.2239029999704,44.9736160001723 -93.2239879999558,44.9736119995572 -93.2240879994693,44.9736129997494 -93.2256519994573,44.9736100003658 -93.2264410003664,44.973616999576 -93.2271150000381,44.9736660002328 -93.2273509996107,44.9736739997221 -93.2278339995869,44.9736829996657 -93.2284069995645,44.9736850004138 -93.2286899994764,44.9736869996357 -93.2302940006276,44.9736779998927 -93.2310669999333,44.973675000021 -93.2318949998776,44.9736710001583 -93.2338499996122,44.9736619996952 -93.2341940002022,44.9736440002095 -93.2344180004133,44.9736219998335 -93.2348339995893,44.9736190000286 -93.2359290003162,44.9736099998219 -93.2365240001407,44.9736060001002 -93.2366789998496,44.9735999996422 -93.2372740006101,44.973499999902 -93.237903000581,44.9734100003461 -93.2384350001401,44.9733159995606 -93.2406650002042,44.9729150003982 -93.2414139994268,44.972785000159 -93.2424510001474,44.972610999858 -93.2440899995422,44.9723220002715 -93.2450049997001,44.9721600003277 -93.2451169996529,44.9721399997701</coordinates>
					</LineString>
					<LineString>
						<coordinates>-93.2451169996529,44.9721399997701 -93.2452459994903,44.9721589996513 -93.2455569993678,44.9721099997949 -93.2457460000939,44.9720820004165 -93.2458960003664,44.9720509997277 -93.2461430001652,44.9720059997018 -93.2470070001764,44.9718489996916 -93.2471090005193,44.9717899997552</coordinates>
					</LineString>
					<LineString>
						<coordinates>-93.2471090005193,44.9717899997552 -93.2472409999268,44.971760999576 -93.2476040005274,44.9716960002741 -93.2480569996442,44.9715939998072 -93.2493979997336,44.9712830002157 -93.2500220001937,44.9711430000441 -93.2509469995816,44.9709509999052 -93.2513290002811,44.9708790001796 -93.251588999453,44.9708720003011 -93.2517000003593,44.9708719996713 -93.2519029998565,44.9708889997228 -93.2520700002068,44.9709229998858 -93.252283999578,44.9709809996777 -93.2525180005091,44.9710669995945 -93.252684000249,44.9711470002576 -93.2528920001027,44.9712930001736 -93.2531139998749,44.9715109997701 -93.2533720003932,44.9717750001618</coordinates>
					</LineString>
					<LineString>
						<coordinates>-93.2533720003932,44.9717750001618 -93.2540599995383,44.9727609997639</coordinates>
					</LineString>
					<LineString>
						<coordinates>-93.2540599995383,44.9727609997639 -93.2542129994534,44.972977000072 -93.2543250006179,44.9731430000089 -93.2546499995222,44.9736260002816 -93.2547660000217,44.9737890003951 -93.2549089995118,44.9739590003716 -93.2550360003642,44.9740730004342 -93.2551669998696,44.9741659997276 -93.2554019996813,44.9742979996182 -93.2555299996238,44.9743650003121 -93.2563429996647,44.9747140003825 -93.2571360000811,44.975046999969 -93.2577500004643,44.9753009999028 -93.2578870002535,44.9753349998244 -93.2580369996759,44.9753539999392 -93.258151999816,44.9753550003245 -93.2583330006089,44.975340999874 -93.2585549996916,44.9753119999686 -93.2589280003004,44.9752130001555</coordinates>
					</LineString>
					<LineString>
						<coordinates>-93.2589280003004,44.9752130001555 -93.2591059997259,44.975188000379 -93.259405999794,44.9751140001291 -93.2597000004724,44.9750420003671 -93.2606440006017,44.9748099998911 -93.2607369999732,44.9747939999551 -93.2608340004337,44.974790000331 -93.2609129996114,44.9747930002728 -93.2610660000788,44.9748009999522</coordinates>
					</LineString>
					<LineString>
						<coordinates>-93.2610660000788,44.9748009999522 -93.2624410004275,44.9753650003867 -93.2638020003242,44.975943000205 -93.2651580006276,44.9765199997355</coordinates>
					</LineString>
					<LineString>
						<coordinates>-93.2651580006276,44.9765199997355 -93.265259000251,44.9765839996176 -93.2658889999158,44.9768500000995 -93.2664110004528,44.9770709998032 -93.2665170001345,44.9770989997494</coordinates>
					</LineString>
					<LineString>
						<coordinates>-93.2665170001345,44.9770989997494 -93.26788499979,44.9776759999936 -93.2692430000483,44.9782520000471</coordinates>
					</LineString>
					<LineString>
						<coordinates>-93.2692430000483,44.9782520000471 -93.2693860005338,44.9783529997223 -93.2699530005176,44.9785929998931 -93.2704429999138,44.9788000001743 -93.270620999751,44.9788350003446</coordinates>
					</LineString>
					<LineString>
						<coordinates>-93.270620999751,44.9788350003446 -93.2717100003853,44.9792950002483 -93.2723350003985,44.9795530003015 -93.2724959994983,44.9796320000576</coordinates>
					</LineString>
					<LineString>
						<coordinates>-93.2724959994983,44.9796320000576 -93.2725819998581,44.9797059997869 -93.2732270002189,44.9801550002949 -93.2735559999048,44.9803840003344 -93.2736609995773,44.980435999753</coordinates>
					</LineString>
					<LineString>
						<coordinates>-93.2736609995773,44.980435999753 -93.2746450002209,44.9810809999907 -93.2748190000335,44.9812070004158 -93.2749570005159,44.9812629998063 -93.2751709993829,44.9813819997826 -93.2752889997876,44.9814680000709 -93.275441999782,44.9815779996658 -93.2755600000084,44.9816629995542 -93.2756850002499,44.9817499997605 -93.2760089994055,44.9819759998869 -93.2769250003433,44.9826110003207</coordinates>
					</LineString>
					<LineString>
						<coordinates>-93.2769250003433,44.9826110003207 -93.2773859996143,44.9829450000581</coordinates>
					</LineString>
					<LineString>
						<coordinates>-93.2773859996143,44.9829450000581 -93.2774599997821,44.9829970001333 -93.2774699994786,44.9830040000643</coordinates>
					</LineString>
					<LineString>
						<coordinates>-93.2774699994786,44.9830040000643 -93.2774919996886,44.983020999915 -93.2775589994138,44.9830739999479</coordinates>
					</LineString>
					<LineString>
						<coordinates>-93.2775589994138,44.9830739999479 -93.2776080005813,44.9831110004089 -93.2777209995713,44.9831800002216 -93.277913000181,44.9832579995988 -93.2784950003826,44.9834400002747</coordinates>
					</LineString>
					<LineString>
						<coordinates>-93.2784950003826,44.9834400002747 -93.2787219999201,44.9835129996699</coordinates>
					</LineString>
					<LineString>
						<coordinates>-93.278596000154,44.9834719998387 -93.2784950003826,44.9834400002747</coordinates>
					</LineString>
					<LineString>
						<coordinates>-93.2775589994138,44.9830739999479 -93.2774699994786,44.9830040000643</coordinates>
					</LineString>
					<LineString>
						<coordinates>-93.2773859996143,44.9829450000581 -93.2773609999203,44.9829270001527 -93.2769250003433,44.9826110003207</coordinates>
					</LineString>
					<LineString>
						<coordinates>-93.2736609995773,44.980435999753 -93.273596000078,44.9803599998124 -93.2732250004161,44.9800990002874 -93.2726199999361,44.9796739998344 -93.2724959994983,44.9796320000576</coordinates>
					</LineString>
					<LineString>
						<coordinates>-93.270620999751,44.9788350003446 -93.2699539999718,44.9785530000126 -93.2692430000483,44.9782520000471</coordinates>
					</LineString>
					<LineString>
						<coordinates>-93.2665170001345,44.9770989997494 -93.266427000443,44.9770410003397 -93.2658889997787,44.9768109999872 -93.2652849994228,44.9765520002549 -93.2651580006276,44.9765199997355</coordinates>
					</LineString>
					<LineString>
						<coordinates>-93.2610660000788,44.9748009999522 -93.2609479998117,44.9747680001579 -93.2608830003078,44.9747610001937 -93.2608209994868,44.9747600003576 -93.2607609995812,44.974761999876 -93.2606490005061,44.9747740004119 -93.2605110005693,44.9748060004103 -93.2596920004606,44.9750170002899 -93.2589280003004,44.9752130001555</coordinates>
					</LineString>
					<LineString>
						<coordinates>-93.2540599995383,44.9727609997639 -93.2533930001818,44.9718050003556 -93.2533720003932,44.9717750001618</coordinates>
					</LineString>
					<LineString>
						<coordinates>-93.2471090005193,44.9717899997552 -93.2469819997195,44.971773999812 -93.2461289994804,44.9719199998243 -93.2458819999048,44.9719620003629 -93.2457369995297,44.9719860002439 -93.2455279994723,44.9720210002303 -93.2451970001922,44.9720849997257 -93.2451169996529,44.9721399997701</coordinates>
					</LineString>
					<LineString>
						<coordinates>-93.2085609998362,44.9683219997256 -93.2083960002522,44.9682150000432 -93.206459999739,44.9674420002076 -93.2057209999898,44.9671470002922 -93.204998000145,44.9668590001087 -93.2048099994634,44.9668160000771</coordinates>
					</LineString>
					<LineString>
						<coordinates>-93.1960139997141,44.9633100000378 -93.1959160003099,44.9632460002348 -93.1954649994994,44.9630620000437 -93.1946060003253,44.9627100003824 -93.1945109999981,44.9627079999456</coordinates>
					</LineString>
					<LineString>
						<coordinates>-93.0867130001351,44.9482189999495 -93.0873449994529,44.9479109997583</coordinates>
					</LineString>
					<LineString>
						<coordinates>-93.0873449994529,44.9479109997583 -93.0881549998505,44.9475220000263 -93.0887189999865,44.9472519998448</coordinates>
					</LineString>
					<LineString>
						<coordinates>-93.0887189999865,44.9472519998448 -93.0900190001911,44.9465889997732 -93.0911829995652,44.9460320003852 -93.091282000387,44.9460119998425 -93.0923010001196,44.9461460003936 -93.0932020001243,44.9462639998102 -93.0932259997106,44.9463110004386 -93.0939559995439,44.9471109998132 -93.0954509995498,44.9486270004364 -93.0958050002279,44.9489819998306 -93.096473000579,44.949649000359 -93.0969850005727,44.950155999982 -93.0970359996299,44.9501829995917</coordinates>
					</LineString>
					<LineString>
						<coordinates>-93.0970359996299,44.9501829995917 -93.0971030005037,44.9502850001999 -93.0975130003462,44.9506510001332 -93.0978360005428,44.9509389996358 -93.0979250003514,44.9509749997976</coordinates>
					</LineString>
					<LineString>
						<coordinates>-93.0979250003514,44.9509749997976 -93.0981569994624,44.9512090004201 -93.0982869997048,44.951335999633 -93.0984689999024,44.951509000029 -93.0985760001828,44.951607999994 -93.0986079997662,44.9516530003982 -93.0986440003683,44.951717999792 -93.098648999586,44.9517990000137 -93.098607000045,44.9518679997418 -93.0985299997167,44.9519199996635 -93.0984129994806,44.9519770004141 -93.0981139995695,44.9521269997157 -93.0981020005456,44.952132999957 -93.0980900002515,44.9521390001981 -93.0974920001562,44.9524379997931 -93.0966429997917,44.9528690000437 -93.0965729993739,44.9529240002823 -93.096519999457,44.9530039999761 -93.0965149999592,44.9530859998433 -93.096527999697,44.9531640002111 -93.0965740004961,44.953241999681 -93.0970950001104,44.9536969998192 -93.0972370001393,44.953822999749 -93.0974809997868,44.9540330001762 -93.0979169994095,44.954407999828 -93.0982040003778,44.9546830003638 -93.0986659998999,44.9550929997331 -93.0989649996551,44.955428999905 -93.0992040002418,44.955687999702 -93.0993009998956,44.95574200031 -93.0994390006262,44.9558009999606 -93.0995519998375,44.9558370004299 -93.0996909999792,44.955851999837 -93.0998420003555,44.9558539996013 -93.1008229998435,44.9558199996146 -93.1024579998101,44.9558220003714 -93.1030030001523,44.9558160000095 -93.1032209994762,44.9558010003004 -93.10377500004,44.9557219999164 -93.1039339997093,44.95570199962 -93.1045709998248,44.9557070002758 -93.1051779993793,44.9557090003401 -93.1053420004316,44.9557099996409 -93.1056900003011,44.9557039996596 -93.1059089998968,44.9557019999811 -93.106016999805,44.9557019996984 -93.1072209998686,44.9557020000319 -93.1082109994102,44.9557040000418 -93.1085510003389,44.9557349998358 -93.1089079998854,44.9557630000466 -93.1091849994476,44.9557809997154 -93.1093919999744,44.9557840000378 -93.1098090000702,44.9557830003204 -93.1151669996999,44.9557630001485</coordinates>
					</LineString>
					<LineString>
						<coordinates>-93.1151669996999,44.9557630001485 -93.1161300001558,44.9557670003884</coordinates>
					</LineString>
					<LineString>
						<coordinates>-93.1161300001558,44.9557670003884 -93.117044000177,44.9557599999853 -93.1179189994825,44.9557530001356</coordinates>
					</LineString>
					<LineString>
						<coordinates>-93.1179189994825,44.9557530001356 -93.1189579998284,44.9557499998019 -93.1212409998039,44.9557400004008 -93.1238520006269,44.9557219997411 -93.1248190004566,44.955716999596</coordinates>
					</LineString>
					<LineString>
						<coordinates>-93.1248190004566,44.955716999596 -93.1262159998249,44.9557250000468</coordinates>
					</LineString>
					<LineString>
						<coordinates>-93.1262159998249,44.9557250000468 -93.1263939995581,44.9557250003333</coordinates>
					</LineString>
					<LineString>
						<coordinates>-93.1263939995581,44.9557250003333 -93.1272160002796,44.9557290000407 -93.127654000041,44.9557310003575</coordinates>
					</LineString>
					<LineString>
						<coordinates>-93.127654000041,44.9557310003575 -93.1288979999825,44.9557189996434 -93.1291490003839,44.95571899964 -93.1314150003007,44.9557270001182 -93.1342660003817,44.9557229997775</coordinates>
					</LineString>
					<LineString>
						<coordinates>-93.1342660003817,44.9557229997775 -93.1364809997279,44.9557300000735</coordinates>
					</LineString>
					<LineString>
						<coordinates>-93.1364809997279,44.9557300000735 -93.1373229995,44.9557270004014 -93.1381650003145,44.9557250000434</coordinates>
					</LineString>
					<LineString>
						<coordinates>-93.1381650003145,44.9557250000434 -93.1415530006278,44.9557280004115 -93.1448460003798,44.9557230000189 -93.1456999994549,44.9557209982054 -93.1465499997958,44.9557189996381 -93.1467050001467,44.9557219999453</coordinates>
					</LineString>
					<LineString>
						<coordinates>-93.1467050001467,44.9557219999453 -93.147500000215,44.9557210002533 -93.1491669996915,44.9557199999701</coordinates>
					</LineString>
					<LineString>
						<coordinates>-93.1491669996915,44.9557199999701 -93.1517220001753,44.9557120000138 -93.1544190002614,44.9557139997614</coordinates>
					</LineString>
					<LineString>
						<coordinates>-93.1544190002614,44.9557139997614 -93.1568210002663,44.9557069999031</coordinates>
					</LineString>
					<LineString>
						<coordinates>-93.1568210002663,44.9557069999031 -93.1577269997605,44.955701000087 -93.1591640001869,44.9556920001834</coordinates>
					</LineString>
					<LineString>
						<coordinates>-93.1591640001869,44.9556920001834 -93.1601570002603,44.9556909999489 -93.1617160000293,44.9556900003042 -93.1619029998537,44.9556900000172 -93.1633570004135,44.9556799996483 -93.1652270005427,44.9556790001148</coordinates>
					</LineString>
					<LineString>
						<coordinates>-93.1652270005427,44.9556790001148 -93.1669100004629,44.9556840001909</coordinates>
					</LineString>
					<LineString>
						<coordinates>-93.1669100004629,44.9556840001909 -93.1670710005064,44.9556820003866 -93.1675629998732,44.9556770000338</coordinates>
					</LineString>
					<LineString>
						<coordinates>-93.1675629998732,44.9556770000338 -93.1678939995545,44.9556749997746 -93.1686130000782,44.9556719996774</coordinates>
					</LineString>
					<LineString>
						<coordinates>-93.1686130000782,44.9556719996774 -93.1696130005005,44.9556709996093 -93.17208700007,44.9556619999701 -93.1755480004595,44.9556479996009 -93.1759070004817,44.9556580002534 -93.1761749996427,44.9556850000353 -93.1765050001131,44.9557310002215 -93.1771930002832,44.9558660000489 -93.1774249994121,44.9559149996171 -93.1776939999274,44.9559980002082 -93.1781779999085,44.9561699998611 -93.1785969996218,44.956347999934 -93.1787310004781,44.9564000000868 -93.179592000531,44.9567370002454 -93.1822889995066,44.9578300003751 -93.1847649995294,44.9588210002028 -93.1872720005228,44.9598090003057 -93.1876110003404,44.9599570001882 -93.1896639996484,44.9607639999206 -93.1904010001348,44.9610619997429 -93.1908609999774,44.9612549997461 -93.1916850006195,44.9615839999124 -93.1922880001315,44.9618240000851 -93.1928989998428,44.9620680002387 -93.193894999401,44.9624590001265 -93.1940360003797,44.9625149996702 -93.1945109999981,44.9627079999456</coordinates>
					</LineString>
					<LineString>
						<coordinates>-93.1686130000782,44.9556719996774 -93.1675629998732,44.9556770000338</coordinates>
					</LineString>
					<LineString>
						<coordinates>-93.1669100004629,44.9556840001909 -93.1661080006042,44.9556819998815 -93.1652270005427,44.9556790001148</coordinates>
					</LineString>
					<LineString>
						<coordinates>-93.1591640001869,44.9556920001834 -93.1568210002663,44.9557069999031</coordinates>
					</LineString>
					<LineString>
						<coordinates>-93.1568210002663,44.9557069999031 -93.1559339995149,44.9557100004343 -93.1544190002614,44.9557139997614</coordinates>
					</LineString>
					<LineString>
						<coordinates>-93.1491669996915,44.9557199999701 -93.1467050001467,44.9557219999453</coordinates>
					</LineString>
					<LineString>
						<coordinates>-93.1381650003145,44.9557250000434 -93.1364809997279,44.9557300000735</coordinates>
					</LineString>
					<LineString>
						<coordinates>-93.1364809997279,44.9557300000735 -93.1355769997991,44.9557269998099 -93.1342660003817,44.9557229997775</coordinates>
					</LineString>
					<LineString>
						<coordinates>-93.127654000041,44.9557310003575 -93.1263939995581,44.9557250003333</coordinates>
					</LineString>
					<LineString>
						<coordinates>-93.1262159998249,44.9557250000468 -93.1254090003536,44.9557199999532 -93.1248190004566,44.955716999596</coordinates>
					</LineString>
					<LineString>
						<coordinates>-93.1179189994825,44.9557530001356 -93.1161300001558,44.9557670003884</coordinates>
					</LineString>
					<LineString>
						<coordinates>-93.1161300001558,44.9557670003884 -93.1152730003804,44.9557630003304 -93.1151669996999,44.9557630001485</coordinates>
					</LineString>
					<LineString>
						<coordinates>-93.0979250003514,44.9509749997976 -93.0979059996843,44.9509069996309 -93.0975839999862,44.9506260003302 -93.0971599994866,44.9502540001215 -93.0970359996299,44.9501829995917</coordinates>
					</LineString>
					<LineString>
						<coordinates>-93.0887189999865,44.9472519998448 -93.0881519998893,44.9475239998883 -93.0873449994529,44.9479109997583</coordinates>
					</LineString>
					<LineString>
						<coordinates>-93.0873449994529,44.9479109997583 -93.0867350003207,44.9482090000138</coordinates>
					</LineString>
				</MultiGeometry>
			</Placemark>
			<Placemark id="Metro_Transit_Routes.4">
				<Style>
					<LineStyle>
						<color>ff0000ff</color>
					</LineStyle>
					<PolyStyle>
						<fill>0</fill>
					</PolyStyle>
				</Style>
				<ExtendedData>
					<SchemaData schemaUrl="#Metro_Transit_Routes">
						<SimpleData name="OBJECTID">150</SimpleData>
						<SimpleData name="route">921</SimpleData>
						<SimpleData name="routesort">921</SimpleData>
						<SimpleData name="RouteDescription">A Line - Roseville - Snelling Av - 46th St</SimpleData>
						<SimpleData name="RouteOperator">M</SimpleData>
						<SimpleData name="EffectiveDate">2025/06/14 00:00:00+00</SimpleData>
						<SimpleData name="payleavedirectionid">0</SimpleData>
						<SimpleData name="routepayleave">0</SimpleData>
						<SimpleData name="RouteClass">BRT         </SimpleData>
						<SimpleData name="IsPublic">1</SimpleData>
						<SimpleData name="wk_ftrip">04:06:00</SimpleData>
						<SimpleData name="wk_ltrip">01:15:00</SimpleData>
						<SimpleData name="wk_span">21:09:00</SimpleData>
						<SimpleData name="wk_trip_freq">183</SimpleData>
						<SimpleData name="sat_ftrip">04:06:00</SimpleData>
						<SimpleData name="sat_ltrip">01:15:00</SimpleData>
						<SimpleData name="sat_span">21:09:00</SimpleData>
						<SimpleData name="sat_trip_freq">182</SimpleData>
						<SimpleData name="sun_ftrip">04:06:00</SimpleData>
						<SimpleData name="sun_ltrip">01:15:00</SimpleData>
						<SimpleData name="sun_span">21:09:00</SimpleData>
						<SimpleData name="sun_trip_freq">178</SimpleData>
						<SimpleData name="Shape__Length">27589.9023062234</SimpleData>
					</SchemaData>
				</ExtendedData>
				<MultiGeometry>
					<LineString>
						<coordinates>-93.1683939994143,45.0142650004033 -93.1684930003789,45.0143150004027 -93.1685980002658,45.0142360004519 -93.1691350000699,45.0137510002047 -93.1690800004293,45.0136889999943 -93.1690169996389,45.013631000343 -93.1689460002452,45.0135770003338 -93.168870000243,45.0135280001317 -93.1681680001996,45.01312900022 -93.1681119998701,45.0130840002126 -93.1680619999346,45.0130360000137 -93.1680190000327,45.0129839998487 -93.1679809999807,45.0129310003029 -93.1684769995563,45.0125170001769 -93.1685719997682,45.0124379996729 -93.1683810005242,45.0123569995986 -93.1680800002365,45.0122249996979 -93.1679449996339,45.0121639997226 -93.1678919994894,45.0122190000969 -93.1678469996609,45.012277999939 -93.167810999423,45.0123390002664 -93.1677850004694,45.0124029997281 -93.1677679998909,45.0124689996919 -93.1677619999207,45.0125359998092 -93.1677649997838,45.0126020000962 -93.1677779999177,45.0126680000947 -93.1678379997799,45.0128259998458 -93.167893999433,45.0129729997092 -93.1679040003138,45.0129909996245 -93.16794000004,45.013050000108 -93.1679839998399,45.0131050000674 -93.168034000431,45.0131579999584 -93.1680909998175,45.0132069998809 -93.1681539996253,45.0132529996061 -93.1682220003156,45.0132940003724 -93.1685699996257,45.0134680000253 -93.1688510005912,45.013682999651 -93.1688869998609,45.0137690001481 -93.1688550001119,45.013842999927 -93.1687519998308,45.0139340003069 -93.1684899998305,45.0141819998703 -93.1683939994143,45.0142650004033</coordinates>
					</LineString>
					<LineString>
						<coordinates>-93.1683939994143,45.0142650004033 -93.168096999713,45.0145040001357 -93.1680420001446,45.0145429999125 -93.1679809998717,45.0145779999403 -93.1679150003424,45.0146060002027 -93.1678430006233,45.0146279995733 -93.1677689997107,45.0146440002679 -93.1676919997166,45.0146530000355 -93.1676279996212,45.0146530003706 -93.1675649994774,45.0146460002214 -93.1675039993696,45.0146319999231 -93.1674470001936,45.0146130003693 -93.1673930002525,45.0145880002219 -93.1673460001724,45.0145580000362 -93.1673049998976,45.0145230003854 -93.1672709998548,45.0144839999224 -93.1672459996326,45.0144430004495 -93.1672290000481,45.0143989997232 -93.1672200005666,45.0143539997715 -93.1670929996264,45.0137699997545 -93.1670870001405,45.0135730000024</coordinates>
					</LineString>
					<LineString>
						<coordinates>-93.1670870001405,45.0135730000024 -93.1670760001002,45.0134230002149 -93.1670549996379,45.0132280001126 -93.1670249997616,45.0130349998826 -93.166985999825,45.0128420001953 -93.1669400003351,45.0126500000296 -93.166869999875,45.0124559995782 -93.166808000586,45.0122599997698 -93.1667550005973,45.0120640002841 -93.1667100003431,45.0118659996679 -93.1666740001233,45.0116670001836 -93.1666469998412,45.0114670000393 -93.1666279997657,45.011266999912 -93.1666179998128,45.0110670001472 -93.166616999886,45.0108669998474 -93.1666239995421,45.0106660003599 -93.1666189994249,45.0103600002677 -93.1666129993837,45.0100539998172 -93.1666080002658,45.0097680001403 -93.1666039999483,45.007660999843 -93.1665920002535,45.0061749997218 -93.1665909998963,45.0058500004032 -93.1665899993687,45.005169000339 -93.1665450004888,45.0035609996253 -93.1665430003687,45.0035070000072 -93.1665439996686,45.0033289999264 -93.1665539995642,45.0017769995762 -93.1666119996492,45.0009310003675 -93.1666640001618,44.999168000359 -93.1666700003657,44.9989719997857 -93.1666810000472,44.9971709997192 -93.166691000027,44.9953680003108 -93.1667170004171,44.9928099996411 -93.1667440003374,44.9918219999513 -93.1667479995332,44.9916940000084 -93.1667660005439,44.9912380001631 -93.1667679996515,44.9911850001092 -93.1667990003597,44.9904100000747 -93.1668360005235,44.9899869995987 -93.1668529995993,44.9898239999635 -93.1668770001339,44.9896620001091 -93.1670170000871,44.9886880001004 -93.1670429993709,44.9885099998965 -93.1670619996374,44.9883309999012 -93.167074999649,44.9881519996732 -93.1670859999047,44.9879199997975 -93.1670870000768,44.9878939998096 -93.1670929999474,44.9876349995942 -93.1670950005224,44.9873769999334 -93.1670570005827,44.9863439999414 -93.1670319994603,44.9855790003384 -93.1670480004515,44.9845339997391 -93.1670659994751,44.9829700000157 -93.1671199996131,44.9810900000619 -93.1671230003241,44.9810169996909 -93.1671449998421,44.9800459999766 -93.1672220000375,44.9798779998024 -93.1672920000777,44.9791470001842 -93.1673010002365,44.9789559995845 -93.1673149993742,44.9788279999863 -93.1673359999458,44.9787010001452 -93.1673629999348,44.9785749997256 -93.1673969996331,44.9784489998395 -93.1677419999222,44.9773040002168 -93.1676470000165,44.976987999718 -93.1675630001105,44.9767069997286 -93.1674500005663,44.9762489996252 -93.1671890000499,44.9751969998816 -93.1670819995175,44.9743919997283 -93.1670860004215,44.9735970002413 -93.1670900000199,44.9728469996995 -93.1670969995741,44.9716470004492 -93.1671010002257,44.9709659997819 -93.1671100003248,44.9693410003921 -93.1671110003202,44.9692359998698 -93.1671180004678,44.9684119999007 -93.1671249994295,44.9676680004061 -93.1671269993766,44.9664509999347 -93.1671289993886,44.9660999998386 -93.167133999611,44.9652559999343 -93.1671299997166,44.9640539996335 -93.1671319999155,44.9628859998056 -93.1671269997525,44.9624599997711 -93.1671220004244,44.9619669997034 -93.1671169997474,44.9610659997182 -93.1671070005645,44.9601530000479 -93.1670930003675,44.9592609996316 -93.1670899994338,44.9583690000856 -93.1670769995344,44.9574539996258 -93.1670720005558,44.9565609998967 -93.1670710003514,44.9557369998967 -93.1670710005064,44.9556820003866 -93.1670710005533,44.9555990001597 -93.1670730000283,44.9549690004294 -93.1670739997954,44.9547839997703 -93.1670689994429,44.9540490000482 -93.1670710000782,44.9535329996971 -93.1672500000898,44.9520980002603 -93.1672400004092,44.9517409999097 -93.1672349993927,44.9515970003615 -93.1672239995865,44.9512259997231 -93.1671199994708,44.9502560003377 -93.1670760001511,44.9499399997371 -93.1670749996369,44.9493429997312 -93.16708700021,44.9484339997931 -93.1670779993936,44.9480929997109 -93.1670690005095,44.948023999862 -93.1670540006276,44.9479549997876 -93.167033000135,44.9478869996082 -93.1670059994191,44.9478210003437</coordinates>
					</LineString>
					<LineString>
						<coordinates>-93.1670059994191,44.9478210003437 -93.1670040003143,44.9475599998571 -93.1670019998123,44.9473959996369</coordinates>
					</LineString>
					<LineString>
						<coordinates>-93.1670019998123,44.9473959996369 -93.166996999467,44.9465620002217</coordinates>
					</LineString>
					<LineString>
						<coordinates>-93.166996999467,44.9465620002217 -93.166998999532,44.9457470000012 -93.1670010001105,44.9450170002936 -93.1670030000139,44.9439650001546 -93.1670060005222,44.9429109999097 -93.1670010003288,44.9416859997862 -93.1670019994717,44.9414850003053 -93.1670039995256,44.9412620002141 -93.1670130005209,44.9400799999301</coordinates>
					</LineString>
					<LineString>
						<coordinates>-93.1670130005209,44.9400799999301 -93.1670780004744,44.9399560001083 -93.1670820001256,44.9397500000528 -93.1670940000812,44.9392080003321 -93.1670849999747,44.9382539995651 -93.1670769995807,44.9379440003887 -93.1670760001202,44.9379419998002 -93.1670870001438,44.9361029999196 -93.1671010005565,44.9344439996898 -93.1671019994447,44.9343440000544 -93.1670259996178,44.9342539999861</coordinates>
					</LineString>
					<LineString>
						<coordinates>-93.1670259996178,44.9342539999861 -93.1670259997191,44.9333490003949 -93.1670259998467,44.932436999777 -93.167024999784,44.9315310003331 -93.1670249994725,44.9306209996774 -93.1670250004728,44.9297109997744 -93.1670250006232,44.9288089998411 -93.167028000447,44.92789700041</coordinates>
					</LineString>
					<LineString>
						<coordinates>-93.167028000447,44.92789700041 -93.1670249999372,44.9269880000873</coordinates>
					</LineString>
					<LineString>
						<coordinates>-93.1670249999372,44.9269880000873 -93.167024000055,44.9266950003181 -93.1670250005657,44.9260799998585</coordinates>
					</LineString>
					<LineString>
						<coordinates>-93.1670250005657,44.9260799998585 -93.1670269995298,44.9251790001546 -93.1670249996045,44.9242680003799 -93.1670249994549,44.923360999846 -93.1670250002529,44.9224529999385 -93.1670249996496,44.9215480002723 -93.1670250005311,44.9206400000754</coordinates>
					</LineString>
					<LineString>
						<coordinates>-93.1670250005311,44.9206400000754 -93.1670239996096,44.9198969998686</coordinates>
					</LineString>
					<LineString>
						<coordinates>-93.1670239996096,44.9198969998686 -93.167024000014,44.9197759996437 -93.16702399955,44.9196840004393 -93.1670290003617,44.9188290003439 -93.1670300000595,44.917929000182 -93.1695740000346,44.9179389999959 -93.1721139997594,44.9179489995805</coordinates>
					</LineString>
					<LineString>
						<coordinates>-93.1721139997594,44.9179489995805 -93.1771989999597,44.9179570000139</coordinates>
					</LineString>
					<LineString>
						<coordinates>-93.1771989999597,44.9179570000139 -93.1776519999723,44.9179579931382 -93.1808729996097,44.9179650000628 -93.181496999491,44.9179269999373 -93.182110000265,44.9179179996687</coordinates>
					</LineString>
					<LineString>
						<coordinates>-93.182110000265,44.9179179996687 -93.1823409999746,44.9179600001743 -93.1846919997773,44.9179630000114 -93.1848310004512,44.9179630001879 -93.1873790005725,44.9179670003289 -93.1899120002212,44.9179629999453 -93.1903809997111,44.9179620003348 -93.1924759998285,44.9179540003216 -93.1953990005709,44.9179419997355 -93.1955849999006,44.9179420000229 -93.1967699995264,44.9179419998454 -93.1969539995591,44.9179420004476 -93.1980529995491,44.9179299995619 -93.1984560003025,44.9178829996891</coordinates>
					</LineString>
					<LineString>
						<coordinates>-93.1984560003025,44.9178829996891 -93.1988219997787,44.917882000319 -93.201494999727,44.9178750002452 -93.2043619998797,44.9178600000898 -93.2045149994242,44.9178640003835 -93.2046660002165,44.9178759996824 -93.2048159999382,44.9178940004486 -93.204963999753,44.917920000235 -93.205110000209,44.9179519996912 -93.2052520005446,44.9179909998486 -93.2053899995333,44.9180369998239 -93.2055249998761,44.9180880002705 -93.2056529999828,44.9181459996597 -93.2057770003448,44.9182099996818 -93.2058939997184,44.9182790002304 -93.206005000296,44.9183530004194 -93.2061089996663,44.9184330004032 -93.2062049998888,44.9185169999452 -93.2062929996846,44.9186049999678 -93.2063739999616,44.9186969995809 -93.2064450004481,44.9187929997216 -93.2065400004354,44.9189309996209</coordinates>
					</LineString>
					<LineString>
						<coordinates>-93.2065400004354,44.9189309996209 -93.2066440002531,44.9191400003755 -93.2067599996269,44.9192950002764 -93.206814999396,44.9193599999577 -93.2068639997828,44.9194140000645 -93.2069320002182,44.9194690000608 -93.2070150005829,44.9195319999603 -93.2070800003368,44.9195719997802 -93.2071539994014,44.9196139997 -93.2072239993926,44.9196460001432 -93.2072990005955,44.9196770003391 -93.207423000416,44.9197190002353 -93.2074790005859,44.9197359997169 -93.2075459998097,44.9197529998877 -93.2076570002277,44.9197700001396 -93.2079299994146,44.9197820000787 -93.2081870002667,44.9197859995968 -93.2082110002133,44.9197859999545 -93.2089210004932,44.9197859996234 -93.2101970005562,44.9197750000767 -93.2114659994314,44.9197669996221 -93.2127570003506,44.919754000152 -93.2140279996829,44.9197529999081 -93.2148399995241,44.9197409995926 -93.2154439998368,44.919726999631 -93.2158640002841,44.9197170001429 -93.2165220004381,44.9196769997885</coordinates>
					</LineString>
					<LineString>
						<coordinates>-93.2165220004381,44.9196769997885 -93.2178789996354,44.9196720001407 -93.2185579995921,44.9196719999351 -93.2187730002415,44.9196750000592 -93.2190789995817,44.9196820004062 -93.2203939998089,44.9196920002462 -93.2203940003124,44.9197729998378 -93.2203830005137,44.9198539999513 -93.2203629996888,44.9199330000703 -93.2203329994069,44.9200110004441</coordinates>
					</LineString>
					<LineString>
						<coordinates>-93.2203329994069,44.9200110004441 -93.2202290005314,44.9200790000136 -93.2200119998156,44.9201340004203 -93.2199119997913,44.9201600001124 -93.2198449995278,44.92018700024 -93.2198129997322,44.9202169999675 -93.219831999525,44.9202699999004 -93.2198370005926,44.9202770001735 -93.2198940002914,44.9203470002383 -93.2200770001524,44.9206219998668 -93.2202150000364,44.9208289998374 -93.220341000281,44.9210169996469 -93.2204960002189,44.9212500004002 -93.2205000004274,44.9212549996187 -93.220527000589,44.921274999558 -93.2205470001883,44.9212909998951 -93.2206350003806,44.9213150004318 -93.220700000315,44.9213129997114 -93.2207779995861,44.9212879996862 -93.2208150001879,44.921246000191 -93.2208429997908,44.9212110000815 -93.2208489999751,44.9211490003422 -93.2208569997007,44.9209230000307 -93.2208410003201,44.9208679996175 -93.2204190005371,44.9202539997909 -93.2203560001716,44.9200900004088 -93.2203329994069,44.9200110004441</coordinates>
					</LineString>
					<LineString>
						<coordinates>-93.2165220004381,44.9196769997885 -93.2157269997039,44.919632999773 -93.2151900002749,44.919630999881 -93.2150130000637,44.9196330004346 -93.2147840000929,44.9196350003983 -93.2140289994102,44.9196380003792 -93.2127549994925,44.9196529999191 -93.2114659997266,44.9196600002926 -93.210195999569,44.9196690000179 -93.2089219999461,44.9196800003952 -93.2082569995248,44.919685000343 -93.2079780005255,44.9196840000204 -93.2078380000347,44.9196700001329 -93.2078199998713,44.9196680002252 -93.2076569997706,44.9196450003015 -93.207564000539,44.9196260003851 -93.2074670004747,44.9195990003325 -93.2073949994236,44.9195750001979 -93.2073290004987,44.9195499997957 -93.2072539998596,44.9195170002612 -93.2071809994851,44.9194800001359 -93.2070810001176,44.9194200000588 -93.207008999856,44.9193759998112 -93.2069510004076,44.9193369999959 -93.2068430000097,44.9192370000683 -93.2067360001573,44.9191170001579 -93.2065400004354,44.9189309996209</coordinates>
					</LineString>
					<LineString>
						<coordinates>-93.1984560003025,44.9178829996891 -93.1980230001121,44.9178499998799 -93.1976369994591,44.9178429996675 -93.1969549995638,44.917838999874 -93.1959300003255,44.9178510000939 -93.1954930003156,44.9178559997431 -93.1924759997612,44.9178610000589 -93.1899079998697,44.9178739996477 -93.1889370004999,44.9178749998176 -93.1873790000242,44.9178760003243 -93.1849899999485,44.9178739995619 -93.1848310002014,44.9178740004401 -93.1823460005865,44.9178610001572 -93.182110000265,44.9179179996687</coordinates>
					</LineString>
					<LineString>
						<coordinates>-93.1771989999597,44.9179570000139 -93.1767539996691,44.9179559999137 -93.1721139997594,44.9179489995805</coordinates>
					</LineString>
					<LineString>
						<coordinates>-93.1670239996096,44.9198969998686 -93.1670240003743,44.9200909995522 -93.1670250005311,44.9206400000754</coordinates>
					</LineString>
					<LineString>
						<coordinates>-93.1670250005657,44.9260799998585 -93.1670249999372,44.9269880000873</coordinates>
					</LineString>
					<LineString>
						<coordinates>-93.1670249999372,44.9269880000873 -93.167025000343,44.9272539996739 -93.167028000447,44.92789700041</coordinates>
					</LineString>
					<LineString>
						<coordinates>-93.1670259996178,44.9342539999861 -93.1669680003857,44.9343429996687 -93.1669660003359,44.9345450000904 -93.1669620003817,44.9351660002726 -93.1669620000419,44.9351930000644 -93.1669659994269,44.9361030004441 -93.166949000486,44.9370090002679 -93.1669480001615,44.9370359997123 -93.1669470000995,44.9379439996542 -93.1669509996998,44.9383620001933 -93.1669500000396,44.9390019997473 -93.1669470000633,44.9397599997806 -93.1669470000431,44.9399520003391 -93.1670130005209,44.9400799999301</coordinates>
					</LineString>
					<LineString>
						<coordinates>-93.166996999467,44.9465620002217 -93.16700100062,44.9472560000118 -93.1670019998123,44.9473959996369</coordinates>
					</LineString>
					<LineString>
						<coordinates>-93.1670019998123,44.9473959996369 -93.1670059994191,44.9478210003437</coordinates>
					</LineString>
					<LineString>
						<coordinates>-93.1670059994191,44.9478210003437 -93.1669759995736,44.9478839997722 -93.166953000312,44.9479490000076 -93.16693599985,44.9480149996946 -93.1669269998237,44.9480820004109 -93.166921000161,44.9484349996053 -93.1669149993994,44.9493439997591 -93.1669169999904,44.950256000145 -93.1669720002561,44.9512279995945 -93.1669580002062,44.9515919999399 -93.1669530001608,44.9517310000044 -93.1669390000448,44.9520849999889 -93.1669159999416,44.9532520001946 -93.1668999995824,44.954045000005 -93.1669209996786,44.954783000123 -93.1669200003502,44.9548310002468 -93.166916000107,44.9551789999905 -93.1669110003183,44.955599000059 -93.1669100004629,44.9556840001909 -93.1669100003338,44.955736000235 -93.1669200005656,44.9565619999293 -93.166929999767,44.9574540003365 -93.16693699993,44.9583679995594 -93.1669500004985,44.959244999775 -93.1669549996023,44.9601530000067 -93.1669589994249,44.9610669995801 -93.1669720005726,44.9619670003574 -93.1669819994563,44.9628770002869 -93.1669789995061,44.9632560000196 -93.166974999422,44.964053000287 -93.1669740002583,44.9652590002819 -93.1669680001459,44.9664759996523 -93.1669709999095,44.9667909997926 -93.1669760004259,44.9675290000335 -93.1669770000558,44.9676690000597 -93.1669769995531,44.9683969999991 -93.1669759997076,44.9692810001682 -93.1669749998823,44.9693419999257 -93.1669680006265,44.9709279998267 -93.1669669998048,44.9713580003831 -93.1669640000575,44.9727909999715 -93.1669629997227,44.9735939997319 -93.1669620005542,44.9741049998051 -93.166880999891,44.974657000101 -93.1668089995015,44.9752469997488 -93.1666589999127,44.976214000263 -93.166546000577,44.9766439999634 -93.1664089998798,44.9773129997423 -93.1665610002047,44.9777579999937 -93.1668480002741,44.9785969997011 -93.1668969997641,44.9788979996242 -93.1669389998559,44.9791989998398 -93.1669730000866,44.9795010001356 -93.1669550003322,44.9806199997739 -93.1669480004728,44.9810059995934 -93.1669470002936,44.9811360001359 -93.1669319999055,44.9829719999498 -93.1669069997478,44.9845339997476 -93.1668919998155,44.985451000119 -93.1669069997332,44.9860739996188 -93.166912999638,44.9863449999616 -93.1669179999281,44.9873729999441 -93.1669289994003,44.9875680002726 -93.1669319996628,44.9877629996831 -93.1669250001783,44.9879580002 -93.1669090004409,44.9881530003609 -93.1667260005755,44.9892479997477 -93.1665140005619,44.9907680001557 -93.1665239999277,44.9916960003028 -93.1665239994382,44.9918219995773 -93.1665239996957,44.9922260003872 -93.1665240003093,44.99230200017 -93.1665230004924,44.9928110001301 -93.1664979995247,44.9953710004285 -93.1664840004509,44.9971730001329 -93.1664739999717,44.9988160004465 -93.1664720002421,44.9989749999522 -93.1664769997946,44.999337999981 -93.1664729999392,44.9997009996019 -93.1664600001498,45.0000629996007 -93.1664379997041,45.0004260002038 -93.1664080000687,45.0007879997186 -93.1663679996923,45.0020340001898 -93.1663520004102,45.0033289997926 -93.1663479997419,45.0037209997493 -93.1663559994383,45.004574000306 -93.1663699998756,45.0061770003938 -93.1663480005808,45.0078149997082 -93.1663649995159,45.0098099999288 -93.1663629997814,45.0100559999096 -93.166362000412,45.0103600004422 -93.1663610005199,45.0106590003976 -93.1663699994257,45.0108409996354 -93.1663889996396,45.0110229995994 -93.166415999628,45.0112040003881 -93.1664519994623,45.0113839996383 -93.1664969995926,45.0115640001537 -93.1665519993885,45.0117420002419 -93.1666290001257,45.0119769997979 -93.1666959994988,45.0122139997119 -93.1667539995888,45.0124520002265 -93.1668010005938,45.0126919998869 -93.1668390004474,45.0129320000649 -93.1668600005817,45.0131180001103 -93.1668750002091,45.0133410004513 -93.1668860000749,45.0134920003726</coordinates>
					</LineString>
					<LineString>
						<coordinates>-93.1668860000749,45.0134920003726 -93.166995000206,45.0135320003499 -93.1670870001405,45.0135730000024</coordinates>
					</LineString>
					<LineString>
						<coordinates>-93.1670870001405,45.0135730000024 -93.1673910003607,45.013711999775 -93.168104999556,45.0141059997045 -93.1683939994143,45.0142650004033</coordinates>
					</LineString>
					<LineString>
						<coordinates>-93.1668860000749,45.0134920003726 -93.1669190005077,45.0139739997457 -93.1669179995899,45.0140269999316 -93.166907000332,45.0140790002146 -93.1668879993673,45.0141309995864 -93.1668590005526,45.0141799997241 -93.166823000218,45.0142259998441 -93.1667779995133,45.0142690001583 -93.1667270003989,45.014306999651 -93.1666689993801,45.0143409998904 -93.1666049995952,45.0143690000793 -93.1665369998985,45.0143909999936 -93.1664659994546,45.0144080000819 -93.1663930001569,45.0144179995557 -93.1663179994979,45.0144210002153 -93.1662499996348,45.0144179998667 -93.1661829998975,45.0144079999408 -93.1661179998018,45.0143930001094 -93.1660560003348,45.0143719997086 -93.1659990003594,45.014345000339 -93.165948000285,45.014312999766 -93.165902000414,45.0142769995613 -93.1658639996391,45.0142369998766 -93.1658329995125,45.0141939995809 -93.1658100000791,45.0141479999283 -93.1657959995273,45.014100999698 -93.1657910000291,45.0140519996787 -93.1657940000157,45.0140039998605 -93.1659729995237,45.0136040003038 -93.1661439998035,45.0132319999062 -93.1662579997118,45.0133129997037 -93.1666200000066,45.0134130000408 -93.1668860000749,45.0134920003726</coordinates>
					</LineString>
				</MultiGeometry>
			</Placemark>
			<Placemark id="Metro_Transit_Routes.5">
				<Style>
					<LineStyle>
						<color>ff0000ff</color>
					</LineStyle>
					<PolyStyle>
						<fill>0</fill>
					</PolyStyle>
				</Style>
				<ExtendedData>
					<SchemaData schemaUrl="#Metro_Transit_Routes">
						<SimpleData name="OBJECTID">151</SimpleData>
						<SimpleData name="route">922</SimpleData>
						<SimpleData name="routesort">922</SimpleData>
						<SimpleData name="RouteDescription">B Line - Lake St - Selby Av - Union Depot</SimpleData>
						<SimpleData name="RouteOperator">M</SimpleData>
						<SimpleData name="EffectiveDate">2025/06/14 00:00:00+00</SimpleData>
						<SimpleData name="payleavedirectionid">2</SimpleData>
						<SimpleData name="routepayleave">0</SimpleData>
						<SimpleData name="RouteClass">BRT         </SimpleData>
						<SimpleData name="IsPublic">1</SimpleData>
						<SimpleData name="wk_ftrip">03:57:00</SimpleData>
						<SimpleData name="wk_ltrip">02:03:00</SimpleData>
						<SimpleData name="wk_span">22:06:00</SimpleData>
						<SimpleData name="wk_trip_freq">202</SimpleData>
						<SimpleData name="sat_ftrip">03:57:00</SimpleData>
						<SimpleData name="sat_ltrip">02:03:00</SimpleData>
						<SimpleData name="sat_span">22:06:00</SimpleData>
						<SimpleData name="sat_trip_freq">196</SimpleData>
						<SimpleData name="sun_ftrip">03:57:00</SimpleData>
						<SimpleData name="sun_ltrip">01:08:00</SimpleData>
						<SimpleData name="sun_span">21:11:00</SimpleData>
						<SimpleData name="sun_trip_freq">182</SimpleData>
						<SimpleData name="Shape__Length">30810.5168657447</SimpleData>
					</SchemaData>
				</ExtendedData>
				<MultiGeometry>
					<LineString>
						<coordinates>-93.3284289996162,44.9478319997649 -93.3275719999609,44.9478249999851 -93.3275889995645,44.9479839996439 -93.3276150000099,44.9480349997658 -93.3276649998311,44.9480679999234 -93.3277240002445,44.9480829999175 -93.3281670003997,44.9480790002097 -93.3282839995978,44.9480779996051 -93.3283510004067,44.9480569997442 -93.3284019997252,44.9480240002683 -93.3284139999657,44.9479789998191 -93.3284289996162,44.9478319997649</coordinates>
					</LineString>
					<LineString>
						<coordinates>-93.3284289996162,44.9478319997649 -93.3288460004457,44.947835000136 -93.3288360004228,44.9482699997591</coordinates>
					</LineString>
					<LineString>
						<coordinates>-93.3288360004228,44.9482699997591 -93.3283470001749,44.9483110002552 -93.3280600002025,44.9483329995667 -93.3280179997445,44.9483359999506 -93.3278019994756,44.9483520000733 -93.3274429996408,44.94837500025 -93.3273220002509,44.9483819995949 -93.3269459998879,44.9483930004437 -93.3265670003124,44.9483979997893 -93.3262790005104,44.9483990002963 -93.3262309995944,44.9483989996922 -93.326031000274,44.9483979999726 -93.3255250000101,44.948394999984 -93.3249879998206,44.9483949999232 -93.3242960001694,44.9483929998344 -93.3237979994764,44.9483910002081 -93.3236709997729,44.9483910001313 -93.3233940002665,44.9483889996246 -93.3229780004222,44.9483849997975 -93.3218490000158,44.9483519999149 -93.3212299999392,44.9483449999333 -93.3206160003464,44.9483420001553 -93.3193699995985,44.9483389999986 -93.3189000002079,44.9483359996045 -93.3183069995678,44.9483360002598 -93.3179150005989,44.9483370003285 -93.3171769996032,44.9485979996394 -93.3164770002099,44.9488410000761 -93.3160639999584,44.9489749999546 -93.3154129999602,44.9491850000058 -93.3137880002511,44.9497090002775 -93.3131679996945,44.949904000404 -93.3126959994018,44.9500720000971 -93.3121049999598,44.9502599996894 -93.3117799997703,44.9503510001902 -93.3116380003553,44.9503850003529 -93.3115239998713,44.9504100002789 -93.3113669996795,44.9504369996524 -93.31118299986,44.9504599998734 -93.311042999597,44.9504689997777 -93.3108930006293,44.9504769996006 -93.3107030000031,44.9504790001997 -93.3104760002838,44.9504689996765 -93.3103179995132,44.9504530004439 -93.3101179994271,44.9504229999012 -93.3099750005238,44.9503979997591 -93.3098329994849,44.9503650002482 -93.3096500003105,44.9503120003452 -93.3094299996764,44.9502410000722 -93.3092550000147,44.9501740004447 -93.3090140000781,44.9500780000443 -93.3085880002882,44.9499000002674 -93.3081419995524,44.9497190002823 -93.3075189996906,44.9494580000406 -93.3068120002108,44.9491650002951 -93.3057400002581,44.9486239999213 -93.3054679998779,44.9484970000622 -93.3053939997046,44.9484659997044 -93.3053170000017,44.9484389997087 -93.3052369997196,44.9484170001953 -93.3051540003323,44.9484010003771 -93.3050690004991,44.9483900001571 -93.3049840005537,44.9483839995903 -93.3049760001817,44.948383000127 -93.3046470003668,44.9483779999099 -93.3033749996266,44.9483659997085 -93.3021190005468,44.9483660003015 -93.3008379994201,44.9483649997088 -93.299550999556,44.9483620002352 -93.2982889994947,44.9483619996516 -93.2979770002019,44.9483629995686 -93.2970100004941,44.9483649999954 -93.2957530002461,44.9483690002872 -93.2944620005616,44.9483529999296 -93.293192999665,44.9483630001245</coordinates>
					</LineString>
					<LineString>
						<coordinates>-93.293192999665,44.9483630001245 -93.2919169996472,44.9483589996825 -93.2906539993796,44.9483629996965 -93.2893790006171,44.9483669999421</coordinates>
					</LineString>
					<LineString>
						<coordinates>-93.2893790006171,44.9483669999421 -93.2880930001408,44.9483650003641</coordinates>
					</LineString>
					<LineString>
						<coordinates>-93.2880930001408,44.9483650003641 -93.2879189997832,44.9483649998653 -93.2868149994448,44.9483680001385</coordinates>
					</LineString>
					<LineString>
						<coordinates>-93.2868149994448,44.9483680001385 -93.2855569997,44.9483589998381 -93.2842970000558,44.9483589998702 -93.283012000264,44.948355999876 -93.2813600002282,44.9483539999919 -93.2796880003992,44.9483410004308</coordinates>
					</LineString>
					<LineString>
						<coordinates>-93.2796880003992,44.9483410004308 -93.2779189994481,44.9483590002583</coordinates>
					</LineString>
					<LineString>
						<coordinates>-93.2779189994481,44.9483590002583 -93.2777459995326,44.9483579997061 -93.2766839994164,44.9483580002664</coordinates>
					</LineString>
					<LineString>
						<coordinates>-93.2766839994164,44.9483580002664 -93.2753900000058,44.9483540001044 -93.2751920005137,44.9483540002743 -93.2748900003906,44.9483540002201 -93.2747909993751,44.9483539999176 -93.2747499997387,44.9483540004382 -93.2746990005646,44.9483549999141 -93.2745949996301,44.9483559998886</coordinates>
					</LineString>
					<LineString>
						<coordinates>-93.2745949996301,44.9483559998886 -93.2743949994712,44.9483570000096 -93.2741139998865,44.9483589999027</coordinates>
					</LineString>
					<LineString>
						<coordinates>-93.2741139998865,44.9483589999027 -93.2728509998346,44.9483509995937 -93.2715940000301,44.94835699978 -93.2703079994948,44.9483539996535 -93.270134000441,44.9483539999606 -93.2695859999506,44.9483540003627 -93.2690249996943,44.9483539999521 -93.2677580006024,44.9483500000425 -93.2664839995621,44.9483479999609 -93.2652270005525,44.9483509999118 -93.263937000553,44.9483489995695</coordinates>
					</LineString>
					<LineString>
						<coordinates>-93.263937000553,44.9483489995695 -93.2628969996759,44.9483560001809 -93.2626719999653,44.9483570004091</coordinates>
					</LineString>
					<LineString>
						<coordinates>-93.2626719999653,44.9483570004091 -93.261399000467,44.9483619997741 -93.2601250000949,44.9483609999923 -93.2588629999284,44.9483590000848 -93.2575920004838,44.9483660004381 -93.2563129998487,44.9483660001398 -93.25506199974,44.9483650002797 -93.2537769998146,44.9483699999981</coordinates>
					</LineString>
					<LineString>
						<coordinates>-93.2537769998146,44.9483699999981 -93.2525000000277,44.9483710003848</coordinates>
					</LineString>
					<LineString>
						<coordinates>-93.2525000000277,44.9483710003848 -93.2521239993911,44.948371000191 -93.2512290001364,44.9483700000535</coordinates>
					</LineString>
					<LineString>
						<coordinates>-93.2512290001364,44.9483700000535 -93.2499629995225,44.9483730003338 -93.2486810004559,44.9483699999732</coordinates>
					</LineString>
					<LineString>
						<coordinates>-93.2486810004559,44.9483699999732 -93.2474089999822,44.9483679996928</coordinates>
					</LineString>
					<LineString>
						<coordinates>-93.2474089999822,44.9483679996928 -93.2471900005296,44.9483680004067 -93.2461220004207,44.9483679998127 -93.2448700003431,44.9483699997578 -93.2436239999593,44.9483689998152 -93.2423180000061,44.9483670000509 -93.2403220003537,44.9483699996941</coordinates>
					</LineString>
					<LineString>
						<coordinates>-93.2403220003537,44.9483699996941 -93.2401919998609,44.948313999815 -93.239620000622,44.9483069996555 -93.2391649995356,44.9483080002193 -93.2388889994985,44.9483090000695 -93.2388170004324,44.9483080001938 -93.2387310005147,44.9483079999571 -93.2382530003604,44.9483050003585 -93.2380500004828,44.9483059998008 -93.2377290001266,44.9483069997171 -93.2375469998073,44.9483070003377 -93.2372280004223,44.9483059998385 -93.2366480004814,44.9483040002284 -93.2363979995584,44.9483079999654 -93.2361129998313,44.9483069997859 -93.2360190003284,44.9483690000855</coordinates>
					</LineString>
					<LineString>
						<coordinates>-93.2360190003284,44.9483690000855 -93.2342809995764,44.9483740000603</coordinates>
					</LineString>
					<LineString>
						<coordinates>-93.2342809995764,44.9483740000603 -93.2340289995857,44.9483750001427 -93.233174999948,44.9483780000389</coordinates>
					</LineString>
					<LineString>
						<coordinates>-93.233174999948,44.9483780000389 -93.2315869993876,44.9483690002112 -93.2299989998359,44.9483760000777 -93.2284150001177,44.9483800001005 -93.2270849997084,44.9483759999178</coordinates>
					</LineString>
					<LineString>
						<coordinates>-93.2270849997084,44.9483759999178 -93.2268989995923,44.9483750004012 -93.2256959998704,44.9483670003188</coordinates>
					</LineString>
					<LineString>
						<coordinates>-93.2256959998704,44.9483670003188 -93.2243220005087,44.9483710000761 -93.22293699987,44.948369000438 -93.2216520004488,44.9483650003637</coordinates>
					</LineString>
					<LineString>
						<coordinates>-93.2216520004488,44.9483650003637 -93.220377000509,44.9483640002131</coordinates>
					</LineString>
					<LineString>
						<coordinates>-93.220377000509,44.9483640002131 -93.220178999671,44.9483620001823 -93.219102999511,44.9483550000291</coordinates>
					</LineString>
					<LineString>
						<coordinates>-93.219102999511,44.9483550000291 -93.2178349998477,44.9483520001318 -93.2165579996075,44.9483579998321 -93.2152680000253,44.9483339997562 -93.2140060006021,44.9483480003437 -93.2127230001486,44.9483550000361 -93.2114630004345,44.9483559996022 -93.2113820001958,44.9483549999967 -93.2101760004389,44.948344000049</coordinates>
					</LineString>
					<LineString>
						<coordinates>-93.2101760004389,44.948344000049 -93.2100209995384,44.9483449999562 -93.2088949996109,44.9483530001139</coordinates>
					</LineString>
					<LineString>
						<coordinates>-93.2088949996109,44.9483530001139 -93.2087560005615,44.9483450003313 -93.207625999946,44.9483519996677 -93.206387999735,44.9483440002571 -93.2051850000591,44.9483820004366 -93.2024860003739,44.9483840000128 -93.2018039993949,44.9483899998308 -93.1996710001418,44.9483899996338 -93.1993970000623,44.9483890002221</coordinates>
					</LineString>
					<LineString>
						<coordinates>-93.1993970000623,44.9483890002221 -93.1978660004511,44.9483769996302</coordinates>
					</LineString>
					<LineString>
						<coordinates>-93.1978660004511,44.9483769996302 -93.19761500021,44.9483739999558 -93.1963399995727,44.9483560003176</coordinates>
					</LineString>
					<LineString>
						<coordinates>-93.1963399995727,44.9483560003176 -93.1949889999575,44.9483600001136</coordinates>
					</LineString>
					<LineString>
						<coordinates>-93.1949889999575,44.9483600001136 -93.1926829441086,44.9483659152219</coordinates>
					</LineString>
					<LineString>
						<coordinates>-93.1926829441086,44.9483659152219 -93.1926499993994,44.9483659996065 -93.192427000049,44.948367000299</coordinates>
					</LineString>
					<LineString>
						<coordinates>-93.192427000049,44.948367000299 -93.1898949997572,44.9483740002563</coordinates>
					</LineString>
					<LineString>
						<coordinates>-93.1898949997572,44.9483740002563 -93.1873469998158,44.9483810000315</coordinates>
					</LineString>
					<LineString>
						<coordinates>-93.1873469998158,44.9483810000315 -93.1870959998682,44.9483830003595 -93.185749999732,44.948395999907</coordinates>
					</LineString>
					<LineString>
						<coordinates>-93.185749999732,44.948395999907 -93.1841319999322,44.9484030004214 -93.1827170002736,44.9483980003127 -93.1807220003965,44.9484010000367 -93.1785379997063,44.9484040003745</coordinates>
					</LineString>
					<LineString>
						<coordinates>-93.1785379997063,44.9484040003745 -93.1773560000384,44.9484059996151</coordinates>
					</LineString>
					<LineString>
						<coordinates>-93.1773560000384,44.9484059996151 -93.1771679996035,44.9484059997509 -93.1746589998235,44.9484129998164 -93.1740280001895,44.9484150001155</coordinates>
					</LineString>
					<LineString>
						<coordinates>-93.1740280001895,44.9484150001155 -93.1739939996399,44.9483949999437 -93.1733750000902,44.9483949997102 -93.1726850006204,44.9483949999763 -93.1726319997735,44.9484190002449</coordinates>
					</LineString>
					<LineString>
						<coordinates>-93.1726319997735,44.9484190002449 -93.1721529999654,44.9484199996523</coordinates>
					</LineString>
					<LineString>
						<coordinates>-93.1721529999654,44.9484199996523 -93.171952000592,44.9483910000179 -93.1713510000365,44.9483900002983 -93.1708159996563,44.9484240002569</coordinates>
					</LineString>
					<LineString>
						<coordinates>-93.1708159996563,44.9484240002569 -93.1690860005883,44.9484289998316 -93.16708700021,44.9484339997931</coordinates>
					</LineString>
					<LineString>
						<coordinates>-93.16708700021,44.9484339997931 -93.1670779993936,44.9480929997109 -93.1670690005095,44.948023999862 -93.1670540006276,44.9479549997876 -93.167033000135,44.9478869996082 -93.1670059994191,44.9478210003437</coordinates>
					</LineString>
					<LineString>
						<coordinates>-93.1670059994191,44.9478210003437 -93.1670040003143,44.9475599998571 -93.1670019998123,44.9473959996369</coordinates>
					</LineString>
					<LineString>
						<coordinates>-93.1670019998123,44.9473959996369 -93.166996999467,44.9465620002217</coordinates>
					</LineString>
					<LineString>
						<coordinates>-93.166996999467,44.9465620002217 -93.1644510005386,44.9465830001911 -93.1634119995975,44.9465910000335 -93.1618820006303,44.9466009999419 -93.1614069996646,44.9466060004163 -93.1570219998334,44.9466490002014 -93.1568080004142,44.9466510001111</coordinates>
					</LineString>
					<LineString>
						<coordinates>-93.1568080004142,44.9466510001111 -93.156620000269,44.9466490003814</coordinates>
					</LineString>
					<LineString>
						<coordinates>-93.156620000269,44.9466490003814 -93.1562270002277,44.9466459999681 -93.1542749998717,44.9466300004409</coordinates>
					</LineString>
					<LineString>
						<coordinates>-93.1542749998717,44.9466300004409 -93.151718999487,44.946625999754 -93.1491860002966,44.9466220000377 -93.14671099983,44.9466190003024 -93.1465559999142,44.9466180002451 -93.1464280001641,44.9466179996938</coordinates>
					</LineString>
					<LineString>
						<coordinates>-93.1464280001641,44.9466179996938 -93.1440860005538,44.9466129999712</coordinates>
					</LineString>
					<LineString>
						<coordinates>-93.1440860005538,44.9466129999712 -93.1415419998163,44.9466059999595 -93.1390049994514,44.9465989995729</coordinates>
					</LineString>
					<LineString>
						<coordinates>-93.1390049994514,44.9465989995729 -93.1365810003074,44.9466040000701 -93.1364539994676,44.9466039997483</coordinates>
					</LineString>
					<LineString>
						<coordinates>-93.1364539994676,44.9466039997483 -93.1348099995264,44.9465919999597 -93.1331869994608,44.9465859995696 -93.1313670003971,44.9465790002168 -93.1288230006129,44.9465790004089</coordinates>
					</LineString>
					<LineString>
						<coordinates>-93.1288230006129,44.9465790004089 -93.126715999752,44.9465720000555 -93.1262810003997,44.9465700000215</coordinates>
					</LineString>
					<LineString>
						<coordinates>-93.1262810003997,44.9465700000215 -93.1237420004726,44.9465700003293 -93.1212829995268,44.9465699996935 -93.1186789994727,44.9465690004373</coordinates>
					</LineString>
					<LineString>
						<coordinates>-93.1186789994727,44.9465690004373 -93.1181559994922,44.9465660004323 -93.1161070000317,44.9465540002684</coordinates>
					</LineString>
					<LineString>
						<coordinates>-93.1161070000317,44.9465540002684 -93.1147659999748,44.9465519997683</coordinates>
					</LineString>
					<LineString>
						<coordinates>-93.1147659999748,44.9465519997683 -93.1134050003404,44.9465509999062 -93.1119409996352,44.9465479999635 -93.1095679994485,44.9465439998415 -93.1081009999029,44.9465429997086</coordinates>
					</LineString>
					<LineString>
						<coordinates>-93.1081009999029,44.9465429997086 -93.1080500002457,44.9466119997891 -93.1080069997199,44.9466819996065 -93.1079740004736,44.9467560003485 -93.1079490004142,44.9468309999442 -93.1079339998779,44.9469070001094 -93.1078670005569,44.9475700003727 -93.1078520004976,44.94768499993 -93.1078219994874,44.9478530003832 -93.1077849997001,44.9480189999808 -93.107775000105,44.9480540002331 -93.1077390000689,44.9481839998269 -93.1076610000193,44.948315999645 -93.1075740000112,44.9484450003129 -93.1074800003554,44.9485709999278 -93.1071729994257,44.9489619999532 -93.1062120005357,44.9484559999718 -93.1055619995374,44.948128000446 -93.1054169997375,44.9480579997149 -93.1052779997802,44.9479829998529 -93.1051439995079,44.9479030000021 -93.1050170005371,44.9478180001396 -93.1048959996149,44.9477270001865 -93.1047819998367,44.9476329996115 -93.1047140004067,44.9475529998912 -93.1046519999372,44.9474690004396 -93.1045979998288,44.9473829996806 -93.1045529996665,44.9472940001876 -93.1045150001935,44.9472040004468 -93.1044850002667,44.9471130004517 -93.1044039995446,44.9468579998098 -93.1043549996154,44.9467040003531 -93.1043430003461,44.9466689997885 -93.1041519997872,44.9460729996013 -93.1039169996247,44.9453390003809 -93.1037610005829,44.9454459997362</coordinates>
					</LineString>
					<LineString>
						<coordinates>-93.1037610005829,44.9454459997362 -93.1031749996914,44.9459219999354</coordinates>
					</LineString>
					<LineString>
						<coordinates>-93.1031749996914,44.9459219999354 -93.1029850002922,44.9460769997623</coordinates>
					</LineString>
					<LineString>
						<coordinates>-93.1029850002922,44.9460769997623 -93.1027830003109,44.9462410003808 -93.1024830000033,44.9464859996147</coordinates>
					</LineString>
					<LineString>
						<coordinates>-93.1024830000033,44.9464859996147 -93.1017339998933,44.9459729999824 -93.1015510003767,44.9459369999605 -93.1014819994468,44.9458769998572 -93.1014089996096,44.945820000033 -93.1013130000692,44.9457539996487 -93.10121099939,44.9456919995953 -93.1011039999433,44.9456360001174 -93.1009949995593,44.9455860003505 -93.1008830006165,44.9455420002701 -93.1007669999422,44.9455029997285 -93.1006480001776,44.9454689996304 -93.1005260005074,44.9454410000913 -93.1004010004204,44.9454180000778 -93.1002749998182,44.9454019998724 -93.0975620006059,44.9451200003658 -93.0970059994059,44.9451320001648 -93.0966229995207,44.9451399999594 -93.0958419999922,44.9451620000255 -93.095637000225,44.9451420001624 -93.0954519997634,44.9451950003636 -93.0944539993949,44.9456910003459 -93.0932020001243,44.9462639998102 -93.0928389997033,44.9464439999648 -93.0920459998702,44.9468349997334 -93.0908200002683,44.9474159998103 -93.0903090001459,44.9476590002366 -93.0894860002886,44.9480490003405 -93.0881239993763,44.9487129998469</coordinates>
					</LineString>
					<LineString>
						<coordinates>-93.0881239993763,44.9487129998469 -93.0869680003246,44.9492600000803 -93.0864130006123,44.9486799997192 -93.0862279996621,44.9484860004053 -93.0862020004584,44.9484599997225 -93.0854669995666,44.9477090003743</coordinates>
					</LineString>
					<LineString>
						<coordinates>-93.0854669995666,44.9477090003743 -93.0843240006192,44.9482579995666 -93.0836170002286,44.9486250002227 -93.0832509997201,44.948125999922 -93.0832780005789,44.9480620002467 -93.0834039999734,44.9479949999548 -93.0840630000116,44.9477069997605 -93.0841280002928,44.9476789997525</coordinates>
					</LineString>
					<LineString>
						<coordinates>-93.0841280002928,44.9476789997525 -93.0842459996733,44.9476280000939 -93.0848299993858,44.947313999834 -93.0848809997905,44.9472890002619</coordinates>
					</LineString>
					<LineString>
						<coordinates>-93.0857320001987,44.9471689997259 -93.0852330000521,44.9474160004432 -93.0845200001101,44.9477540004398 -93.0843639997126,44.9477999999347 -93.0842219995989,44.9477389999911 -93.0841280002928,44.9476789997525</coordinates>
					</LineString>
					<LineString>
						<coordinates>-93.0854669995666,44.9477090003743 -93.0860489998244,44.947419000146 -93.0866729997969,44.9471409998604 -93.0868040005413,44.9473129999304 -93.0873449994529,44.9479109997583 -93.0873660001131,44.9479350001597 -93.0874979996538,44.9480709996052 -93.0881239993763,44.9487129998469</coordinates>
					</LineString>
					<LineString>
						<coordinates>-93.0881239993763,44.9487129998469 -93.088904999857,44.949515000153 -93.0902519999097,44.9488749999379 -93.0905390004205,44.9487389999657 -93.0916200005732,44.9482239997691 -93.0928239995545,44.9476510001558 -93.0931360000835,44.947501999607 -93.0939559995439,44.9471109998132 -93.0939759993713,44.9471020002499 -93.0952420004753,44.946498000281 -93.0962639997117,44.9460109995761 -93.0964950004069,44.9460319998738 -93.0968850000811,44.946068000016 -93.0972560001673,44.9461010002331 -93.0974179996618,44.9461159999481 -93.0996040005506,44.9463079997281 -93.1003609998245,44.9463749997395 -93.1005470002088,44.9463920002747 -93.1007180001301,44.9464069999864 -93.1023269995284,44.9466040001514 -93.1024830000033,44.9464859996147</coordinates>
					</LineString>
					<LineString>
						<coordinates>-93.1024830000033,44.9464859996147 -93.1029850002922,44.9460769997623</coordinates>
					</LineString>
					<LineString>
						<coordinates>-93.1031749996914,44.9459219999354 -93.1035020004638,44.9456559996992 -93.1037610005829,44.9454459997362</coordinates>
					</LineString>
					<LineString>
						<coordinates>-93.1037610005829,44.9454459997362 -93.1040089996463,44.9462340004077 -93.1041779997054,44.9467689998454 -93.104196000112,44.9468279997186 -93.1042470005659,44.9469900002029 -93.1043140000107,44.9472010002028 -93.1043520000761,44.9472949996038 -93.1043989998942,44.9473879996425 -93.1044540000659,44.9474790001982 -93.1045170000745,44.9475670002364 -93.1045890001113,44.9476519997281 -93.1046670004279,44.947733000382 -93.1047529993792,44.9478109995764 -93.1048459995173,44.9478839997625 -93.1049460001301,44.9479530001473 -93.1054510000651,44.9482259998537 -93.1070849998618,44.9490719997314 -93.1072769996392,44.9491810004068 -93.1073689996832,44.9490729996688 -93.1076720002745,44.9487260002176 -93.1077529998759,44.9486230002464 -93.1078270005245,44.9485180002762 -93.1078930001994,44.9484100002435 -93.1079509995426,44.9483000002848 -93.1079660005559,44.9482659999149 -93.1080009998613,44.9481880004109 -93.1080389995418,44.9480869997203 -93.1080689996552,44.9479850001604 -93.1080899994613,44.9478809998607 -93.1081030003942,44.9477769999253 -93.108107000455,44.9476720002819 -93.1081029998056,44.9475680002314 -93.1080899996445,44.9474629995714 -93.108068999476,44.9473600004239 -93.1080460000298,44.9472439997561 -93.1080330003576,44.9471270003012 -93.1080280000894,44.9470090003541 -93.1080329994276,44.9468920000713 -93.1080459999415,44.9467750003183 -93.1080689999487,44.9466590002253 -93.1081009999029,44.9465429997086</coordinates>
					</LineString>
					<LineString>
						<coordinates>-93.1147659999748,44.9465519997683 -93.1159330000696,44.9465539996927 -93.1161070000317,44.9465540002684</coordinates>
					</LineString>
					<LineString>
						<coordinates>-93.1161070000317,44.9465540002684 -93.1186789994727,44.9465690004373</coordinates>
					</LineString>
					<LineString>
						<coordinates>-93.1262810003997,44.9465700000215 -93.126531999884,44.9465709995933 -93.1288230006129,44.9465790004089</coordinates>
					</LineString>
					<LineString>
						<coordinates>-93.1364539994676,44.9466039997483 -93.1367129995054,44.9466030004452 -93.1390049994514,44.9465989995729</coordinates>
					</LineString>
					<LineString>
						<coordinates>-93.1440860005538,44.9466129999712 -93.1464059994753,44.9466179999934 -93.1464280001641,44.9466179996938</coordinates>
					</LineString>
					<LineString>
						<coordinates>-93.1542749998717,44.9466300004409 -93.156620000269,44.9466490003814</coordinates>
					</LineString>
					<LineString>
						<coordinates>-93.156620000269,44.9466490003814 -93.1566419998863,44.9466500000397 -93.1568080004142,44.9466510001111</coordinates>
					</LineString>
					<LineString>
						<coordinates>-93.166996999467,44.9465620002217 -93.16700100062,44.9472560000118 -93.1670019998123,44.9473959996369</coordinates>
					</LineString>
					<LineString>
						<coordinates>-93.1670019998123,44.9473959996369 -93.1670059994191,44.9478210003437</coordinates>
					</LineString>
					<LineString>
						<coordinates>-93.1670059994191,44.9478210003437 -93.1669759995736,44.9478839997722 -93.166953000312,44.9479490000076 -93.16693599985,44.9480149996946 -93.1669269998237,44.9480820004109 -93.166921000161,44.9484349996053 -93.16708700021,44.9484339997931</coordinates>
					</LineString>
					<LineString>
						<coordinates>-93.1708159996563,44.9484240002569 -93.171351999809,44.948463999821 -93.1719670005679,44.9484609995668 -93.1721529999654,44.9484199996523</coordinates>
					</LineString>
					<LineString>
						<coordinates>-93.1726319997735,44.9484190002449 -93.1726840005592,44.9484500001684 -93.1733739994204,44.9484499999093 -93.1739980004519,44.9484499997299 -93.1740280001895,44.9484150001155</coordinates>
					</LineString>
					<LineString>
						<coordinates>-93.1773560000384,44.9484059996151 -93.177418999821,44.948405999884 -93.1785379997063,44.9484040003745</coordinates>
					</LineString>
					<LineString>
						<coordinates>-93.185749999732,44.948395999907 -93.1873469998158,44.9483810000315</coordinates>
					</LineString>
					<LineString>
						<coordinates>-93.1873469998158,44.9483810000315 -93.1875980004696,44.9483800001742 -93.1898949997572,44.9483740002563</coordinates>
					</LineString>
					<LineString>
						<coordinates>-93.192427000049,44.948367000299 -93.1926829441086,44.9483659152219</coordinates>
					</LineString>
					<LineString>
						<coordinates>-93.1926829441086,44.9483659152219 -93.192898999541,44.948364999575 -93.1949889999575,44.9483600001136</coordinates>
					</LineString>
					<LineString>
						<coordinates>-93.1963399995727,44.9483560003176 -93.1978660004511,44.9483769996302</coordinates>
					</LineString>
					<LineString>
						<coordinates>-93.1978660004511,44.9483769996302 -93.1981169998176,44.9483790004314 -93.1993970000623,44.9483890002221</coordinates>
					</LineString>
					<LineString>
						<coordinates>-93.2088949996109,44.9483530001139 -93.2100289996821,44.9483449996471 -93.2101760004389,44.948344000049</coordinates>
					</LineString>
					<LineString>
						<coordinates>-93.219102999511,44.9483550000291 -93.220377000509,44.9483640002131</coordinates>
					</LineString>
					<LineString>
						<coordinates>-93.220377000509,44.9483640002131 -93.2206280005396,44.9483639999026 -93.2216520004488,44.9483650003637</coordinates>
					</LineString>
					<LineString>
						<coordinates>-93.2256959998704,44.9483670003188 -93.2269139997128,44.9483750003052 -93.2270849997084,44.9483759999178</coordinates>
					</LineString>
					<LineString>
						<coordinates>-93.233174999948,44.9483780000389 -93.2340359995579,44.9483750002014 -93.2342809995764,44.9483740000603</coordinates>
					</LineString>
					<LineString>
						<coordinates>-93.2360190003284,44.9483690000855 -93.2361589994839,44.9484320002055 -93.236790999817,44.9484339998179 -93.2373129996178,44.9484360004111 -93.2376200004171,44.9484340000628 -93.2380050005347,44.9484340004479 -93.2381350005377,44.9484330002902 -93.2383390001023,44.9484329996341 -93.2387339998019,44.9484340002212 -93.2388969996741,44.9484339996475 -93.2389700000002,44.948433999955 -93.2397409998629,44.9484360001758 -93.2402180002681,44.9484369999036 -93.2403220003537,44.9483699996941</coordinates>
					</LineString>
					<LineString>
						<coordinates>-93.2474089999822,44.9483679996928 -93.2475830003489,44.9483679997986 -93.2486810004559,44.9483699999732</coordinates>
					</LineString>
					<LineString>
						<coordinates>-93.2512290001364,44.9483700000535 -93.2525000000277,44.9483710003848</coordinates>
					</LineString>
					<LineString>
						<coordinates>-93.2525000000277,44.9483710003848 -93.2529219999307,44.9483710001018 -93.2537769998146,44.9483699999981</coordinates>
					</LineString>
					<LineString>
						<coordinates>-93.2626719999653,44.9483570004091 -93.2629770003765,44.9483550004118 -93.263937000553,44.9483489995695</coordinates>
					</LineString>
					<LineString>
						<coordinates>-93.2741139998865,44.9483589999027 -93.2745949996301,44.9483559998886</coordinates>
					</LineString>
					<LineString>
						<coordinates>-93.2766839994164,44.9483580002664 -93.2779189994481,44.9483590002583</coordinates>
					</LineString>
					<LineString>
						<coordinates>-93.2779189994481,44.9483590002583 -93.2780930002705,44.948357000442 -93.2796880003992,44.9483410004308</coordinates>
					</LineString>
					<LineString>
						<coordinates>-93.2868149994448,44.9483680001385 -93.2880930001408,44.9483650003641</coordinates>
					</LineString>
					<LineString>
						<coordinates>-93.2880930001408,44.9483650003641 -93.2882660003194,44.9483650004218 -93.2893790006171,44.9483669999421</coordinates>
					</LineString>
					<LineString>
						<coordinates>-93.293192999665,44.9483630001245 -93.2932489999456,44.9485070001236 -93.2933490004643,44.948687000441 -93.2935179993815,44.9488250000197 -93.2937029996464,44.9489219999551 -93.2939810003285,44.9490199998069 -93.2944559994066,44.9491619998583 -93.2947880001434,44.9492050002608 -93.2957320002377,44.9492539998688 -93.2970019998317,44.949253999803 -93.29828200041,44.9492570003723 -93.2985100000134,44.9492579998091 -93.2995559999598,44.9492599996353 -93.3008190000664,44.9492630001564 -93.302095000312,44.9492590000714 -93.303356999742,44.9492590000074 -93.3049739996144,44.9492559995989 -93.3051389997241,44.9492339999525 -93.3051910000451,44.9492250003267 -93.3053029993998,44.9492060002029 -93.3054639994774,44.9491720003003 -93.3055679995049,44.9491469998685 -93.3056739999802,44.9491280001277 -93.3057819996622,44.9491150001755 -93.3058909996608,44.9491079999812 -93.3060010000145,44.949107000442 -93.3061100003682,44.9491119997151 -93.3062179997447,44.9491239997295 -93.3063250002202,44.9491410002362 -93.3064300006092,44.9491640004466 -93.3065320004983,44.9491920002276 -93.3066299999721,44.9492259996942 -93.3067250005193,44.9492659997679 -93.3067419995004,44.9492740001069 -93.3078169997539,44.9497029997532 -93.3080929996117,44.9498179997289 -93.3085039995854,44.9500059998953 -93.3090160005706,44.9502200003901 -93.3091660003577,44.9502799996878 -93.3093510004198,44.9503489996143 -93.3094399994526,44.9503799999688 -93.3095440001411,44.9504139995715 -93.3097309994374,44.9504679997202 -93.3098580003099,44.9505019996702 -93.310018999443,44.9505349997906 -93.3101149994044,44.9505500002517 -93.3102210002929,44.9505649995722 -93.3103389993882,44.9505780001531 -93.3104689998538,44.9505910003939 -93.3106020003517,44.9505979996921 -93.3107349999136,44.9506020002696 -93.3108849999222,44.9505999995884 -93.311016999517,44.950596999899 -93.3111339998801,44.950587000452 -93.311257999766,44.9505749995669 -93.311494000112,44.9505420002092 -93.3116080006202,44.9505199997822 -93.3117320002054,44.9504930001403 -93.3119980001848,44.9504239998446 -93.3124649996313,44.9502820001213 -93.313715000236,44.9498790002933 -93.3138680001724,44.9498369996363 -93.3155020006113,44.9493190002175 -93.3163060004586,44.9490610003975 -93.3165240004635,44.9489909999246 -93.3173109996864,44.9486959995643 -93.317656999642,44.9485709999166 -93.3182040003029,44.9484779996244 -93.3183039995826,44.9484650002177 -93.318393000054,44.9484589998431 -93.3187600005457,44.9484500003092 -93.3190979995093,44.9484489997 -93.319893000463,44.948453999748 -93.3206169995698,44.948454999577 -93.3208789999231,44.9484560002289 -93.3216169998219,44.9484609998827 -93.322306999934,44.948467999959 -93.3232719999422,44.9484750000489 -93.3235439998557,44.9484740002425 -93.3241979994381,44.9484750001181 -93.3245250001512,44.9484759996107 -93.3249899998794,44.9484720001221 -93.3253559999549,44.9484729996745 -93.3262320003858,44.9484790003929 -93.3262789999177,44.9484790002567 -93.3264930001615,44.9484789999022 -93.3268940002316,44.9484799997845 -93.327450000196,44.9484790001991 -93.3277879998798,44.9484730002583 -93.3288309998477,44.9484490002154 -93.3288360004228,44.9482699997591</coordinates>
					</LineString>
				</MultiGeometry>
			</Placemark>
		</Folder>
	</Document>
</kml>